"","brand","firm","model","class","body","fueltype","year","quantity","price","fueleff","kw","cylinders","weight","footprint","hh"
"1","Abarth","FCA","124 Spider","Untere Mittelklasse (z.B. Golf)","Roadster","gasoline",2016,178,38,6.4,12.5,4,1.135,7.0905,40959000
"2","Abarth","FCA","124 Spider","Untere Mittelklasse (z.B. Golf)","Roadster","gasoline",2017,632,38,6.4,12.5,4,1.135,7.0905,41303000
"3","Abarth","FCA","500/595/695","Kleinstwagen (z.B. Twingo)","Schrägheck","gasoline",2015,189,19.15,6.5,10.3,4,1.12,5.949939,40775000
"4","Abarth","FCA","500/595/695","Kleinstwagen (z.B. Twingo)","Schrägheck","gasoline",2016,352,19.15,6.5,10.3,4,1.12,5.949939,40959000
"5","Abarth","FCA","500/595/695","Kleinstwagen (z.B. Twingo)","Schrägheck","gasoline",2015,375,24.9,5.9,13.2,4,1.145,5.949939,40775000
"6","Abarth","FCA","500/595/695","Kleinstwagen (z.B. Twingo)","Schrägheck","gasoline",2016,431,24.9,5.9,13.2,4,1.145,5.949939,40959000
"7","Abarth","FCA","500C/595C","Kleinstwagen (z.B. Twingo)","Schrägheck","gasoline",2012,300,19.49,6.5,10.3,4,1.12,5.949939,39708000
"8","Abarth","FCA","500C/595C","Kleinstwagen (z.B. Twingo)","Schrägheck","gasoline",2013,105,19.49,6.5,10.3,4,1.12,5.949939,39931000
"9","Abarth","FCA","500C/595C","Kleinstwagen (z.B. Twingo)","Schrägheck","gasoline",2013,435,23.725,6.5,11.8,4,1.12,5.949939,39931000
"10","Abarth","FCA","500C/595C","Kleinstwagen (z.B. Twingo)","Schrägheck","gasoline",2014,623,23.725,6.5,11.8,4,1.12,5.949939,40224000
"11","Abarth","FCA","500C/595C","Kleinstwagen (z.B. Twingo)","Schrägheck","gasoline",2015,838,23.725,6.5,11.8,4,1.12,5.949939,40775000
"12","Abarth","FCA","500C/595C","Kleinstwagen (z.B. Twingo)","Schrägheck","gasoline",2016,353,23.725,6.5,11.8,4,1.12,5.949939,40959000
"13","Abarth","FCA","500C/595C","Kleinstwagen  (z.B. Twingo)","Schrägheck","gasoline",2012,713,18.77,6.5,9.9,4,1.135,5.949939,39708000
"14","Abarth","FCA","500C/595C","Kleinstwagen  (z.B. Twingo)","Schrägheck","gasoline",2013,465,18.77,6.5,9.9,4,1.135,5.949939,39931000
"15","Abarth","FCA","500C/595C","Kleinstwagen  (z.B. Twingo)","Schrägheck","gasoline",2014,383,18.77,6.5,9.9,4,1.135,5.949939,40224000
"16","Abarth","FCA","500C/595C","Kleinstwagen  (z.B. Twingo)","Schrägheck","gasoline",2015,349,18.77,6.5,9.9,4,1.135,5.949939,40775000
"17","Abarth","FCA","595C/695C","Kleinstwagen  (z.B. Twingo)","Schrägheck","gasoline",2016,463,20.44,6.25,10.7,4,1.135,5.95482,40959000
"18","Abarth","FCA","595C/695C","Kleinstwagen  (z.B. Twingo)","Schrägheck","gasoline",2017,951,20.54,6.5,10.7,4,1.135,5.95482,41303000
"19","Abarth","FCA","595C/695C","Kleinstwagen (z.B. Twingo)","Schrägheck","gasoline",2017,291,23.14,6.5,11.8,4,1.135,5.95482,41303000
"20","Abarth","FCA","595C/695C","Kleinstwagen (z.B. Twingo)","Schrägheck","gasoline",2016,334,26.085,6,12.1,4,1.12,5.95482,40959000
"21","Abarth","FCA","595C/695C","Kleinstwagen (z.B. Twingo)","Schrägheck","gasoline",2017,821,26.085,6.5,12.1,4,1.12,5.95482,41303000
"22","Abarth","FCA","595C/695C","Kleinstwagen (z.B. Twingo)","Schrägheck","gasoline",2016,451,29.195,6,13.2,4,1.065,5.95482,40959000
"23","Abarth","FCA","595C/695C","Kleinstwagen (z.B. Twingo)","Schrägheck","gasoline",2017,1082,29.09,6.5,13.2,4,1.12,5.95482,41303000
"24","Abarth","FCA","Punto","Kleinwagen (z.B. Polo)","Schrägheck","gasoline",2012,160,19.5,6.1,12,4,1.26,6.995865,39708000
"25","Alfa Romeo","FCA","159","Mittelklasse (z.B. BMW 3er-Reihe)","Stufenheck","diesel",2012,325,31.25,5.3,12.5,4,1.615,8.51848,39708000
"26","Alfa Romeo","FCA","159","Mittelklasse (z.B. BMW 3er-Reihe)","Stufenheck","gasoline",2012,150,31.6,8,14.7,4,1.555,8.51848,39708000
"27","Alfa Romeo","FCA","4C","Mittelklasse (z.B. BMW 3er-Reihe)","Coupe","gasoline",2014,164,63.5,6.8,17.7,4,0.97,7.435496,40224000
"28","Alfa Romeo","FCA","4C","Mittelklasse (z.B. BMW 3er-Reihe)","Roadster","gasoline",2015,322,63.5,6.8,17.7,4,0.97,7.435496,40775000
"29","Alfa Romeo","FCA","4C","Mittelklasse (z.B. BMW 3er-Reihe)","Roadster","gasoline",2016,203,72,6.9,17.7,4,1.015,7.435496,40959000
"30","Alfa Romeo","FCA","4C","Mittelklasse (z.B. BMW 3er-Reihe)","Roadster","gasoline",2017,108,72,6.9,17.7,4,1.015,7.435496,41303000
"31","Alfa Romeo","FCA","Giulia","Mittelklasse (z.B. BMW 3er-Reihe)","Stufenheck","diesel",2016,148,36.225,4.2,11,4,1.4845,8.63598,40959000
"32","Alfa Romeo","FCA","Giulia","Mittelklasse (z.B. BMW 3er-Reihe)","Stufenheck","diesel",2017,208,37.425,4.2,11,4,1.52,8.63598,41303000
"33","Alfa Romeo","FCA","Giulia","Mittelklasse (z.B. BMW 3er-Reihe)","Stufenheck","diesel",2016,830,38.8,4.2,13.2,4,1.4845,8.63598,40959000
"34","Alfa Romeo","FCA","Giulia","Mittelklasse (z.B. BMW 3er-Reihe)","Stufenheck","diesel",2017,842,40,4.2,13.2,4,1.449,8.63598,41303000
"35","Alfa Romeo","FCA","Giulia","Mittelklasse (z.B. BMW 3er-Reihe)","Stufenheck","diesel",2017,204,52,5.5,15.4,4,1.615,8.63598,41303000
"36","Alfa Romeo","FCA","Giulia","Mittelklasse (z.B. BMW 3er-Reihe)","Stufenheck","gasoline",2017,376,38.5,7.1,14.7,4,1.504,8.63598,41303000
"37","Alfa Romeo","FCA","Giulia","Mittelklasse (z.B. BMW 3er-Reihe)","Stufenheck","gasoline",2017,394,52,7.7,20.6,4,1.605,8.63598,41303000
"38","Alfa Romeo","FCA","Giulietta","Untere Mittelklasse (z.B. Golf)","Schrägheck","diesel",2012,547,25.7,4.5,10.3,4,1.395,7.823098,39708000
"39","Alfa Romeo","FCA","Giulietta","Untere Mittelklasse (z.B. Golf)","Schrägheck","diesel",2013,244,25.7,4.5,10.3,4,1.395,7.823098,39931000
"40","Alfa Romeo","FCA","Giulietta","Untere Mittelklasse (z.B. Golf)","Schrägheck","diesel",2014,442,27.125,4.2,11,4,1.395,7.823098,40224000
"41","Alfa Romeo","FCA","Giulietta","Untere Mittelklasse (z.B. Golf)","Schrägheck","diesel",2015,295,27.125,4.2,11,4,1.395,7.823098,40775000
"42","Alfa Romeo","FCA","Giulietta","Untere Mittelklasse (z.B. Golf)","Schrägheck","diesel",2016,318,28.7,4.2,11,4,1.395,7.823098,40959000
"43","Alfa Romeo","FCA","Giulietta","Untere Mittelklasse (z.B. Golf)","Schrägheck","diesel",2012,466,27.85,4.7,12.5,4,1.395,7.823098,39708000
"44","Alfa Romeo","FCA","Giulietta","Untere Mittelklasse (z.B. Golf)","Schrägheck","diesel",2013,287,27.85,4.7,12.5,4,1.395,7.823098,39931000
"45","Alfa Romeo","FCA","Giulietta","Untere Mittelklasse (z.B. Golf)","Schrägheck","diesel",2014,164,30.65,4.3,12.9,4,1.41,7.823098,40224000
"46","Alfa Romeo","FCA","Giulietta","Untere Mittelklasse (z.B. Golf)","Schrägheck","diesel",2015,182,30.65,4.3,12.9,4,1.41,7.823098,40775000
"47","Alfa Romeo","FCA","Giulietta","Untere Mittelklasse (z.B. Golf)","Schrägheck","diesel",2016,231,32,4.3,12.9,4,1.41,7.823098,40959000
"48","Alfa Romeo","FCA","Giulietta","Untere Mittelklasse (z.B. Golf)","Schrägheck","diesel",2012,211,22.75,4,7.7,4,1.385,7.823098,39708000
"49","Alfa Romeo","FCA","Giulietta","Untere Mittelklasse (z.B. Golf)","Schrägheck","diesel",2013,165,22.75,4,7.7,4,1.385,7.823098,39931000
"50","Alfa Romeo","FCA","Giulietta","Untere Mittelklasse (z.B. Golf)","Schrägheck","diesel",2014,102,22.75,4,7.7,4,1.385,7.823098,40224000
"51","Alfa Romeo","FCA","Giulietta","Untere Mittelklasse (z.B. Golf)","Schrägheck","diesel",2016,176,23.5,3.9,8.8,4,1.385,7.823098,40959000
"52","Alfa Romeo","FCA","Giulietta","Untere Mittelklasse (z.B. Golf)","Schrägheck","gasoline",2015,344,25.2,5.5,11,4,1.365,7.823098,40775000
"53","Alfa Romeo","FCA","Giulietta","Untere Mittelklasse (z.B. Golf)","Schrägheck","gasoline",2016,487,26.7,5.5,11,4,1.365,7.823098,40959000
"54","Alfa Romeo","FCA","Giulietta","Untere Mittelklasse (z.B. Golf)","Schrägheck","gasoline",2017,273,26.7,5.5,11,4,1.365,7.823098,41303000
"55","Alfa Romeo","FCA","Giulietta","Untere Mittelklasse (z.B. Golf)","Schrägheck","gasoline",2012,1090,26.55,5.5,12.5,4,1.365,7.823098,39708000
"56","Alfa Romeo","FCA","Giulietta","Untere Mittelklasse (z.B. Golf)","Schrägheck","gasoline",2013,540,26.55,5.5,12.5,4,1.365,7.823098,39931000
"57","Alfa Romeo","FCA","Giulietta","Untere Mittelklasse (z.B. Golf)","Schrägheck","gasoline",2014,710,26.55,5.5,12.5,4,1.365,7.823098,40224000
"58","Alfa Romeo","FCA","Giulietta","Untere Mittelklasse (z.B. Golf)","Schrägheck","gasoline",2015,470,26.55,5.5,12.5,4,1.365,7.823098,40775000
"59","Alfa Romeo","FCA","Giulietta","Untere Mittelklasse (z.B. Golf)","Schrägheck","gasoline",2016,308,29.8,4.9,12.5,4,1.38,7.823098,40959000
"60","Alfa Romeo","FCA","Giulietta","Untere Mittelklasse (z.B. Golf)","Schrägheck","gasoline",2017,102,29.8,4.9,12.5,4,1.38,7.823098,41303000
"61","Alfa Romeo","FCA","Giulietta","Untere Mittelklasse (z.B. Golf)","Schrägheck","gasoline",2012,379,29.95,7.6,17.3,4,1.395,7.823098,39708000
"62","Alfa Romeo","FCA","Giulietta","Untere Mittelklasse (z.B. Golf)","Schrägheck","gasoline",2013,183,29.95,7.6,17.3,4,1.395,7.823098,39931000
"63","Alfa Romeo","FCA","Giulietta","Untere Mittelklasse (z.B. Golf)","Schrägheck","gasoline",2014,195,32.5,6.8,17.7,4,1.395,7.823098,40224000
"64","Alfa Romeo","FCA","Giulietta","Untere Mittelklasse (z.B. Golf)","Schrägheck","gasoline",2015,276,32.5,6.8,17.7,4,1.395,7.823098,40775000
"65","Alfa Romeo","FCA","Giulietta","Untere Mittelklasse (z.B. Golf)","Schrägheck","gasoline",2016,295,35.55,6.8,17.7,4,1.395,7.823098,40959000
"66","Alfa Romeo","FCA","Giulietta","Untere Mittelklasse (z.B. Golf)","Schrägheck","gasoline",2017,227,37.05,6.8,17.7,4,1.395,7.823098,41303000
"67","Alfa Romeo","FCA","Giulietta","Untere Mittelklasse (z.B. Golf)","Schrägheck","gasoline",2014,135,19.6,6.4,7.7,4,1.355,7.823098,40224000
"68","Alfa Romeo","FCA","Giulietta","Untere Mittelklasse (z.B. Golf)","Schrägheck","gasoline",2012,2411,21.85,6.4,8.8,4,1.355,7.823098,39708000
"69","Alfa Romeo","FCA","Giulietta","Untere Mittelklasse (z.B. Golf)","Schrägheck","gasoline",2013,997,21.85,6.4,8.8,4,1.355,7.823098,39931000
"70","Alfa Romeo","FCA","Giulietta","Untere Mittelklasse (z.B. Golf)","Schrägheck","gasoline",2014,717,21.85,6.4,8.8,4,1.355,7.823098,40224000
"71","Alfa Romeo","FCA","Giulietta","Untere Mittelklasse (z.B. Golf)","Schrägheck","gasoline",2015,498,21.85,6.4,8.8,4,1.355,7.823098,40775000
"72","Alfa Romeo","FCA","Giulietta","Untere Mittelklasse (z.B. Golf)","Schrägheck","gasoline",2016,501,21.5,6.2,8.8,4,1.355,7.823098,40959000
"73","Alfa Romeo","FCA","Giulietta","Untere Mittelklasse (z.B. Golf)","Schrägheck","gasoline",2017,349,20.5,6.7,8.8,4,1.355,7.823098,41303000
"74","Alfa Romeo","FCA","MiTo","Kleinwagen (z.B. Polo)","Schrägheck","diesel",2012,109,19.65,4.4,8.8,4,1.28,6.98836,39708000
"75","Alfa Romeo","FCA","MiTo","Kleinwagen (z.B. Polo)","Schrägheck","gasoline",2012,193,21.8,6,12.5,4,1.22,6.98836,39708000
"76","Alfa Romeo","FCA","MiTo","Kleinwagen (z.B. Polo)","Schrägheck","gasoline",2014,162,16.6,5.6,5.7,4,1.155,6.98836,40224000
"77","Alfa Romeo","FCA","MiTo","Kleinwagen (z.B. Polo)","Schrägheck","gasoline",2015,145,16.6,5.6,5.7,4,1.155,6.98836,40775000
"78","Alfa Romeo","FCA","MiTo","Kleinwagen (z.B. Polo)","Schrägheck","gasoline",2016,133,15.7,5.6,5.7,4,1.155,6.98836,40959000
"79","Alfa Romeo","FCA","MiTo","Kleinwagen (z.B. Polo)","Schrägheck","gasoline",2017,117,15.7,5.6,5.7,4,1.155,6.98836,41303000
"80","Alfa Romeo","FCA","MiTo","Kleinwagen (z.B. Polo)","Schrägheck","gasoline",2012,126,16.95,4.2,6.3,2,1.205,6.98836,39708000
"81","Alfa Romeo","FCA","MiTo","Kleinwagen (z.B. Polo)","Schrägheck","gasoline",2012,880,17.05,5.7,7.7,4,1.165,6.98836,39708000
"82","Alfa Romeo","FCA","MiTo","Kleinwagen (z.B. Polo)","Schrägheck","gasoline",2013,477,17.05,5.7,7.7,4,1.165,6.98836,39931000
"83","Alfa Romeo","FCA","MiTo","Kleinwagen (z.B. Polo)","Schrägheck","gasoline",2014,291,17.35,4.2,7.7,2,1.13,6.98836,40224000
"84","Alfa Romeo","FCA","MiTo","Kleinwagen (z.B. Polo)","Schrägheck","gasoline",2015,137,17.9,4.2,7.7,2,1.205,6.98836,40775000
"85","Alfa Romeo","FCA","MiTo","Kleinwagen (z.B. Polo)","Schrägheck","gasoline",2016,173,17.8,4.2,7.7,2,1.205,6.98836,40959000
"86","Alfa Romeo","FCA","MiTo","Kleinwagen (z.B. Polo)","Schrägheck","gasoline",2012,219,19.6,5.6,9.9,4,1.21,6.98836,39708000
"87","Alfa Romeo","FCA","MiTo","Kleinwagen (z.B. Polo)","Schrägheck","gasoline",2013,201,19.6,5.6,9.9,4,1.21,6.98836,39931000
"88","Audi","VW","A1","Kleinwagen (z.B. Polo)","Schrägheck","diesel",2012,1342,22.9,4.1,10.5,4,1.265,6.87996,39708000
"89","Audi","VW","A1","Kleinwagen (z.B. Polo)","Schrägheck","diesel",2013,1047,23.75,4.1,10.5,4,1.265,6.903684,39931000
"90","Audi","VW","A1","Kleinwagen (z.B. Polo)","Schrägheck","diesel",2014,693,23.75,4.1,10.5,4,1.265,6.903684,40224000
"91","Audi","VW","A1","Kleinwagen (z.B. Polo)","Schrägheck","diesel",2015,141,22.9,4.1,10.5,4,1.265,6.87996,40775000
"92","Audi","VW","A1","Kleinwagen (z.B. Polo)","Schrägheck","diesel",2012,3544,20.4,4,6.6,4,1.2225,6.87996,39708000
"93","Audi","VW","A1","Kleinwagen (z.B. Polo)","Schrägheck","diesel",2013,4761,21.25,4,6.6,4,1.2225,6.903684,39931000
"94","Audi","VW","A1","Kleinwagen (z.B. Polo)","Schrägheck","diesel",2014,4724,21.25,4,6.6,4,1.2225,6.903684,40224000
"95","Audi","VW","A1","Kleinwagen (z.B. Polo)","Schrägheck","diesel",2015,4191,22.3,3.9,6.6,3,1.195,6.936858,40775000
"96","Audi","VW","A1","Kleinwagen (z.B. Polo)","Schrägheck","diesel",2016,2348,22.3,3.9,6.6,3,1.195,6.936858,40959000
"97","Audi","VW","A1","Kleinwagen (z.B. Polo)","Schrägheck","diesel",2017,1465,22.3,3.9,6.6,3,1.195,6.936858,41303000
"98","Audi","VW","A1","Kleinwagen (z.B. Polo)","Schrägheck","diesel",2012,3449,21.35,3.8,7.7,4,1.215,6.903684,39708000
"99","Audi","VW","A1","Kleinwagen (z.B. Polo)","Schrägheck","diesel",2013,2187,21.35,3.8,7.7,4,1.215,6.903684,39931000
"100","Audi","VW","A1","Kleinwagen (z.B. Polo)","Schrägheck","diesel",2014,1731,21.35,3.8,7.7,4,1.215,6.903684,40224000
"101","Audi","VW","A1","Kleinwagen (z.B. Polo)","Schrägheck","diesel",2015,163,21.35,3.8,7.7,4,1.215,6.903684,40775000
"102","Audi","VW","A1","Kleinwagen (z.B. Polo)","Schrägheck","diesel",2015,2225,23.5,3.8,8.5,4,1.2625,6.936858,40775000
"103","Audi","VW","A1","Kleinwagen (z.B. Polo)","Schrägheck","diesel",2016,2113,23.5,3.8,8.5,4,1.2625,6.936858,40959000
"104","Audi","VW","A1","Kleinwagen (z.B. Polo)","Schrägheck","diesel",2017,1122,23.5,3.8,8.5,4,1.2625,6.936858,41303000
"105","Audi","VW","A1","Kleinwagen (z.B. Polo)","Schrägheck","gasoline",2013,352,22.75,4.9,10.3,4,1.215,6.903684,39931000
"106","Audi","VW","A1","Kleinwagen (z.B. Polo)","Schrägheck","gasoline",2014,950,22.75,4.9,10.3,4,1.215,6.903684,40224000
"107","Audi","VW","A1","Kleinwagen (z.B. Polo)","Schrägheck","gasoline",2015,237,21.8,4.7,10.3,4,1.185,6.87996,40775000
"108","Audi","VW","A1","Kleinwagen (z.B. Polo)","Schrägheck","gasoline",2015,856,23.85,4.7,11,4,1.22,6.936858,40775000
"109","Audi","VW","A1","Kleinwagen (z.B. Polo)","Schrägheck","gasoline",2016,753,23.85,4.7,11,4,1.22,6.936858,40959000
"110","Audi","VW","A1","Kleinwagen (z.B. Polo)","Schrägheck","gasoline",2017,372,23.85,4.7,11,4,1.22,6.936858,41303000
"111","Audi","VW","A1","Kleinwagen (z.B. Polo)","Schrägheck","gasoline",2012,1394,24.95,5.9,13.6,4,1.265,6.87996,39708000
"112","Audi","VW","A1","Kleinwagen (z.B. Polo)","Schrägheck","gasoline",2013,706,25.8,5.9,13.6,4,1.265,6.903684,39931000
"113","Audi","VW","A1","Kleinwagen (z.B. Polo)","Schrägheck","gasoline",2014,479,25.8,5.9,13.6,4,1.265,6.903684,40224000
"114","Audi","VW","A1","Kleinwagen (z.B. Polo)","Schrägheck","gasoline",2015,447,27.5,5.6,14.1,4,1.28,6.936858,40775000
"115","Audi","VW","A1","Kleinwagen (z.B. Polo)","Schrägheck","gasoline",2016,471,27.5,5.6,14.1,4,1.28,6.936858,40959000
"116","Audi","VW","A1","Kleinwagen (z.B. Polo)","Schrägheck","gasoline",2017,455,27.5,5.6,14.1,4,1.28,6.936858,41303000
"117","Audi","VW","A1","Kleinwagen (z.B. Polo)","Schrägheck","gasoline",2016,1753,18.6,4.2,6,3,1.135,6.936858,40959000
"118","Audi","VW","A1","Kleinwagen (z.B. Polo)","Schrägheck","gasoline",2017,2977,18.6,4.2,6,3,1.135,6.936858,41303000
"119","Audi","VW","A1","Kleinwagen (z.B. Polo)","Schrägheck","gasoline",2012,10952,17.45,5.1,6.3,4,1.115,6.87996,39708000
"120","Audi","VW","A1","Kleinwagen (z.B. Polo)","Schrägheck","gasoline",2013,10906,18.3,5.1,6.3,4,1.115,6.903684,39931000
"121","Audi","VW","A1","Kleinwagen (z.B. Polo)","Schrägheck","gasoline",2014,11518,18.3,5.1,6.3,4,1.115,6.903684,40224000
"122","Audi","VW","A1","Kleinwagen (z.B. Polo)","Schrägheck","gasoline",2015,1700,18.3,5.1,6.3,4,1.115,6.903684,40775000
"123","Audi","VW","A1","Kleinwagen (z.B. Polo)","Schrägheck","gasoline",2015,6214,20.1,4.3,7,3,1.15,6.936858,40775000
"124","Audi","VW","A1","Kleinwagen (z.B. Polo)","Schrägheck","gasoline",2016,11019,20.1,4.3,7,3,1.15,6.936858,40959000
"125","Audi","VW","A1","Kleinwagen (z.B. Polo)","Schrägheck","gasoline",2017,9406,20.1,4.3,7,3,1.15,6.936858,41303000
"126","Audi","VW","A1","Kleinwagen (z.B. Polo)","Schrägheck","gasoline",2012,8548,20.8,5.3,9,4,1.2,6.87996,39708000
"127","Audi","VW","A1","Kleinwagen (z.B. Polo)","Schrägheck","gasoline",2013,7091,21.55,5.35,9,4,1.1875,6.903684,39931000
"128","Audi","VW","A1","Kleinwagen (z.B. Polo)","Schrägheck","gasoline",2014,5937,21.55,5.35,9,4,1.1875,6.903684,40224000
"129","Audi","VW","A1","Kleinwagen (z.B. Polo)","Schrägheck","gasoline",2015,718,21.55,5.35,9,4,1.1875,6.903684,40775000
"130","Audi","VW","A1","Kleinwagen (z.B. Polo)","Schrägheck","gasoline",2015,6558,22.4,5.1,9.2,4,1.18,6.936858,40775000
"131","Audi","VW","A1","Kleinwagen (z.B. Polo)","Schrägheck","gasoline",2016,5816,22.4,5.1,9.2,4,1.18,6.936858,40959000
"132","Audi","VW","A1","Kleinwagen (z.B. Polo)","Schrägheck","gasoline",2017,4930,22.4,5.1,9.2,4,1.18,6.936858,41303000
"133","Audi","VW","A3","Untere Mittelklasse (z.B. Golf)","Schrägheck","diesel",2012,11719,27.425,5.1,10.3,4,1.4275,7.527725,39708000
"134","Audi","VW","A3","Untere Mittelklasse (z.B. Golf)","Schrägheck","diesel",2013,1233,27.425,5.1,10.3,4,1.4275,7.527725,39931000
"135","Audi","VW","A3","Untere Mittelklasse (z.B. Golf)","Schrägheck","diesel",2012,1986,29.95,4.25,11,4,1.3625,7.529149,39708000
"136","Audi","VW","A3","Untere Mittelklasse (z.B. Golf)","Stufenheck","diesel",2013,21129,30.85,4.3,11,4,1.39,7.69335,39931000
"137","Audi","VW","A3","Untere Mittelklasse (z.B. Golf)","Stufenheck","diesel",2014,19546,30.85,4.3,11,4,1.39,7.69335,40224000
"138","Audi","VW","A3","Untere Mittelklasse (z.B. Golf)","Stufenheck","diesel",2015,15071,31.075,4.3,11,4,1.39,7.69335,40775000
"139","Audi","VW","A3","Untere Mittelklasse (z.B. Golf)","Stufenheck","diesel",2016,14505,31.075,4.3,11,4,1.39,7.69335,40959000
"140","Audi","VW","A3","Untere Mittelklasse (z.B. Golf)","Stufenheck","diesel",2017,11191,31.3,4.4,11,4,1.395,7.69335,41303000
"141","Audi","VW","A3","Untere Mittelklasse (z.B. Golf)","Schrägheck","diesel",2012,2110,29.525,5.1,12.5,4,1.435,7.527725,39708000
"142","Audi","VW","A3","Untere Mittelklasse (z.B. Golf)","Schrägheck","diesel",2013,110,29.525,5.1,12.5,4,1.435,7.527725,39931000
"143","Audi","VW","A3","Untere Mittelklasse (z.B. Golf)","Schrägheck","diesel",2013,1730,36.45,4.8,13.5,4,1.5,7.69335,39931000
"144","Audi","VW","A3","Untere Mittelklasse (z.B. Golf)","Stufenheck","diesel",2014,3092,36.45,4.8,13.5,4,1.5,7.69335,40224000
"145","Audi","VW","A3","Untere Mittelklasse (z.B. Golf)","Stufenheck","diesel",2015,3673,36.45,4.8,13.5,4,1.5,7.69335,40775000
"146","Audi","VW","A3","Untere Mittelklasse (z.B. Golf)","Stufenheck","diesel",2016,3269,36.45,4.8,13.5,4,1.5,7.69335,40959000
"147","Audi","VW","A3","Untere Mittelklasse (z.B. Golf)","Stufenheck","diesel",2017,1624,36.45,4.8,13.5,4,1.5,7.69335,41303000
"148","Audi","VW","A3","Untere Mittelklasse (z.B. Golf)","Schrägheck","diesel",2012,646,24.725,4.4,6.6,4,1.375,7.527725,39708000
"149","Audi","VW","A3","Untere Mittelklasse (z.B. Golf)","Schrägheck","diesel",2012,5788,26.225,4.2,7.7,4,1.385,7.527725,39708000
"150","Audi","VW","A3","Untere Mittelklasse (z.B. Golf)","Schrägheck","diesel",2013,7303,27.6,3.8,7.7,4,1.335,7.69335,39931000
"151","Audi","VW","A3","Untere Mittelklasse (z.B. Golf)","Stufenheck","diesel",2014,3692,27.6,3.8,7.7,4,1.335,7.69335,40224000
"152","Audi","VW","A3","Untere Mittelklasse (z.B. Golf)","Schrägheck","diesel",2013,101,28.5,4,8.1,4,1.335,7.69335,39931000
"153","Audi","VW","A3","Untere Mittelklasse (z.B. Golf)","Stufenheck","diesel",2014,5869,28.5,4,8.1,4,1.335,7.69335,40224000
"154","Audi","VW","A3","Untere Mittelklasse (z.B. Golf)","Stufenheck","diesel",2015,8487,28.75,3.9,8.1,4,1.335,7.69335,40775000
"155","Audi","VW","A3","Untere Mittelklasse (z.B. Golf)","Stufenheck","diesel",2016,8451,28.75,3.9,8.1,4,1.335,7.69335,40959000
"156","Audi","VW","A3","Untere Mittelklasse (z.B. Golf)","Stufenheck","diesel",2017,1672,28.75,3.9,8.1,4,1.335,7.69335,41303000
"157","Audi","VW","A3","Untere Mittelklasse (z.B. Golf)","Stufenheck","diesel",2017,3068,30.25,4,8.5,4,1.335,7.698705,41303000
"158","Audi","VW","A3","Untere Mittelklasse (z.B. Golf)","Stufenheck","gasoline",2013,3232,26.8,4.8,10.3,4,1.3,7.69335,39931000
"159","Audi","VW","A3","Untere Mittelklasse (z.B. Golf)","Stufenheck","gasoline",2014,4882,26.8,4.8,10.3,4,1.3,7.69335,40224000
"160","Audi","VW","A3","Untere Mittelklasse (z.B. Golf)","Stufenheck","gasoline",2015,346,33.6,4.95,10.3,4,1.4475,7.926853,40775000
"161","Audi","VW","A3","Untere Mittelklasse (z.B. Golf)","Stufenheck","gasoline",2014,5586,27.75,4.8,11,4,1.305,7.69335,40224000
"162","Audi","VW","A3","Untere Mittelklasse (z.B. Golf)","Stufenheck","gasoline",2015,7157,28.5,4.8,11,4,1.3075,7.6960275,40775000
"163","Audi","VW","A3","Untere Mittelklasse (z.B. Golf)","Stufenheck","gasoline",2016,10936,28.5,4.8,11,4,1.3075,7.6960275,40959000
"164","Audi","VW","A3","Untere Mittelklasse (z.B. Golf)","Stufenheck","gasoline",2017,15218,28.5,4.8,11,4,1.3075,7.6960275,41303000
"165","Audi","VW","A3","Untere Mittelklasse (z.B. Golf)","Schrägheck","gasoline",2012,2307,27.1,6.6,11.8,4,1.3825,7.527725,39708000
"166","Audi","VW","A3","Untere Mittelklasse (z.B. Golf)","Schrägheck","gasoline",2013,269,31.25,6.75,11.8,4,1.5,7.48007,39931000
"167","Audi","VW","A3","Untere Mittelklasse (z.B. Golf)","Schrägheck","gasoline",2012,716,28.875,5.7,13.2,4,1.325,7.529149,39708000
"168","Audi","VW","A3","Untere Mittelklasse (z.B. Golf)","Stufenheck","gasoline",2013,4476,29.95,5.6,13.2,4,1.355,7.69335,39931000
"169","Audi","VW","A3","Untere Mittelklasse (z.B. Golf)","Stufenheck","gasoline",2014,4255,29.95,5.6,13.2,4,1.355,7.69335,40224000
"170","Audi","VW","A3","Untere Mittelklasse (z.B. Golf)","Stufenheck","gasoline",2015,2791,29.95,5.6,13.2,4,1.355,7.69335,40775000
"171","Audi","VW","A3","Untere Mittelklasse (z.B. Golf)","Stufenheck","gasoline",2016,1684,33.8,6.5,13.2,4,1.455,7.69335,40959000
"172","Audi","VW","A3","Untere Mittelklasse (z.B. Golf)","Stufenheck","gasoline",2016,469,35.85,5.8,14,4,1.46,7.698705,40959000
"173","Audi","VW","A3","Untere Mittelklasse (z.B. Golf)","Stufenheck","gasoline",2017,2726,35.85,5.8,14,4,1.46,7.698705,41303000
"174","Audi","VW","A3","Untere Mittelklasse (z.B. Golf)","Schrägheck","gasoline",2012,578,33.25,7.55,14.7,4,1.51,7.527725,39708000
"175","Audi","VW","A3","Untere Mittelklasse (z.B. Golf)","Schrägheck","gasoline",2012,134,23.4,6.75,7.5,4,1.2975,7.527725,39708000
"176","Audi","VW","A3","Untere Mittelklasse (z.B. Golf)","Schrägheck","gasoline",2012,7179,23.7,5.4,7.7,4,1.305,7.527725,39708000
"177","Audi","VW","A3","Untere Mittelklasse (z.B. Golf)","Schrägheck","gasoline",2013,2807,24.7,4.9,7.7,4,1.255,7.69335,39931000
"178","Audi","VW","A3","Untere Mittelklasse (z.B. Golf)","Schrägheck","gasoline",2014,1914,24.7,4.9,7.7,4,1.255,7.69335,40224000
"179","Audi","VW","A3","Untere Mittelklasse (z.B. Golf)","Schrägheck","gasoline",2014,1816,25.6,4.95,8.1,4,1.265,7.69335,40224000
"180","Audi","VW","A3","Untere Mittelklasse (z.B. Golf)","Schrägheck","gasoline",2015,3652,25.6,4.95,8.1,4,1.265,7.69335,40775000
"181","Audi","VW","A3","Untere Mittelklasse (z.B. Golf)","Schrägheck","gasoline",2016,2771,25.6,4.95,8.1,4,1.265,7.69335,40959000
"182","Audi","VW","A3","Untere Mittelklasse (z.B. Golf)","Stufenheck","gasoline",2016,1605,27.25,4.5,8.5,3,1.255,7.698705,40959000
"183","Audi","VW","A3","Untere Mittelklasse (z.B. Golf)","Stufenheck","gasoline",2017,5199,27.25,4.5,8.5,3,1.255,7.698705,41303000
"184","Audi","VW","A3","Untere Mittelklasse (z.B. Golf)","Schrägheck","gasoline",2012,1965,24.7,5.05,9,4,1.25,7.529149,39708000
"185","Audi","VW","A3","Untere Mittelklasse (z.B. Golf)","Schrägheck","gasoline",2013,15318,25.6,5.15,9,4,1.29,7.69335,39931000
"186","Audi","VW","A3","Untere Mittelklasse (z.B. Golf)","Schrägheck","gasoline",2014,5134,25.6,5.15,9,4,1.29,7.69335,40224000
"187","Audi","VW","A3","Untere Mittelklasse (z.B. Golf)","Schrägheck","gasoline",2015,153,25.6,5.15,9,4,1.29,7.69335,40775000
"188","Audi","VW","A3","Untere Mittelklasse (z.B. Golf)","Schrägheck","gasoline",2012,8564,24.3,5.8,9.2,4,1.36,7.57538,39708000
"189","Audi","VW","A3","Untere Mittelklasse (z.B. Golf)","Stufenheck","gasoline",2013,1152,24.3,5.8,9.2,4,1.36,7.57538,39931000
"190","Audi","VW","A3","Untere Mittelklasse (z.B. Golf)","Stufenheck","gasoline",2014,4223,26.5,5.1,9.2,4,1.28,7.69335,40224000
"191","Audi","VW","A3","Untere Mittelklasse (z.B. Golf)","Stufenheck","gasoline",2015,10186,26.5,5.1,9.2,4,1.28,7.69335,40775000
"192","Audi","VW","A3","Untere Mittelklasse (z.B. Golf)","Stufenheck","gasoline",2016,7002,26.5,5.1,9.2,4,1.28,7.69335,40959000
"193","Audi","VW","A4","Mittelklasse (z.B. BMW 3er-Reihe)","Stufenheck","diesel",2012,1408,35.2,4.9,10,4,1.61,8.587678,39708000
"194","Audi","VW","A4","Mittelklasse (z.B. BMW 3er-Reihe)","Stufenheck","diesel",2013,1462,36.2,4.2,10,4,1.67,8.580374,39931000
"195","Audi","VW","A4","Mittelklasse (z.B. BMW 3er-Reihe)","Stufenheck","diesel",2014,1368,36.2,4.2,10,4,1.67,8.580374,40224000
"196","Audi","VW","A4","Mittelklasse (z.B. BMW 3er-Reihe)","Stufenheck","diesel",2015,1105,36.2,4.2,10,4,1.67,8.580374,40775000
"197","Audi","VW","A4","Mittelklasse (z.B. BMW 3er-Reihe)","Stufenheck","diesel",2012,24479,35.4,5.4,10.5,4,1.61,8.587678,39708000
"198","Audi","VW","A4","Mittelklasse (z.B. BMW 3er-Reihe)","Stufenheck","diesel",2013,10154,35.975,4.8,10.5,4,1.63,8.580374,39931000
"199","Audi","VW","A4","Mittelklasse (z.B. BMW 3er-Reihe)","Stufenheck","diesel",2013,9689,38.05,4.7,11,4,1.66,8.580374,39931000
"200","Audi","VW","A4","Mittelklasse (z.B. BMW 3er-Reihe)","Stufenheck","diesel",2014,18338,38.05,4.7,11,4,1.66,8.580374,40224000
"201","Audi","VW","A4","Mittelklasse (z.B. BMW 3er-Reihe)","Stufenheck","diesel",2015,21010,38.05,4.7,11,4,1.66,8.580374,40775000
"202","Audi","VW","A4","Mittelklasse (z.B. BMW 3er-Reihe)","Stufenheck","diesel",2016,20083,40.85,4,11,4,1.5775,8.70345,40959000
"203","Audi","VW","A4","Mittelklasse (z.B. BMW 3er-Reihe)","Stufenheck","diesel",2017,18847,40.95,4.1,11,4,1.595,8.70345,41303000
"204","Audi","VW","A4","Mittelklasse (z.B. BMW 3er-Reihe)","Stufenheck","diesel",2012,390,38.3,4.45,12,4,1.6425,8.580374,39708000
"205","Audi","VW","A4","Mittelklasse (z.B. BMW 3er-Reihe)","Stufenheck","diesel",2013,347,38.3,4.45,12,4,1.6425,8.580374,39931000
"206","Audi","VW","A4","Mittelklasse (z.B. BMW 3er-Reihe)","Stufenheck","diesel",2014,1086,38.3,4.45,12,4,1.6425,8.580374,40224000
"207","Audi","VW","A4","Mittelklasse (z.B. BMW 3er-Reihe)","Stufenheck","diesel",2015,433,38.3,4.45,12,4,1.6425,8.580374,40775000
"208","Audi","VW","A4","Mittelklasse (z.B. BMW 3er-Reihe)","Kombi","diesel",2017,749,46.1,4.9,12,4,1.715,8.7495,41303000
"209","Audi","VW","A4","Mittelklasse (z.B. BMW 3er-Reihe)","Stufenheck","diesel",2012,243,35.8,5.6,12.5,4,1.595,8.587678,39708000
"210","Audi","VW","A4","Mittelklasse (z.B. BMW 3er-Reihe)","Stufenheck","diesel",2012,13304,39.275,4.85,13,4,1.63,8.580374,39708000
"211","Audi","VW","A4","Mittelklasse (z.B. BMW 3er-Reihe)","Stufenheck","diesel",2013,12361,39.275,4.85,13,4,1.63,8.580374,39931000
"212","Audi","VW","A4","Mittelklasse (z.B. BMW 3er-Reihe)","Stufenheck","diesel",2014,11052,41.625,5.5,13,4,1.71,8.580374,40224000
"213","Audi","VW","A4","Mittelklasse (z.B. BMW 3er-Reihe)","Stufenheck","diesel",2015,3383,41.625,5.5,13,4,1.71,8.580374,40775000
"214","Audi","VW","A4","Mittelklasse (z.B. BMW 3er-Reihe)","Stufenheck","diesel",2014,4000,42.35,5.1,14,4,1.73,8.580374,40224000
"215","Audi","VW","A4","Mittelklasse (z.B. BMW 3er-Reihe)","Stufenheck","diesel",2015,14299,42.35,5.1,14,4,1.73,8.580374,40775000
"216","Audi","VW","A4","Mittelklasse (z.B. BMW 3er-Reihe)","Stufenheck","diesel",2016,23711,43,4.4,14,4,1.59,8.70345,40959000
"217","Audi","VW","A4","Mittelklasse (z.B. BMW 3er-Reihe)","Stufenheck","diesel",2017,17550,44,4.4,14,4,1.605,8.70345,41303000
"218","Audi","VW","A4","Mittelklasse (z.B. BMW 3er-Reihe)","Stufenheck","diesel",2012,1892,41.75,5.15,15,6,1.705,8.580374,39708000
"219","Audi","VW","A4","Mittelklasse (z.B. BMW 3er-Reihe)","Stufenheck","diesel",2013,1847,41.75,5.15,15,6,1.705,8.580374,39931000
"220","Audi","VW","A4","Mittelklasse (z.B. BMW 3er-Reihe)","Stufenheck","diesel",2014,1436,41.75,5.15,15,6,1.705,8.580374,40224000
"221","Audi","VW","A4","Mittelklasse (z.B. BMW 3er-Reihe)","Stufenheck","diesel",2015,336,41.75,5.15,15,6,1.705,8.580374,40775000
"222","Audi","VW","A4","Mittelklasse (z.B. BMW 3er-Reihe)","Stufenheck","diesel",2016,3172,50.35,4.7,16,6,1.735,8.70345,40959000
"223","Audi","VW","A4","Mittelklasse (z.B. BMW 3er-Reihe)","Stufenheck","diesel",2017,2690,50.35,4.7,16,6,1.735,8.70345,41303000
"224","Audi","VW","A4","Mittelklasse (z.B. BMW 3er-Reihe)","Kombi","diesel",2012,120,46.125,6.9,17.6,6,1.81,8.587678,39708000
"225","Audi","VW","A4","Mittelklasse (z.B. BMW 3er-Reihe)","Stufenheck","diesel",2012,3039,49.5,5.9,18,6,1.8,8.580374,39708000
"226","Audi","VW","A4","Mittelklasse (z.B. BMW 3er-Reihe)","Stufenheck","diesel",2013,2656,49.5,5.9,18,6,1.8,8.580374,39931000
"227","Audi","VW","A4","Mittelklasse (z.B. BMW 3er-Reihe)","Stufenheck","diesel",2014,2833,49.5,5.9,18,6,1.8,8.580374,40224000
"228","Audi","VW","A4","Mittelklasse (z.B. BMW 3er-Reihe)","Stufenheck","diesel",2015,2537,49.5,5.9,18,6,1.8,8.580374,40775000
"229","Audi","VW","A4","Mittelklasse (z.B. BMW 3er-Reihe)","Stufenheck","diesel",2015,675,55,5.3,20,6,1.77,8.70345,40775000
"230","Audi","VW","A4","Mittelklasse (z.B. BMW 3er-Reihe)","Stufenheck","diesel",2016,4434,55,5.3,20,6,1.77,8.70345,40959000
"231","Audi","VW","A4","Mittelklasse (z.B. BMW 3er-Reihe)","Stufenheck","diesel",2017,3030,55,5.3,20,6,1.77,8.70345,41303000
"232","Audi","VW","A4","Mittelklasse (z.B. BMW 3er-Reihe)","Stufenheck","diesel",2012,1438,33.025,5.2,8.8,4,1.6,8.587678,39708000
"233","Audi","VW","A4","Mittelklasse (z.B. BMW 3er-Reihe)","Stufenheck","diesel",2013,2458,35.3,4.7,8.8,4,1.615,8.580374,39931000
"234","Audi","VW","A4","Mittelklasse (z.B. BMW 3er-Reihe)","Stufenheck","diesel",2014,2052,35.3,4.7,8.8,4,1.615,8.580374,40224000
"235","Audi","VW","A4","Mittelklasse (z.B. BMW 3er-Reihe)","Stufenheck","diesel",2015,372,35.3,4.7,8.8,4,1.615,8.580374,40775000
"236","Audi","VW","A4","Mittelklasse (z.B. BMW 3er-Reihe)","Stufenheck","diesel",2016,305,39.15,4.1,9,4,1.55,8.70345,40959000
"237","Audi","VW","A4","Mittelklasse (z.B. BMW 3er-Reihe)","Stufenheck","diesel",2017,1089,39.55,4.2,9,4,1.595,8.70345,41303000
"238","Audi","VW","A4","Mittelklasse (z.B. BMW 3er-Reihe)","Stufenheck","gasoline",2016,3073,36.35,5.45,11,4,1.4675,8.70345,40959000
"239","Audi","VW","A4","Mittelklasse (z.B. BMW 3er-Reihe)","Stufenheck","gasoline",2017,6845,36.35,5.45,11,4,1.4675,8.70345,41303000
"240","Audi","VW","A4","Mittelklasse (z.B. BMW 3er-Reihe)","Stufenheck","gasoline",2012,445,33.9,7.3,11.8,4,1.565,8.587678,39708000
"241","Audi","VW","A4","Mittelklasse (z.B. BMW 3er-Reihe)","Stufenheck","gasoline",2012,6835,36.65,5.95,12.5,4,1.585,8.580374,39708000
"242","Audi","VW","A4","Mittelklasse (z.B. BMW 3er-Reihe)","Stufenheck","gasoline",2013,3908,36.65,5.95,12.5,4,1.585,8.580374,39931000
"243","Audi","VW","A4","Mittelklasse (z.B. BMW 3er-Reihe)","Stufenheck","gasoline",2014,3283,36.65,5.95,12.5,4,1.585,8.580374,40224000
"244","Audi","VW","A4","Mittelklasse (z.B. BMW 3er-Reihe)","Stufenheck","gasoline",2015,4925,36.65,5.95,12.5,4,1.585,8.580374,40775000
"245","Audi","VW","A4","Mittelklasse (z.B. BMW 3er-Reihe)","Stufenheck","gasoline",2012,251,35.2,6.8,13.2,4,1.565,8.587678,39708000
"246","Audi","VW","A4","Mittelklasse (z.B. BMW 3er-Reihe)","Stufenheck","gasoline",2015,348,38.65,5.6,14,4,1.505,8.70345,40775000
"247","Audi","VW","A4","Mittelklasse (z.B. BMW 3er-Reihe)","Stufenheck","gasoline",2016,4077,38.65,5.6,14,4,1.505,8.70345,40959000
"248","Audi","VW","A4","Mittelklasse (z.B. BMW 3er-Reihe)","Stufenheck","gasoline",2017,3245,38.65,5.6,14,4,1.505,8.70345,41303000
"249","Audi","VW","A4","Mittelklasse (z.B. BMW 3er-Reihe)","Stufenheck","gasoline",2012,1477,41.125,7.55,15.5,4,1.655,8.587678,39708000
"250","Audi","VW","A4","Mittelklasse (z.B. BMW 3er-Reihe)","Stufenheck","gasoline",2013,565,41.525,7.1,15.5,4,1.68,8.580374,39931000
"251","Audi","VW","A4","Mittelklasse (z.B. BMW 3er-Reihe)","Stufenheck","gasoline",2013,457,43.55,6.7,16.5,4,1.65,8.580374,39931000
"252","Audi","VW","A4","Mittelklasse (z.B. BMW 3er-Reihe)","Stufenheck","gasoline",2014,958,43.55,6.7,16.5,4,1.65,8.580374,40224000
"253","Audi","VW","A4","Mittelklasse (z.B. BMW 3er-Reihe)","Stufenheck","gasoline",2015,1332,43.55,6.7,16.5,4,1.65,8.580374,40775000
"254","Audi","VW","A4","Mittelklasse (z.B. BMW 3er-Reihe)","Stufenheck","gasoline",2015,272,44.65,5.7,18.5,4,1.57,8.705292,40775000
"255","Audi","VW","A4","Mittelklasse (z.B. BMW 3er-Reihe)","Stufenheck","gasoline",2016,1812,45.75,6.6,18.5,4,1.605,8.70345,40959000
"256","Audi","VW","A4","Mittelklasse (z.B. BMW 3er-Reihe)","Stufenheck","gasoline",2017,3685,47,6,18.5,4,1.575,8.70345,41303000
"257","Audi","VW","A4","Mittelklasse (z.B. BMW 3er-Reihe)","Stufenheck","gasoline",2012,107,48.025,8.1,20,6,1.79,8.580374,39708000
"258","Audi","VW","A4","Mittelklasse (z.B. BMW 3er-Reihe)","Stufenheck","gasoline",2013,136,48.025,8.1,20,6,1.79,8.580374,39931000
"259","Audi","VW","A4","Mittelklasse (z.B. BMW 3er-Reihe)","Stufenheck","gasoline",2015,121,48.025,8.1,20,6,1.79,8.580374,40775000
"260","Audi","VW","A4","Mittelklasse (z.B. BMW 3er-Reihe)","Stufenheck","gasoline",2012,1016,29.875,7.1,8.8,4,1.5175,8.587678,39708000
"261","Audi","VW","A4","Mittelklasse (z.B. BMW 3er-Reihe)","Stufenheck","gasoline",2013,939,32.9,6.5,8.8,4,1.5825,8.580374,39931000
"262","Audi","VW","A4","Mittelklasse (z.B. BMW 3er-Reihe)","Stufenheck","gasoline",2014,658,32.9,6.5,8.8,4,1.5825,8.580374,40224000
"263","Audi","VW","A4","Mittelklasse (z.B. BMW 3er-Reihe)","Stufenheck","gasoline",2015,378,32.9,6.5,8.8,4,1.5825,8.580374,40775000
"264","Audi","VW","A5","Mittelklasse (z.B. BMW 3er-Reihe)","Schrägheck","diesel",2014,366,35.35,4.4,10,4,1.615,8.736048,40224000
"265","Audi","VW","A5","Mittelklasse (z.B. BMW 3er-Reihe)","Schrägheck","diesel",2015,691,35.35,4.4,10,4,1.615,8.736048,40775000
"266","Audi","VW","A5","Mittelklasse (z.B. BMW 3er-Reihe)","Schrägheck","diesel",2016,859,35.35,4.4,10,4,1.615,8.736048,40959000
"267","Audi","VW","A5","Mittelklasse (z.B. BMW 3er-Reihe)","Schrägheck","diesel",2012,661,36.175,5,10.5,4,1.61,8.735121,39708000
"268","Audi","VW","A5","Mittelklasse (z.B. BMW 3er-Reihe)","Schrägheck","diesel",2013,435,36.75,4.65,10.5,4,1.6025,8.736048,39931000
"269","Audi","VW","A5","Mittelklasse (z.B. BMW 3er-Reihe)","Schrägheck","diesel",2013,687,38,4.55,11,4,1.635,8.736048,39931000
"270","Audi","VW","A5","Mittelklasse (z.B. BMW 3er-Reihe)","Schrägheck","diesel",2014,1146,38,4.55,11,4,1.635,8.736048,40224000
"271","Audi","VW","A5","Mittelklasse (z.B. BMW 3er-Reihe)","Schrägheck","diesel",2015,1349,38,4.55,11,4,1.635,8.736048,40775000
"272","Audi","VW","A5","Mittelklasse (z.B. BMW 3er-Reihe)","Schrägheck","diesel",2016,1682,38,4.55,11,4,1.635,8.736048,40959000
"273","Audi","VW","A5","Mittelklasse (z.B. BMW 3er-Reihe)","Schrägheck","diesel",2017,800,40.8,4.2,11,4,1.545,8.722919,41303000
"274","Audi","VW","A5","Mittelklasse (z.B. BMW 3er-Reihe)","Schrägheck","diesel",2014,185,39.05,4.3,12,4,1.66,8.736048,40224000
"275","Audi","VW","A5","Mittelklasse (z.B. BMW 3er-Reihe)","Schrägheck","diesel",2012,5613,39.35,4.7,13,4,1.6025,8.736048,39708000
"276","Audi","VW","A5","Mittelklasse (z.B. BMW 3er-Reihe)","Schrägheck","diesel",2013,4776,39.35,4.7,13,4,1.6025,8.736048,39931000
"277","Audi","VW","A5","Mittelklasse (z.B. BMW 3er-Reihe)","Schrägheck","diesel",2014,4304,39.35,4.7,13,4,1.6025,8.736048,40224000
"278","Audi","VW","A5","Mittelklasse (z.B. BMW 3er-Reihe)","Schrägheck","diesel",2015,1004,41.7,5.2,13,4,1.68,8.736048,40775000
"279","Audi","VW","A5","Mittelklasse (z.B. BMW 3er-Reihe)","Schrägheck","diesel",2014,1430,40.35,4.55,14,4,1.6675,8.736048,40224000
"280","Audi","VW","A5","Mittelklasse (z.B. BMW 3er-Reihe)","Schrägheck","diesel",2015,5970,40.35,4.55,14,4,1.6675,8.736048,40775000
"281","Audi","VW","A5","Mittelklasse (z.B. BMW 3er-Reihe)","Schrägheck","diesel",2016,8545,47.1,5.1,14,4,1.85,8.576604,40959000
"282","Audi","VW","A5","Mittelklasse (z.B. BMW 3er-Reihe)","Schrägheck","diesel",2017,6818,44.45,4.3,14,4,1.575,8.722919,41303000
"283","Audi","VW","A5","Mittelklasse (z.B. BMW 3er-Reihe)","Schrägheck","diesel",2012,2077,42.95,5,15,6,1.6825,8.736048,39708000
"284","Audi","VW","A5","Mittelklasse (z.B. BMW 3er-Reihe)","Schrägheck","diesel",2013,1356,42.95,5,15,6,1.6825,8.736048,39931000
"285","Audi","VW","A5","Mittelklasse (z.B. BMW 3er-Reihe)","Schrägheck","diesel",2014,1178,42.95,5,15,6,1.6825,8.736048,40224000
"286","Audi","VW","A5","Mittelklasse (z.B. BMW 3er-Reihe)","Schrägheck","diesel",2015,309,42.95,5,15,6,1.6825,8.736048,40775000
"287","Audi","VW","A5","Mittelklasse (z.B. BMW 3er-Reihe)","Schrägheck","diesel",2015,404,46.8,6.1,16,6,1.81,8.736048,40775000
"288","Audi","VW","A5","Mittelklasse (z.B. BMW 3er-Reihe)","Schrägheck","diesel",2016,1605,46.8,6.1,16,6,1.81,8.736048,40959000
"289","Audi","VW","A5","Mittelklasse (z.B. BMW 3er-Reihe)","Schrägheck","diesel",2017,2229,51.6,4.8,16,6,1.715,8.722919,41303000
"290","Audi","VW","A5","Mittelklasse (z.B. BMW 3er-Reihe)","Schrägheck","diesel",2012,3970,50.45,5.8,18,6,1.77,8.736048,39708000
"291","Audi","VW","A5","Mittelklasse (z.B. BMW 3er-Reihe)","Schrägheck","diesel",2013,3851,50.45,5.8,18,6,1.77,8.736048,39931000
"292","Audi","VW","A5","Mittelklasse (z.B. BMW 3er-Reihe)","Schrägheck","diesel",2014,3398,50.45,5.8,18,6,1.77,8.736048,40224000
"293","Audi","VW","A5","Mittelklasse (z.B. BMW 3er-Reihe)","Schrägheck","diesel",2015,2756,50.45,5.8,18,6,1.77,8.736048,40775000
"294","Audi","VW","A5","Mittelklasse (z.B. BMW 3er-Reihe)","Schrägheck","diesel",2016,1597,50.45,5.8,18,6,1.77,8.736048,40959000
"295","Audi","VW","A5","Mittelklasse (z.B. BMW 3er-Reihe)","Schrägheck","diesel",2017,938,55.7,5.2,20,6,1.755,8.722919,41303000
"296","Audi","VW","A5","Mittelklasse (z.B. BMW 3er-Reihe)","Schrägheck","diesel",2017,187,56.25,5.6,21,6,1.775,8.722919,41303000
"297","Audi","VW","A5","Mittelklasse (z.B. BMW 3er-Reihe)","Schrägheck","gasoline",2015,583,34.25,5.85,10.6,4,1.5825,8.736048,40775000
"298","Audi","VW","A5","Mittelklasse (z.B. BMW 3er-Reihe)","Schrägheck","gasoline",2016,1055,34.25,5.85,10.6,4,1.5825,8.736048,40959000
"299","Audi","VW","A5","Mittelklasse (z.B. BMW 3er-Reihe)","Schrägheck","gasoline",2017,136,34.25,5.85,10.6,4,1.5825,8.736048,41303000
"300","Audi","VW","A5","Mittelklasse (z.B. BMW 3er-Reihe)","Schrägheck","gasoline",2012,3869,35.4,5.85,12.5,4,1.5825,8.736048,39708000
"301","Audi","VW","A5","Mittelklasse (z.B. BMW 3er-Reihe)","Schrägheck","gasoline",2013,2283,35.4,5.85,12.5,4,1.5825,8.736048,39931000
"302","Audi","VW","A5","Mittelklasse (z.B. BMW 3er-Reihe)","Schrägheck","gasoline",2014,2045,35.4,5.85,12.5,4,1.5825,8.736048,40224000
"303","Audi","VW","A5","Mittelklasse (z.B. BMW 3er-Reihe)","Schrägheck","gasoline",2015,1005,40.85,6.2,12.5,4,1.7125,8.576604,40775000
"304","Audi","VW","A5","Mittelklasse (z.B. BMW 3er-Reihe)","Schrägheck","gasoline",2015,629,36.35,5.85,13,4,1.5825,8.736048,40775000
"305","Audi","VW","A5","Mittelklasse (z.B. BMW 3er-Reihe)","Schrägheck","gasoline",2016,2408,41.85,5.95,13,4,1.7125,8.576604,40959000
"306","Audi","VW","A5","Mittelklasse (z.B. BMW 3er-Reihe)","Schrägheck","gasoline",2017,317,36.35,5.85,13,4,1.5825,8.736048,41303000
"307","Audi","VW","A5","Mittelklasse (z.B. BMW 3er-Reihe)","Schrägheck","gasoline",2017,2513,38.6,5.7,14,4,1.505,8.722919,41303000
"308","Audi","VW","A5","Mittelklasse (z.B. BMW 3er-Reihe)","Schrägheck","gasoline",2012,2569,41.875,7.15,15.5,4,1.67,8.735121,39708000
"309","Audi","VW","A5","Mittelklasse (z.B. BMW 3er-Reihe)","Schrägheck","gasoline",2013,1001,48.8,7.2,15.5,4,1.81,8.576604,39931000
"310","Audi","VW","A5","Mittelklasse (z.B. BMW 3er-Reihe)","Schrägheck","gasoline",2013,719,43.45,6.6,16.5,4,1.6675,8.736048,39931000
"311","Audi","VW","A5","Mittelklasse (z.B. BMW 3er-Reihe)","Schrägheck","gasoline",2014,1771,43.45,6.6,16.5,4,1.6675,8.736048,40224000
"312","Audi","VW","A5","Mittelklasse (z.B. BMW 3er-Reihe)","Schrägheck","gasoline",2015,1280,50.05,6.9,16.5,4,1.81,8.576604,40775000
"313","Audi","VW","A5","Mittelklasse (z.B. BMW 3er-Reihe)","Schrägheck","gasoline",2015,210,43.85,6.6,16.9,4,1.6675,8.736048,40775000
"314","Audi","VW","A5","Mittelklasse (z.B. BMW 3er-Reihe)","Schrägheck","gasoline",2016,1288,43.85,6.6,16.9,4,1.6675,8.736048,40959000
"315","Audi","VW","A5","Mittelklasse (z.B. BMW 3er-Reihe)","Coupe","gasoline",2016,157,47.5,6.5,18.5,4,1.57,8.626358,40959000
"316","Audi","VW","A5","Mittelklasse (z.B. BMW 3er-Reihe)","Schrägheck","gasoline",2017,3497,46.55,5.8,18.5,4,1.565,8.722919,41303000
"317","Audi","VW","A5","Mittelklasse (z.B. BMW 3er-Reihe)","Schrägheck","gasoline",2012,276,49.15,7.65,20,6,1.79,8.736048,39708000
"318","Audi","VW","A5","Mittelklasse (z.B. BMW 3er-Reihe)","Schrägheck","gasoline",2013,265,49.15,7.65,20,6,1.79,8.736048,39931000
"319","Audi","VW","A5","Mittelklasse (z.B. BMW 3er-Reihe)","Schrägheck","gasoline",2014,221,54.6,8.2,20,6,1.925,8.576604,40224000
"320","Audi","VW","A5","Mittelklasse (z.B. BMW 3er-Reihe)","Schrägheck","gasoline",2015,258,54.6,8.2,20,6,1.925,8.576604,40775000
"321","Audi","VW","A5","Mittelklasse (z.B. BMW 3er-Reihe)","Schrägheck","gasoline",2016,165,49.15,7.65,20,6,1.79,8.736048,40959000
"322","Audi","VW","A6","Obere Mittelklasse (z.B. E-Klasse)","Stufenheck","diesel",2014,404,40.875,5.05,10,4,1.73,9.231324,40224000
"323","Audi","VW","A6","Obere Mittelklasse (z.B. E-Klasse)","Stufenheck","diesel",2015,1109,44.775,4.45,11,4,1.7825,9.263182,40775000
"324","Audi","VW","A6","Obere Mittelklasse (z.B. E-Klasse)","Stufenheck","diesel",2016,962,44.775,4.45,11,4,1.7825,9.263182,40959000
"325","Audi","VW","A6","Obere Mittelklasse (z.B. E-Klasse)","Stufenheck","diesel",2017,753,44.775,4.45,11,4,1.7825,9.263182,41303000
"326","Audi","VW","A6","Obere Mittelklasse (z.B. E-Klasse)","Stufenheck","diesel",2012,12110,43.075,5.05,13,4,1.73,9.231324,39708000
"327","Audi","VW","A6","Obere Mittelklasse (z.B. E-Klasse)","Stufenheck","diesel",2013,10040,43.075,5.05,13,4,1.73,9.231324,39931000
"328","Audi","VW","A6","Obere Mittelklasse (z.B. E-Klasse)","Stufenheck","diesel",2014,3660,43.075,5.05,13,4,1.73,9.231324,40224000
"329","Audi","VW","A6","Obere Mittelklasse (z.B. E-Klasse)","Stufenheck","diesel",2014,9805,45.125,4.6,14,4,1.7825,9.247253,40224000
"330","Audi","VW","A6","Obere Mittelklasse (z.B. E-Klasse)","Stufenheck","diesel",2015,12930,45.125,4.6,14,4,1.7825,9.247253,40775000
"331","Audi","VW","A6","Obere Mittelklasse (z.B. E-Klasse)","Stufenheck","diesel",2016,12928,46.875,4.5,14,4,1.7825,9.263182,40959000
"332","Audi","VW","A6","Obere Mittelklasse (z.B. E-Klasse)","Stufenheck","diesel",2017,12026,46.875,4.5,14,4,1.7825,9.263182,41303000
"333","Audi","VW","A6","Obere Mittelklasse (z.B. E-Klasse)","Stufenheck","diesel",2012,13197,53.575,5.95,15,6,1.8975,9.308571,39708000
"334","Audi","VW","A6","Obere Mittelklasse (z.B. E-Klasse)","Stufenheck","diesel",2013,9926,53.575,5.95,15,6,1.8975,9.308571,39931000
"335","Audi","VW","A6","Obere Mittelklasse (z.B. E-Klasse)","Stufenheck","diesel",2014,8698,53.575,5.95,15,6,1.8975,9.308571,40224000
"336","Audi","VW","A6","Obere Mittelklasse (z.B. E-Klasse)","Stufenheck","diesel",2015,347,49.4,5.7,15,6,1.795,9.21071,40775000
"337","Audi","VW","A6","Obere Mittelklasse (z.B. E-Klasse)","Stufenheck","diesel",2014,355,56.75,5.5,16,6,1.935,9.317783,40224000
"338","Audi","VW","A6","Obere Mittelklasse (z.B. E-Klasse)","Stufenheck","diesel",2015,9803,56.75,5.5,16,6,1.935,9.317783,40775000
"339","Audi","VW","A6","Obere Mittelklasse (z.B. E-Klasse)","Stufenheck","diesel",2016,7132,56.75,5.5,16,6,1.935,9.317783,40959000
"340","Audi","VW","A6","Obere Mittelklasse (z.B. E-Klasse)","Stufenheck","diesel",2017,5220,56.75,5.5,16,6,1.935,9.317783,41303000
"341","Audi","VW","A6","Obere Mittelklasse (z.B. E-Klasse)","Stufenheck","diesel",2012,11361,56.75,6.1,18,6,1.8975,9.308571,39708000
"342","Audi","VW","A6","Obere Mittelklasse (z.B. E-Klasse)","Stufenheck","diesel",2013,7060,56.75,6.1,18,6,1.8975,9.308571,39931000
"343","Audi","VW","A6","Obere Mittelklasse (z.B. E-Klasse)","Stufenheck","diesel",2014,6491,56.75,6.1,18,6,1.8975,9.308571,40224000
"344","Audi","VW","A6","Obere Mittelklasse (z.B. E-Klasse)","Stufenheck","diesel",2015,190,56.75,6.1,18,6,1.8975,9.308571,40775000
"345","Audi","VW","A6","Obere Mittelklasse (z.B. E-Klasse)","Stufenheck","diesel",2014,561,59.7,5.45,20,6,1.94,9.317783,40224000
"346","Audi","VW","A6","Obere Mittelklasse (z.B. E-Klasse)","Stufenheck","diesel",2015,8612,59.7,5.45,20,6,1.94,9.317783,40775000
"347","Audi","VW","A6","Obere Mittelklasse (z.B. E-Klasse)","Stufenheck","diesel",2016,8722,59.7,5.45,20,6,1.94,9.317783,40959000
"348","Audi","VW","A6","Obere Mittelklasse (z.B. E-Klasse)","Stufenheck","diesel",2017,8381,59.7,5.45,20,6,1.94,9.317783,41303000
"349","Audi","VW","A6","Obere Mittelklasse (z.B. E-Klasse)","Stufenheck","diesel",2012,6811,61.275,6.5,23,6,1.9575,9.308571,39708000
"350","Audi","VW","A6","Obere Mittelklasse (z.B. E-Klasse)","Stufenheck","diesel",2013,6818,61.275,6.5,23,6,1.9575,9.308571,39931000
"351","Audi","VW","A6","Obere Mittelklasse (z.B. E-Klasse)","Stufenheck","diesel",2014,5790,61.275,6.5,23,6,1.9575,9.308571,40224000
"352","Audi","VW","A6","Obere Mittelklasse (z.B. E-Klasse)","Stufenheck","diesel",2014,437,65.1,6.35,23.5,6,2.0025,9.317783,40224000
"353","Audi","VW","A6","Obere Mittelklasse (z.B. E-Klasse)","Stufenheck","diesel",2015,3733,65.1,6.35,23.5,6,2.0025,9.317783,40775000
"354","Audi","VW","A6","Obere Mittelklasse (z.B. E-Klasse)","Stufenheck","diesel",2016,2969,65.1,6.35,23.5,6,2.0025,9.317783,40959000
"355","Audi","VW","A6","Obere Mittelklasse (z.B. E-Klasse)","Stufenheck","diesel",2017,3046,65.1,6.35,23.5,6,2.0025,9.317783,41303000
"356","Audi","VW","A6","Obere Mittelklasse (z.B. E-Klasse)","Stufenheck","diesel",2014,125,71.45,6.4,24,6,2.005,9.263182,40224000
"357","Audi","VW","A6","Obere Mittelklasse (z.B. E-Klasse)","Stufenheck","diesel",2015,3695,71.45,6.4,24,6,2.005,9.263182,40775000
"358","Audi","VW","A6","Obere Mittelklasse (z.B. E-Klasse)","Stufenheck","diesel",2016,4724,71.45,6.4,24,6,2.005,9.263182,40959000
"359","Audi","VW","A6","Obere Mittelklasse (z.B. E-Klasse)","Stufenheck","diesel",2017,4812,71.45,6.4,24,6,2.005,9.263182,41303000
"360","Audi","VW","A6","Obere Mittelklasse (z.B. E-Klasse)","Stufenheck","gasoline",2012,1822,38.325,6.45,13.2,4,1.6275,9.21071,39708000
"361","Audi","VW","A6","Obere Mittelklasse (z.B. E-Klasse)","Stufenheck","gasoline",2013,1099,40.675,6.55,13.2,4,1.6925,9.231324,39931000
"362","Audi","VW","A6","Obere Mittelklasse (z.B. E-Klasse)","Stufenheck","gasoline",2014,702,40.675,6.55,13.2,4,1.6925,9.231324,40224000
"363","Audi","VW","A6","Obere Mittelklasse (z.B. E-Klasse)","Stufenheck","gasoline",2015,831,43.625,6.05,14,4,1.6925,9.263182,40775000
"364","Audi","VW","A6","Obere Mittelklasse (z.B. E-Klasse)","Stufenheck","gasoline",2016,660,43.625,6.05,14,4,1.6925,9.263182,40959000
"365","Audi","VW","A6","Obere Mittelklasse (z.B. E-Klasse)","Stufenheck","gasoline",2017,1133,43.625,6.05,14,4,1.6925,9.263182,41303000
"366","Audi","VW","A6","Obere Mittelklasse (z.B. E-Klasse)","Stufenheck","gasoline",2012,1340,44.525,7.55,15,6,1.72,9.231324,39708000
"367","Audi","VW","A6","Obere Mittelklasse (z.B. E-Klasse)","Stufenheck","gasoline",2013,638,44.525,7.55,15,6,1.72,9.231324,39931000
"368","Audi","VW","A6","Obere Mittelklasse (z.B. E-Klasse)","Stufenheck","gasoline",2014,472,44.525,7.55,15,6,1.72,9.231324,40224000
"369","Audi","VW","A6","Obere Mittelklasse (z.B. E-Klasse)","Stufenheck","gasoline",2015,393,49.05,6,18.5,4,1.735,9.263182,40775000
"370","Audi","VW","A6","Obere Mittelklasse (z.B. E-Klasse)","Stufenheck","gasoline",2016,688,52.7,6.9,18.5,4,1.8,9.263182,40959000
"371","Audi","VW","A6","Obere Mittelklasse (z.B. E-Klasse)","Stufenheck","gasoline",2017,1264,52.7,6.9,18.5,4,1.8,9.263182,41303000
"372","Audi","VW","A6","Obere Mittelklasse (z.B. E-Klasse)","Stufenheck","gasoline",2012,623,53.95,8.2,22,6,1.865,9.231324,39708000
"373","Audi","VW","A6","Obere Mittelklasse (z.B. E-Klasse)","Stufenheck","gasoline",2012,360,56.85,8.55,22.8,6,1.8975,9.308571,39708000
"374","Audi","VW","A6","Obere Mittelklasse (z.B. E-Klasse)","Stufenheck","gasoline",2013,459,56.85,8.55,22.8,6,1.8975,9.308571,39931000
"375","Audi","VW","A6","Obere Mittelklasse (z.B. E-Klasse)","Stufenheck","gasoline",2014,399,56.85,8.55,22.8,6,1.8975,9.308571,40224000
"376","Audi","VW","A6","Obere Mittelklasse (z.B. E-Klasse)","Stufenheck","gasoline",2015,550,59.6,7.8,24.5,6,1.9175,9.317783,40775000
"377","Audi","VW","A6","Obere Mittelklasse (z.B. E-Klasse)","Stufenheck","gasoline",2016,268,59.6,7.8,24.5,6,1.9175,9.317783,40959000
"378","Audi","VW","A7","Obere Mittelklasse (z.B. E-Klasse)","Schrägheck","diesel",2012,628,55.95,5.8,15,6,1.86,9.495759,39708000
"379","Audi","VW","A7","Obere Mittelklasse (z.B. E-Klasse)","Schrägheck","diesel",2013,384,55.95,5.8,15,6,1.86,9.495759,39931000
"380","Audi","VW","A7","Obere Mittelklasse (z.B. E-Klasse)","Schrägheck","diesel",2014,302,55.95,5.8,15,6,1.86,9.495759,40224000
"381","Audi","VW","A7","Obere Mittelklasse (z.B. E-Klasse)","Schrägheck","diesel",2014,121,59.55,5.3,16,6,1.9,9.505314,40224000
"382","Audi","VW","A7","Obere Mittelklasse (z.B. E-Klasse)","Schrägheck","diesel",2015,417,59.55,5.3,16,6,1.9,9.505314,40775000
"383","Audi","VW","A7","Obere Mittelklasse (z.B. E-Klasse)","Schrägheck","diesel",2016,264,59.55,5.3,16,6,1.9,9.505314,40959000
"384","Audi","VW","A7","Obere Mittelklasse (z.B. E-Klasse)","Schrägheck","diesel",2017,132,59.55,5.3,16,6,1.9,9.505314,41303000
"385","Audi","VW","A7","Obere Mittelklasse (z.B. E-Klasse)","Schrägheck","diesel",2012,1243,59.4,5.9,18,6,1.86,9.495759,39708000
"386","Audi","VW","A7","Obere Mittelklasse (z.B. E-Klasse)","Schrägheck","diesel",2013,534,59.4,5.9,18,6,1.86,9.495759,39931000
"387","Audi","VW","A7","Obere Mittelklasse (z.B. E-Klasse)","Schrägheck","diesel",2014,420,59.4,5.9,18,6,1.86,9.495759,40224000
"388","Audi","VW","A7","Obere Mittelklasse (z.B. E-Klasse)","Schrägheck","diesel",2014,257,63.2,5.2,20,6,1.905,9.505314,40224000
"389","Audi","VW","A7","Obere Mittelklasse (z.B. E-Klasse)","Schrägheck","diesel",2015,989,63.2,5.2,20,6,1.905,9.505314,40775000
"390","Audi","VW","A7","Obere Mittelklasse (z.B. E-Klasse)","Schrägheck","diesel",2016,504,63.2,5.2,20,6,1.905,9.505314,40959000
"391","Audi","VW","A7","Obere Mittelklasse (z.B. E-Klasse)","Schrägheck","diesel",2017,235,63.2,5.2,20,6,1.905,9.505314,41303000
"392","Audi","VW","A7","Obere Mittelklasse (z.B. E-Klasse)","Schrägheck","diesel",2012,1466,63.15,6.3,23,6,1.925,9.495759,39708000
"393","Audi","VW","A7","Obere Mittelklasse (z.B. E-Klasse)","Schrägheck","diesel",2013,1454,63.15,6.3,23,6,1.925,9.495759,39931000
"394","Audi","VW","A7","Obere Mittelklasse (z.B. E-Klasse)","Schrägheck","diesel",2014,890,63.15,6.3,23,6,1.925,9.495759,40224000
"395","Audi","VW","A7","Obere Mittelklasse (z.B. E-Klasse)","Schrägheck","diesel",2014,369,66.6,6.2,23.5,6,1.97,9.505314,40224000
"396","Audi","VW","A7","Obere Mittelklasse (z.B. E-Klasse)","Schrägheck","diesel",2015,957,66.6,6.2,23.5,6,1.97,9.505314,40775000
"397","Audi","VW","A7","Obere Mittelklasse (z.B. E-Klasse)","Schrägheck","diesel",2016,495,66.6,6.2,23.5,6,1.97,9.505314,40959000
"398","Audi","VW","A7","Obere Mittelklasse (z.B. E-Klasse)","Schrägheck","diesel",2017,249,66.6,6.2,23.5,6,1.97,9.505314,41303000
"399","Audi","VW","A7","Obere Mittelklasse (z.B. E-Klasse)","Schrägheck","diesel",2015,1049,74.7,6.3,24,6,1.97,9.505314,40775000
"400","Audi","VW","A7","Obere Mittelklasse (z.B. E-Klasse)","Schrägheck","diesel",2016,1276,74.7,6.3,24,6,1.97,9.505314,40959000
"401","Audi","VW","A7","Obere Mittelklasse (z.B. E-Klasse)","Schrägheck","diesel",2017,762,74.7,6.3,24,6,1.97,9.505314,41303000
"402","Audi","VW","A7","Obere Mittelklasse (z.B. E-Klasse)","Schrägheck","gasoline",2012,104,52.9,8,15,6,1.795,9.495759,39708000
"403","Audi","VW","A7","Obere Mittelklasse (z.B. E-Klasse)","Schrägheck","gasoline",2012,216,58.6,8.2,22,6,1.845,9.495759,39708000
"404","Audi","VW","A7","Obere Mittelklasse (z.B. E-Klasse)","Schrägheck","gasoline",2015,152,62.65,7.7,24.5,6,1.885,9.505314,40775000
"405","Audi","VW","A8","Oberklasse (z.B. S-Klasse)","Stufenheck","diesel",2012,1463,78.275,6.45,18.4,6,1.94,10.138698,39708000
"406","Audi","VW","A8","Oberklasse (z.B. S-Klasse)","Stufenheck","diesel",2013,932,78.275,6.45,18.4,6,1.94,10.138698,39931000
"407","Audi","VW","A8","Oberklasse (z.B. S-Klasse)","Stufenheck","diesel",2013,513,81.45,5.95,19,6,1.9825,10.1348,39931000
"408","Audi","VW","A8","Oberklasse (z.B. S-Klasse)","Stufenheck","diesel",2014,1477,81.45,5.95,19,6,1.9825,10.1348,40224000
"409","Audi","VW","A8","Oberklasse (z.B. S-Klasse)","Stufenheck","diesel",2015,1135,81.45,5.95,19,6,1.9825,10.1348,40775000
"410","Audi","VW","A8","Oberklasse (z.B. S-Klasse)","Stufenheck","diesel",2015,587,84,5.8,19.3,6,1.955,10.008115,40775000
"411","Audi","VW","A8","Oberklasse (z.B. S-Klasse)","Stufenheck","diesel",2016,1298,84,5.8,19.3,6,1.955,10.008115,40959000
"412","Audi","VW","A8","Oberklasse (z.B. S-Klasse)","Stufenheck","diesel",2017,1016,84,5.8,19.3,6,1.955,10.008115,41303000
"413","Audi","VW","A8","Oberklasse (z.B. S-Klasse)","Stufenheck","diesel",2017,752,93.825,5.6,21,6,2.0625,10.185965,41303000
"414","Audi","VW","A8","Oberklasse (z.B. S-Klasse)","Stufenheck","diesel",2012,983,95.2,7.45,25.8,8,2.095,10.138698,39708000
"415","Audi","VW","A8","Oberklasse (z.B. S-Klasse)","Stufenheck","diesel",2013,522,95.2,7.45,25.8,8,2.095,10.138698,39931000
"416","Audi","VW","A8","Oberklasse (z.B. S-Klasse)","Stufenheck","diesel",2013,365,105.25,7.25,28.3,8,2.1425,10.1348,39931000
"417","Audi","VW","A8","Oberklasse (z.B. S-Klasse)","Stufenheck","diesel",2014,1124,105.25,7.25,28.3,8,2.1425,10.1348,40224000
"418","Audi","VW","A8","Oberklasse (z.B. S-Klasse)","Stufenheck","diesel",2015,1169,105.25,7.25,28.3,8,2.1425,10.1348,40775000
"419","Audi","VW","A8","Oberklasse (z.B. S-Klasse)","Stufenheck","diesel",2016,590,105.25,7.25,28.3,8,2.1425,10.1348,40959000
"420","Audi","VW","A8","Oberklasse (z.B. S-Klasse)","Stufenheck","diesel",2017,322,105.25,7.25,28.3,8,2.1425,10.1348,41303000
"421","Audi","VW","A8","Oberklasse (z.B. S-Klasse)","Stufenheck","gasoline",2017,214,95.25,7.7,25,6,2.0075,10.185965,41303000
"422","Audi","VW","A8","Oberklasse (z.B. S-Klasse)","Stufenheck","gasoline",2014,152,107.35,8.95,32,8,2.0025,10.1348,40224000
"423","Audi","VW","A8","Oberklasse (z.B. S-Klasse)","Stufenheck","gasoline",2015,143,107.35,8.95,32,8,2.0025,10.1348,40775000
"424","Audi","VW","A8","Oberklasse (z.B. S-Klasse)","Stufenheck","gasoline",2012,248,145.8,11,36.8,12,2.15,10.261485,39708000
"425","Audi","VW","A8","Oberklasse (z.B. S-Klasse)","Stufenheck","gasoline",2013,126,145.8,11,36.8,12,2.15,10.261485,39931000
"426","Audi","VW","Q2","Untere Mittelklasse (z.B. Golf)","SUV","diesel",2017,1385,35.15,4.8,11,4,1.55,7.518654,41303000
"427","Audi","VW","Q2","Untere Mittelklasse (z.B. Golf)","SUV","diesel",2016,235,37,4.9,14,4,1.555,7.518654,40959000
"428","Audi","VW","Q2","Untere Mittelklasse (z.B. Golf)","SUV","diesel",2017,1364,37,4.9,14,4,1.555,7.518654,41303000
"429","Audi","VW","Q2","Untere Mittelklasse (z.B. Golf)","SUV","diesel",2016,808,28.85,4.4,8.5,4,1.385,7.518654,40959000
"430","Audi","VW","Q2","Untere Mittelklasse (z.B. Golf)","SUV","diesel",2017,3701,28.85,4.4,8.5,4,1.385,7.518654,41303000
"431","Audi","VW","Q2","Untere Mittelklasse (z.B. Golf)","SUV","gasoline",2016,1097,27.9,5.5,11,4,1.34,7.518654,40959000
"432","Audi","VW","Q2","Untere Mittelklasse (z.B. Golf)","SUV","gasoline",2017,12857,27.9,5.5,11,4,1.34,7.518654,41303000
"433","Audi","VW","Q2","Untere Mittelklasse (z.B. Golf)","SUV","gasoline",2017,546,34.8,6.1,14,4,1.505,7.518654,41303000
"434","Audi","VW","Q2","Untere Mittelklasse (z.B. Golf)","SUV","gasoline",2017,3211,25.75,5.1,8.5,3,1.28,7.518654,41303000
"435","Audi","VW","Q3","Untere Mittelklasse (z.B. Golf)","SUV","diesel",2012,8875,30.55,5.2,10.3,4,1.525,8.028935,39708000
"436","Audi","VW","Q3","Untere Mittelklasse (z.B. Golf)","SUV","diesel",2013,11664,30.55,5.2,10.3,4,1.525,8.028935,39931000
"437","Audi","VW","Q3","Untere Mittelklasse (z.B. Golf)","SUV","diesel",2014,9536,33.475,5.75,10.3,4,1.6275,8.028935,40224000
"438","Audi","VW","Q3","Untere Mittelklasse (z.B. Golf)","SUV","diesel",2015,1100,33.475,5.75,10.3,4,1.6275,8.028935,40775000
"439","Audi","VW","Q3","Untere Mittelklasse (z.B. Golf)","SUV","diesel",2015,8129,37.55,4.9,11,4,1.645,8.034428,40775000
"440","Audi","VW","Q3","Untere Mittelklasse (z.B. Golf)","SUV","diesel",2016,10143,37.55,4.9,11,4,1.645,8.034428,40959000
"441","Audi","VW","Q3","Untere Mittelklasse (z.B. Golf)","SUV","diesel",2017,5890,37.55,4.9,11,4,1.645,8.034428,41303000
"442","Audi","VW","Q3","Untere Mittelklasse (z.B. Golf)","SUV","diesel",2012,9166,36.475,5.75,13,4,1.655,8.028935,39708000
"443","Audi","VW","Q3","Untere Mittelklasse (z.B. Golf)","SUV","diesel",2013,7140,36.475,5.75,13,4,1.655,8.028935,39931000
"444","Audi","VW","Q3","Untere Mittelklasse (z.B. Golf)","SUV","diesel",2014,5791,36.475,5.75,13,4,1.655,8.028935,40224000
"445","Audi","VW","Q3","Untere Mittelklasse (z.B. Golf)","SUV","diesel",2015,628,36.475,5.75,13,4,1.655,8.028935,40775000
"446","Audi","VW","Q3","Untere Mittelklasse (z.B. Golf)","SUV","diesel",2015,5210,39.6,5.3,13.5,4,1.68,8.034428,40775000
"447","Audi","VW","Q3","Untere Mittelklasse (z.B. Golf)","SUV","diesel",2016,3632,39.6,5.3,13.5,4,1.68,8.034428,40959000
"448","Audi","VW","Q3","Untere Mittelklasse (z.B. Golf)","SUV","diesel",2017,2045,39.6,5.3,13.5,4,1.68,8.034428,41303000
"449","Audi","VW","Q3","Untere Mittelklasse (z.B. Golf)","SUV","diesel",2015,314,33.5,4.6,8.8,4,1.56,8.034428,40775000
"450","Audi","VW","Q3","Untere Mittelklasse (z.B. Golf)","SUV","diesel",2016,1321,33.5,4.6,8.8,4,1.56,8.034428,40959000
"451","Audi","VW","Q3","Untere Mittelklasse (z.B. Golf)","SUV","diesel",2017,955,33.5,4.6,8.8,4,1.56,8.034428,41303000
"452","Audi","VW","Q3","Untere Mittelklasse (z.B. Golf)","SUV","gasoline",2014,4584,32.05,5.9,11,4,1.47,8.034428,40224000
"453","Audi","VW","Q3","Untere Mittelklasse (z.B. Golf)","SUV","gasoline",2015,5454,32.05,5.9,11,4,1.47,8.034428,40775000
"454","Audi","VW","Q3","Untere Mittelklasse (z.B. Golf)","SUV","gasoline",2016,7638,33.05,5.65,11,4,1.47,8.034428,40959000
"455","Audi","VW","Q3","Untere Mittelklasse (z.B. Golf)","SUV","gasoline",2017,6518,33.05,5.65,11,4,1.47,8.034428,41303000
"456","Audi","VW","Q3","Untere Mittelklasse (z.B. Golf)","SUV","gasoline",2012,5249,33.125,7.5,12.5,4,1.6075,8.028935,39708000
"457","Audi","VW","Q3","Untere Mittelklasse (z.B. Golf)","SUV","gasoline",2013,5267,33.125,7.5,12.5,4,1.6075,8.028935,39931000
"458","Audi","VW","Q3","Untere Mittelklasse (z.B. Golf)","SUV","gasoline",2014,2768,33.125,7.5,12.5,4,1.6075,8.028935,40224000
"459","Audi","VW","Q3","Untere Mittelklasse (z.B. Golf)","SUV","gasoline",2015,218,33.125,7.5,12.5,4,1.6075,8.028935,40775000
"460","Audi","VW","Q3","Untere Mittelklasse (z.B. Golf)","SUV","gasoline",2015,1570,36.05,6.8,13.2,4,1.58,8.034428,40775000
"461","Audi","VW","Q3","Untere Mittelklasse (z.B. Golf)","SUV","gasoline",2016,2441,36.05,6.8,13.2,4,1.58,8.034428,40959000
"462","Audi","VW","Q3","Untere Mittelklasse (z.B. Golf)","SUV","gasoline",2017,2541,36.05,6.8,13.2,4,1.58,8.034428,41303000
"463","Audi","VW","Q3","Untere Mittelklasse (z.B. Golf)","SUV","gasoline",2012,2345,37.45,7.7,15.5,4,1.64,8.028935,39708000
"464","Audi","VW","Q3","Untere Mittelklasse (z.B. Golf)","SUV","gasoline",2013,914,37.45,7.7,15.5,4,1.64,8.028935,39931000
"465","Audi","VW","Q3","Untere Mittelklasse (z.B. Golf)","SUV","gasoline",2014,642,37.45,7.7,15.5,4,1.64,8.028935,40224000
"466","Audi","VW","Q3","Untere Mittelklasse (z.B. Golf)","SUV","gasoline",2015,688,42.85,6.7,16.2,4,1.64,8.034428,40775000
"467","Audi","VW","Q3","Untere Mittelklasse (z.B. Golf)","SUV","gasoline",2016,640,42.85,6.7,16.2,4,1.64,8.034428,40959000
"468","Audi","VW","Q3","Untere Mittelklasse (z.B. Golf)","SUV","gasoline",2017,801,42.85,6.7,16.2,4,1.64,8.034428,41303000
"469","Audi","VW","Q3","Untere Mittelklasse (z.B. Golf)","SUV","gasoline",2016,336,31.25,5.8,9.2,4,1.46,8.034428,40959000
"470","Audi","VW","Q3","Untere Mittelklasse (z.B. Golf)","SUV","gasoline",2017,2223,31.25,5.8,9.2,4,1.46,8.034428,41303000
"471","Audi","VW","Q5","Mittelklasse (z.B. BMW 3er-Reihe)","SUV","diesel",2012,1942,35.175,5.7,10.5,4,1.755,8.70252,39708000
"472","Audi","VW","Q5","Mittelklasse (z.B. BMW 3er-Reihe)","SUV","diesel",2013,750,35.175,5.7,10.5,4,1.755,8.70252,39931000
"473","Audi","VW","Q5","Mittelklasse (z.B. BMW 3er-Reihe)","SUV","diesel",2013,748,36.65,5.1,11,4,1.755,8.744181,39931000
"474","Audi","VW","Q5","Mittelklasse (z.B. BMW 3er-Reihe)","SUV","diesel",2014,1675,36.65,5.1,11,4,1.755,8.744181,40224000
"475","Audi","VW","Q5","Mittelklasse (z.B. BMW 3er-Reihe)","SUV","diesel",2015,1364,36.65,5.1,11,4,1.755,8.744181,40775000
"476","Audi","VW","Q5","Mittelklasse (z.B. BMW 3er-Reihe)","SUV","diesel",2016,1858,36.65,5.1,11,4,1.755,8.744181,40959000
"477","Audi","VW","Q5","Mittelklasse (z.B. BMW 3er-Reihe)","SUV","diesel",2017,620,41.9,4.6,11,4,1.735,8.827059,41303000
"478","Audi","VW","Q5","Mittelklasse (z.B. BMW 3er-Reihe)","SUV","diesel",2014,310,42.7,5.7,12,4,1.895,8.785842,40224000
"479","Audi","VW","Q5","Mittelklasse (z.B. BMW 3er-Reihe)","SUV","diesel",2015,1292,42.7,5.7,12,4,1.895,8.785842,40775000
"480","Audi","VW","Q5","Mittelklasse (z.B. BMW 3er-Reihe)","SUV","diesel",2016,1313,42.7,5.7,12,4,1.895,8.785842,40959000
"481","Audi","VW","Q5","Mittelklasse (z.B. BMW 3er-Reihe)","SUV","diesel",2017,1456,47.95,5,12,4,1.845,8.827059,41303000
"482","Audi","VW","Q5","Mittelklasse (z.B. BMW 3er-Reihe)","SUV","diesel",2012,6387,40.5,6.75,12.5,4,1.8375,8.70252,39708000
"483","Audi","VW","Q5","Mittelklasse (z.B. BMW 3er-Reihe)","SUV","diesel",2012,3979,41.6,6,13,4,1.8625,8.70252,39708000
"484","Audi","VW","Q5","Mittelklasse (z.B. BMW 3er-Reihe)","SUV","diesel",2013,8532,41.6,6,13,4,1.8625,8.70252,39931000
"485","Audi","VW","Q5","Mittelklasse (z.B. BMW 3er-Reihe)","SUV","diesel",2014,5260,41.6,6,13,4,1.8625,8.70252,40224000
"486","Audi","VW","Q5","Mittelklasse (z.B. BMW 3er-Reihe)","SUV","diesel",2015,201,41.6,6,13,4,1.8625,8.70252,40775000
"487","Audi","VW","Q5","Mittelklasse (z.B. BMW 3er-Reihe)","SUV","diesel",2014,2249,43.4,5.65,14,4,1.9075,8.785842,40224000
"488","Audi","VW","Q5","Mittelklasse (z.B. BMW 3er-Reihe)","SUV","diesel",2015,7532,43.4,5.65,14,4,1.9075,8.785842,40775000
"489","Audi","VW","Q5","Mittelklasse (z.B. BMW 3er-Reihe)","SUV","diesel",2016,9853,43.4,5.65,14,4,1.9075,8.785842,40959000
"490","Audi","VW","Q5","Mittelklasse (z.B. BMW 3er-Reihe)","SUV","diesel",2017,11535,46.975,5.05,14,4,1.79,8.827059,41303000
"491","Audi","VW","Q5","Mittelklasse (z.B. BMW 3er-Reihe)","SUV","diesel",2012,3036,49.2,7.5,17.6,6,1.955,8.70252,39708000
"492","Audi","VW","Q5","Mittelklasse (z.B. BMW 3er-Reihe)","SUV","diesel",2012,2347,50.25,6.4,18,6,1.935,8.70252,39708000
"493","Audi","VW","Q5","Mittelklasse (z.B. BMW 3er-Reihe)","SUV","diesel",2013,4446,50.25,6.4,18,6,1.935,8.70252,39931000
"494","Audi","VW","Q5","Mittelklasse (z.B. BMW 3er-Reihe)","SUV","diesel",2014,1959,50.25,6.4,18,6,1.935,8.70252,40224000
"495","Audi","VW","Q5","Mittelklasse (z.B. BMW 3er-Reihe)","SUV","diesel",2014,1736,52.4,6,19,6,1.955,8.785842,40224000
"496","Audi","VW","Q5","Mittelklasse (z.B. BMW 3er-Reihe)","SUV","diesel",2015,3252,52.4,6,19,6,1.955,8.785842,40775000
"497","Audi","VW","Q5","Mittelklasse (z.B. BMW 3er-Reihe)","SUV","diesel",2016,3695,52.4,6,19,6,1.955,8.785842,40959000
"498","Audi","VW","Q5","Mittelklasse (z.B. BMW 3er-Reihe)","SUV","diesel",2017,743,52.4,6,19,6,1.955,8.785842,41303000
"499","Audi","VW","Q5","Mittelklasse (z.B. BMW 3er-Reihe)","SUV","gasoline",2012,544,37.9,7.5,13.2,4,1.795,8.70252,39708000
"500","Audi","VW","Q5","Mittelklasse (z.B. BMW 3er-Reihe)","SUV","gasoline",2013,368,37.9,7.5,13.2,4,1.795,8.70252,39931000
"501","Audi","VW","Q5","Mittelklasse (z.B. BMW 3er-Reihe)","SUV","gasoline",2014,382,39.8,7.5,13.2,4,1.795,8.785842,40224000
"502","Audi","VW","Q5","Mittelklasse (z.B. BMW 3er-Reihe)","SUV","gasoline",2015,268,39.8,7.5,13.2,4,1.795,8.785842,40775000
"503","Audi","VW","Q5","Mittelklasse (z.B. BMW 3er-Reihe)","SUV","gasoline",2016,1000,39.8,7.5,13.2,4,1.795,8.785842,40959000
"504","Audi","VW","Q5","Mittelklasse (z.B. BMW 3er-Reihe)","SUV","gasoline",2017,125,39.8,7.5,13.2,4,1.795,8.785842,41303000
"505","Audi","VW","Q5","Mittelklasse (z.B. BMW 3er-Reihe)","SUV","gasoline",2012,666,42.825,8.5,15.5,4,1.8125,8.70252,39708000
"506","Audi","VW","Q5","Mittelklasse (z.B. BMW 3er-Reihe)","SUV","gasoline",2012,506,44,7.55,16.5,4,1.8125,8.744181,39708000
"507","Audi","VW","Q5","Mittelklasse (z.B. BMW 3er-Reihe)","SUV","gasoline",2013,1022,44,7.55,16.5,4,1.8125,8.744181,39931000
"508","Audi","VW","Q5","Mittelklasse (z.B. BMW 3er-Reihe)","SUV","gasoline",2014,878,44,7.55,16.5,4,1.8125,8.744181,40224000
"509","Audi","VW","Q5","Mittelklasse (z.B. BMW 3er-Reihe)","SUV","gasoline",2015,634,44,7.55,16.5,4,1.8125,8.744181,40775000
"510","Audi","VW","Q5","Mittelklasse (z.B. BMW 3er-Reihe)","SUV","gasoline",2015,193,46.35,7.3,16.9,4,1.845,8.785842,40775000
"511","Audi","VW","Q5","Mittelklasse (z.B. BMW 3er-Reihe)","SUV","gasoline",2016,813,46.35,7.3,16.9,4,1.845,8.785842,40959000
"512","Audi","VW","Q5","Mittelklasse (z.B. BMW 3er-Reihe)","SUV","gasoline",2016,105,52.45,6.9,18.5,4,1.795,8.827059,40959000
"513","Audi","VW","Q5","Mittelklasse (z.B. BMW 3er-Reihe)","SUV","gasoline",2017,2639,52.45,6.9,18.5,4,1.795,8.827059,41303000
"514","Audi","VW","Q5","Mittelklasse (z.B. BMW 3er-Reihe)","SUV","gasoline",2013,221,49.7,8.5,20,6,1.915,8.744181,39931000
"515","Audi","VW","Q5","Mittelklasse (z.B. BMW 3er-Reihe)","SUV","gasoline",2014,177,49.7,8.5,20,6,1.915,8.744181,40224000
"516","Audi","VW","Q7","Obere Mittelklasse (z.B. E-Klasse)","SUV","diesel",2012,246,53.95,7.2,15,6,2.345,10.091487,39708000
"517","Audi","VW","Q7","Obere Mittelklasse (z.B. E-Klasse)","SUV","diesel",2013,179,53.95,7.2,15,6,2.345,10.091487,39931000
"518","Audi","VW","Q7","Obere Mittelklasse (z.B. E-Klasse)","SUV","diesel",2014,133,53.95,7.2,15,6,2.345,10.091487,40224000
"519","Audi","VW","Q7","Obere Mittelklasse (z.B. E-Klasse)","SUV","diesel",2016,826,61.2,5.5,16,6,2.07,9.942336,40959000
"520","Audi","VW","Q7","Obere Mittelklasse (z.B. E-Klasse)","SUV","diesel",2017,628,61.2,5.5,16,6,2.07,9.942336,41303000
"521","Audi","VW","Q7","Obere Mittelklasse (z.B. E-Klasse)","SUV","diesel",2012,2684,56.95,7.4,18,6,2.37,10.091487,39708000
"522","Audi","VW","Q7","Obere Mittelklasse (z.B. E-Klasse)","SUV","diesel",2013,2494,56.95,7.4,18,6,2.37,10.091487,39931000
"523","Audi","VW","Q7","Obere Mittelklasse (z.B. E-Klasse)","SUV","diesel",2014,2233,56.95,7.4,18,6,2.37,10.091487,40224000
"524","Audi","VW","Q7","Obere Mittelklasse (z.B. E-Klasse)","SUV","diesel",2015,1185,56.95,7.4,18,6,2.37,10.091487,40775000
"525","Audi","VW","Q7","Obere Mittelklasse (z.B. E-Klasse)","SUV","diesel",2015,5802,64.4,5.9,20,6,2.07,9.942336,40775000
"526","Audi","VW","Q7","Obere Mittelklasse (z.B. E-Klasse)","SUV","diesel",2016,8061,64.4,5.9,20,6,2.07,9.942336,40959000
"527","Audi","VW","Q7","Obere Mittelklasse (z.B. E-Klasse)","SUV","diesel",2017,5012,64.4,5.9,20,6,2.07,9.942336,41303000
"528","Audi","VW","Q7","Obere Mittelklasse (z.B. E-Klasse)","SUV","diesel",2012,701,74.4,9.55,25,8,2.495,10.091487,39708000
"529","Audi","VW","Q7","Obere Mittelklasse (z.B. E-Klasse)","SUV","diesel",2013,606,74.4,9.55,25,8,2.495,10.091487,39931000
"530","Audi","VW","Q7","Obere Mittelklasse (z.B. E-Klasse)","SUV","diesel",2014,642,74.4,9.55,25,8,2.495,10.091487,40224000
"531","Audi","VW","Q7","Obere Mittelklasse (z.B. E-Klasse)","SUV","diesel",2015,365,74.4,9.55,25,8,2.495,10.091487,40775000
"532","Audi","VW","Q7","Obere Mittelklasse (z.B. E-Klasse)","SUV","diesel",2012,119,133.75,11.3,36.8,12,2.68,10.126,39708000
"533","Audi","VW","Q7","Obere Mittelklasse (z.B. E-Klasse)","SUV","gasoline",2015,451,63.6,7.7,24.5,6,2.045,9.942336,40775000
"534","Audi","VW","Q7","Obere Mittelklasse (z.B. E-Klasse)","SUV","gasoline",2016,534,63.6,7.7,24.5,6,2.045,9.942336,40959000
"535","Audi","VW","R8","Oberklasse (z.B. S-Klasse)","Roadster","gasoline",2012,140,128.7,14.15,31.6,8,1.75,8.436624,39708000
"536","Audi","VW","R8","Oberklasse (z.B. S-Klasse)","Roadster","gasoline",2013,130,128.7,14.15,31.6,8,1.75,8.436624,39931000
"537","Audi","VW","R8","Oberklasse (z.B. S-Klasse)","Roadster","gasoline",2014,115,131.35,13.5,31.6,8,1.7475,8.45376,40224000
"538","Audi","VW","R8","Oberklasse (z.B. S-Klasse)","Roadster","gasoline",2015,102,131.35,13.5,31.6,8,1.7475,8.45376,40775000
"539","Audi","VW","R8","Oberklasse (z.B. S-Klasse)","Roadster","gasoline",2012,269,163.8,14.2,38.6,10,1.8,8.442336,39708000
"540","Audi","VW","R8","Oberklasse (z.B. S-Klasse)","Roadster","gasoline",2013,269,163.8,14.2,38.6,10,1.8,8.442336,39931000
"541","Audi","VW","R8","Oberklasse (z.B. S-Klasse)","Roadster","gasoline",2014,175,170.5,13.3,38.6,10,1.82,8.45376,40224000
"542","Audi","VW","R8","Oberklasse (z.B. S-Klasse)","Roadster","gasoline",2015,191,170.5,13.3,38.6,10,1.82,8.45376,40775000
"543","Audi","VW","R8","Oberklasse (z.B. S-Klasse)","Roadster","gasoline",2016,159,179,12.8,39.7,10,1.795,8.58644,40959000
"544","Audi","VW","R8","Oberklasse (z.B. S-Klasse)","Roadster","gasoline",2017,404,179,12.8,39.7,10,1.795,8.58644,41303000
"545","Audi","VW","R8","Oberklasse (z.B. S-Klasse)","Coupe","gasoline",2013,104,177.5,12.9,40.4,10,1.67,8.5692,39931000
"546","Audi","VW","R8","Oberklasse (z.B. S-Klasse)","Coupe","gasoline",2014,117,177.5,12.9,40.4,10,1.67,8.5692,40224000
"547","Audi","VW","R8","Oberklasse (z.B. S-Klasse)","Coupe","gasoline",2015,266,196,13.4,44.9,10,1.655,8.58644,40775000
"548","Audi","VW","R8","Oberklasse (z.B. S-Klasse)","Coupe","gasoline",2016,550,196,13.4,44.9,10,1.655,8.58644,40959000
"549","Audi","VW","R8","Oberklasse (z.B. S-Klasse)","Roadster","gasoline",2017,379,196,13.4,44.9,10,1.655,8.58644,41303000
"550","Audi","VW","RS Q3","Untere Mittelklasse (z.B. Golf)","SUV","gasoline",2013,136,54.6,8.8,22.8,5,1.73,8.11881,39931000
"551","Audi","VW","RS Q3","Untere Mittelklasse (z.B. Golf)","SUV","gasoline",2014,957,54.6,8.8,22.8,5,1.73,8.11881,40224000
"552","Audi","VW","RS Q3","Untere Mittelklasse (z.B. Golf)","SUV","gasoline",2015,565,57,8.4,25,5,1.73,8.120651,40775000
"553","Audi","VW","RS Q3","Untere Mittelklasse (z.B. Golf)","SUV","gasoline",2016,480,57,8.4,25,5,1.73,8.120651,40959000
"554","Audi","VW","RS Q3","Untere Mittelklasse (z.B. Golf)","SUV","gasoline",2016,516,61,8.6,27,5,1.73,8.120651,40959000
"555","Audi","VW","RS3","Untere Mittelklasse (z.B. Golf)","Schrägheck","gasoline",2012,1258,49.9,9.1,25,5,1.65,7.717788,39708000
"556","Audi","VW","RS3","Untere Mittelklasse (z.B. Golf)","Schrägheck","gasoline",2013,195,49.9,9.1,25,5,1.65,7.717788,39931000
"557","Audi","VW","RS3","Untere Mittelklasse (z.B. Golf)","Schrägheck","gasoline",2015,1181,53.5,8.1,27,5,1.595,7.8174,40775000
"558","Audi","VW","RS3","Untere Mittelklasse (z.B. Golf)","Schrägheck","gasoline",2016,1980,53.5,8.1,27,5,1.595,7.8174,40959000
"559","Audi","VW","RS3","Untere Mittelklasse (z.B. Golf)","Stufenheck","gasoline",2017,1571,55.9,8.3,29.4,5,1.585,7.803,41303000
"560","Audi","VW","RS4","Mittelklasse (z.B. BMW 3er-Reihe)","Kombi","gasoline",2012,332,77.55,10.7,33.1,8,1.87,8.73015,39708000
"561","Audi","VW","RS4","Mittelklasse (z.B. BMW 3er-Reihe)","Kombi","gasoline",2013,755,77.55,10.7,33.1,8,1.87,8.73015,39931000
"562","Audi","VW","RS4","Mittelklasse (z.B. BMW 3er-Reihe)","Kombi","gasoline",2014,528,77.55,10.7,33.1,8,1.87,8.73015,40224000
"563","Audi","VW","RS4","Mittelklasse (z.B. BMW 3er-Reihe)","Kombi","gasoline",2015,322,77.55,10.7,33.1,8,1.87,8.73015,40775000
"564","Audi","VW","RS5","Mittelklasse (z.B. BMW 3er-Reihe)","Coupe","gasoline",2012,452,78.8,10.65,33.1,8,1.795,8.64714,39708000
"565","Audi","VW","RS5","Mittelklasse (z.B. BMW 3er-Reihe)","Coupe","gasoline",2013,619,89.9,10.7,33.1,8,1.995,8.64714,39931000
"566","Audi","VW","RS5","Mittelklasse (z.B. BMW 3er-Reihe)","Coupe","gasoline",2014,519,89.9,10.7,33.1,8,1.995,8.64714,40224000
"567","Audi","VW","RS5","Mittelklasse (z.B. BMW 3er-Reihe)","Coupe","gasoline",2015,422,89.9,10.7,33.1,8,1.995,8.64714,40775000
"568","Audi","VW","RS5","Mittelklasse (z.B. BMW 3er-Reihe)","Coupe","gasoline",2017,592,79.9,10.5,33.1,8,1.79,8.64714,41303000
"569","Audi","VW","RS6","Obere Mittelklasse (z.B. E-Klasse)","Kombi","gasoline",2013,811,109.95,9.7,41.2,8,2.0175,9.639344,39931000
"570","Audi","VW","RS6","Obere Mittelklasse (z.B. E-Klasse)","Kombi","gasoline",2014,1027,109.95,9.7,41.2,8,2.0175,9.639344,40224000
"571","Audi","VW","RS6","Obere Mittelklasse (z.B. E-Klasse)","Kombi","gasoline",2015,1280,109.95,9.7,41.2,8,2.0175,9.639344,40775000
"572","Audi","VW","RS6","Obere Mittelklasse (z.B. E-Klasse)","Kombi","gasoline",2016,287,112,9.6,41.2,8,2.025,9.639344,40959000
"573","Audi","VW","RS6","Obere Mittelklasse (z.B. E-Klasse)","Kombi","gasoline",2017,126,112,9.6,41.2,8,2.025,9.639344,41303000
"574","Audi","VW","RS6","Obere Mittelklasse (z.B. E-Klasse)","Kombi","gasoline",2016,1368,124.63,9.6,44.5,8,2.025,9.639344,40959000
"575","Audi","VW","RS6","Obere Mittelklasse (z.B. E-Klasse)","Kombi","gasoline",2017,1218,118,9.6,44.5,8,2.025,9.639344,41303000
"576","Audi","VW","RS7","Obere Mittelklasse (z.B. E-Klasse)","Schrägheck","gasoline",2014,255,115.075,9.65,41.2,8,2,9.577932,40224000
"577","Audi","VW","RS7","Obere Mittelklasse (z.B. E-Klasse)","Schrägheck","gasoline",2015,224,115.075,9.65,41.2,8,2,9.577932,40775000
"578","Audi","VW","RS7","Obere Mittelklasse (z.B. E-Klasse)","Schrägheck","gasoline",2016,205,122.2,9.5,44.5,8,2.005,9.577932,40959000
"579","Audi","VW","RS7","Obere Mittelklasse (z.B. E-Klasse)","Schrägheck","gasoline",2017,122,122.2,9.5,44.5,8,2.005,9.577932,41303000
"580","Audi","VW","S1","Kleinwagen (z.B. Polo)","Schrägheck","gasoline",2014,856,31.55,7.1,17,4,1.415,6.94035,40224000
"581","Audi","VW","S1","Kleinwagen (z.B. Polo)","Schrägheck","gasoline",2015,1170,31.55,7.1,17,4,1.415,6.94035,40775000
"582","Audi","VW","S1","Kleinwagen (z.B. Polo)","Schrägheck","gasoline",2016,816,31.55,7.1,17,4,1.415,6.94035,40959000
"583","Audi","VW","S1","Kleinwagen (z.B. Polo)","Schrägheck","gasoline",2017,711,31.55,7.1,17,4,1.415,6.94035,41303000
"584","Audi","VW","S3","Untere Mittelklasse (z.B. Golf)","Schrägheck","gasoline",2012,443,38.6,8.5,19.5,4,1.56,7.52949,39708000
"585","Audi","VW","S3","Untere Mittelklasse (z.B. Golf)","Schrägheck","gasoline",2013,1180,41.9,6.95,22.1,4,1.51,7.71834,39931000
"586","Audi","VW","S3","Untere Mittelklasse (z.B. Golf)","Stufenheck","gasoline",2014,3537,41.9,6.95,22.1,4,1.51,7.71834,40224000
"587","Audi","VW","S3","Untere Mittelklasse (z.B. Golf)","Stufenheck","gasoline",2015,2538,41.9,6.95,22.1,4,1.51,7.71834,40775000
"588","Audi","VW","S3","Untere Mittelklasse (z.B. Golf)","Stufenheck","gasoline",2016,1740,41.9,6.95,22.1,4,1.51,7.71834,40959000
"589","Audi","VW","S3","Untere Mittelklasse (z.B. Golf)","Stufenheck","gasoline",2016,714,44.05,6.75,22.8,4,1.5225,7.71477,40959000
"590","Audi","VW","S3","Untere Mittelklasse (z.B. Golf)","Stufenheck","gasoline",2017,2739,44.05,6.75,22.8,4,1.5225,7.71477,41303000
"591","Audi","VW","S4","Mittelklasse (z.B. BMW 3er-Reihe)","Stufenheck","gasoline",2012,631,56.925,9.05,24.5,6,1.8175,8.613242,39708000
"592","Audi","VW","S4","Mittelklasse (z.B. BMW 3er-Reihe)","Stufenheck","gasoline",2013,445,58.2,8.1,24.5,6,1.825,8.613242,39931000
"593","Audi","VW","S4","Mittelklasse (z.B. BMW 3er-Reihe)","Stufenheck","gasoline",2014,407,58.2,8.1,24.5,6,1.825,8.613242,40224000
"594","Audi","VW","S4","Mittelklasse (z.B. BMW 3er-Reihe)","Stufenheck","gasoline",2015,330,58.2,8.1,24.5,6,1.825,8.613242,40775000
"595","Audi","VW","S4","Mittelklasse (z.B. BMW 3er-Reihe)","Stufenheck","gasoline",2016,286,62.45,7.7,26,6,1.75,8.74029,40959000
"596","Audi","VW","S4","Mittelklasse (z.B. BMW 3er-Reihe)","Stufenheck","gasoline",2017,1151,62.45,7.7,26,6,1.75,8.74029,41303000
"597","Audi","VW","S5","Mittelklasse (z.B. BMW 3er-Reihe)","Schrägheck","gasoline",2012,1536,63.6,8.5,24.5,6,1.95,8.60256,39708000
"598","Audi","VW","S5","Mittelklasse (z.B. BMW 3er-Reihe)","Schrägheck","gasoline",2013,1035,64.4,8.2,24.5,6,1.95,8.60256,39931000
"599","Audi","VW","S5","Mittelklasse (z.B. BMW 3er-Reihe)","Schrägheck","gasoline",2014,1074,64.4,8.2,24.5,6,1.95,8.60256,40224000
"600","Audi","VW","S5","Mittelklasse (z.B. BMW 3er-Reihe)","Schrägheck","gasoline",2015,708,64.4,8.2,24.5,6,1.95,8.60256,40775000
"601","Audi","VW","S5","Mittelklasse (z.B. BMW 3er-Reihe)","Schrägheck","gasoline",2016,526,64.4,8.2,24.5,6,1.95,8.60256,40959000
"602","Audi","VW","S5","Mittelklasse (z.B. BMW 3er-Reihe)","Schrägheck","gasoline",2016,332,63.3,7.5,26,6,1.69,8.661432,40959000
"603","Audi","VW","S5","Mittelklasse (z.B. BMW 3er-Reihe)","Schrägheck","gasoline",2017,3106,63.3,7.5,26,6,1.735,8.757936,41303000
"604","Audi","VW","S6","Obere Mittelklasse (z.B. E-Klasse)","Stufenheck","gasoline",2012,450,76.2,9.7,30.9,8,2.025,9.246316,39708000
"605","Audi","VW","S6","Obere Mittelklasse (z.B. E-Klasse)","Stufenheck","gasoline",2013,586,76.2,9.7,30.9,8,2.025,9.246316,39931000
"606","Audi","VW","S6","Obere Mittelklasse (z.B. E-Klasse)","Stufenheck","gasoline",2014,469,76.2,9.7,30.9,8,2.025,9.246316,40224000
"607","Audi","VW","S6","Obere Mittelklasse (z.B. E-Klasse)","Stufenheck","gasoline",2015,515,80.15,9.4,33.1,8,2.035,9.246316,40775000
"608","Audi","VW","S6","Obere Mittelklasse (z.B. E-Klasse)","Stufenheck","gasoline",2016,672,80.15,9.4,33.1,8,2.035,9.246316,40959000
"609","Audi","VW","S6","Obere Mittelklasse (z.B. E-Klasse)","Stufenheck","gasoline",2017,878,80.15,9.4,33.1,8,2.035,9.246316,41303000
"610","Audi","VW","S7","Obere Mittelklasse (z.B. E-Klasse)","Schrägheck","gasoline",2012,314,80.85,9.6,30.9,8,2.02,9.495759,39708000
"611","Audi","VW","S7","Obere Mittelklasse (z.B. E-Klasse)","Schrägheck","gasoline",2013,311,80.85,9.6,30.9,8,2.02,9.495759,39931000
"612","Audi","VW","S7","Obere Mittelklasse (z.B. E-Klasse)","Schrägheck","gasoline",2014,189,80.85,9.6,30.9,8,2.02,9.495759,40224000
"613","Audi","VW","S7","Obere Mittelklasse (z.B. E-Klasse)","Schrägheck","gasoline",2015,272,84.6,9.3,33.1,8,2.03,9.518691,40775000
"614","Audi","VW","S7","Obere Mittelklasse (z.B. E-Klasse)","Schrägheck","gasoline",2016,333,84.6,9.3,33.1,8,2.03,9.518691,40959000
"615","Audi","VW","S7","Obere Mittelklasse (z.B. E-Klasse)","Schrägheck","gasoline",2017,241,84.6,9.3,33.1,8,2.03,9.518691,41303000
"616","Audi","VW","S8","Oberklasse (z.B. S-Klasse)","Stufenheck","gasoline",2012,496,115.45,9.75,38.2,8,2.05,10.0305285,39708000
"617","Audi","VW","S8","Oberklasse (z.B. S-Klasse)","Stufenheck","gasoline",2013,364,115.45,9.75,38.2,8,2.05,10.0305285,39931000
"618","Audi","VW","S8","Oberklasse (z.B. S-Klasse)","Stufenheck","gasoline",2014,371,115.45,9.75,38.2,8,2.05,10.0305285,40224000
"619","Audi","VW","S8","Oberklasse (z.B. S-Klasse)","Stufenheck","gasoline",2015,362,118.5,9.4,38.2,8,2.05,10.031503,40775000
"620","Audi","VW","S8","Oberklasse (z.B. S-Klasse)","Stufenheck","gasoline",2016,522,147.9,10,44.5,8,2.065,10.031503,40959000
"621","Audi","VW","S8","Oberklasse (z.B. S-Klasse)","Stufenheck","gasoline",2017,1235,147.9,10,44.5,8,2.065,10.031503,41303000
"622","Audi","VW","SQ5","Mittelklasse (z.B. BMW 3er-Reihe)","SUV","diesel",2013,4544,60.9,6.7,23,6,2.005,8.70252,39931000
"623","Audi","VW","SQ5","Mittelklasse (z.B. BMW 3er-Reihe)","SUV","diesel",2014,6463,60.9,6.7,23,6,2.005,8.70252,40224000
"624","Audi","VW","SQ5","Mittelklasse (z.B. BMW 3er-Reihe)","SUV","diesel",2015,4748,60.9,6.7,23,6,2.005,8.70252,40775000
"625","Audi","VW","SQ5","Mittelklasse (z.B. BMW 3er-Reihe)","SUV","diesel",2016,131,60.9,6.7,23,6,2.005,8.70252,40959000
"626","Audi","VW","SQ5","Mittelklasse (z.B. BMW 3er-Reihe)","SUV","diesel",2015,1657,63.25,6.6,24,6,2.075,8.70252,40775000
"627","Audi","VW","SQ5","Mittelklasse (z.B. BMW 3er-Reihe)","SUV","diesel",2016,5016,63.25,6.6,24,6,2.075,8.70252,40959000
"628","Audi","VW","SQ5","Mittelklasse (z.B. BMW 3er-Reihe)","SUV","diesel",2017,2829,63.25,6.6,24,6,2.075,8.70252,41303000
"629","Audi","VW","SQ5","Mittelklasse (z.B. BMW 3er-Reihe)","SUV","diesel",2016,2773,68.2,6.6,25,6,2.075,8.874684,40959000
"630","Audi","VW","SQ5","Mittelklasse (z.B. BMW 3er-Reihe)","SUV","diesel",2017,1399,68.2,6.6,25,6,2.075,8.874684,41303000
"631","Audi","VW","SQ5","Mittelklasse (z.B. BMW 3er-Reihe)","SUV","gasoline",2017,1933,65.4,8.3,26,6,1.945,8.842203,41303000
"632","Audi","VW","SQ7","Obere Mittelklasse (z.B. E-Klasse)","SUV","diesel",2016,1370,93.4,7.2,32,8,2.345,9.975792,40959000
"633","Audi","VW","SQ7","Obere Mittelklasse (z.B. E-Klasse)","SUV","diesel",2017,3816,93.4,7.2,32,8,2.345,9.975792,41303000
"634","Audi","VW","TT RS","Mittelklasse (z.B. BMW 3er-Reihe)","Roadster","gasoline",2012,317,58.025,8.75,25,5,1.5375,7.732716,39708000
"635","Audi","VW","TT RS","Mittelklasse (z.B. BMW 3er-Reihe)","Roadster","gasoline",2012,279,61.925,8.75,26.5,5,1.5375,7.732716,39708000
"636","Audi","VW","TT RS","Mittelklasse (z.B. BMW 3er-Reihe)","Roadster","gasoline",2013,281,61.925,8.75,26.5,5,1.5375,7.732716,39931000
"637","Audi","VW","TT RS","Mittelklasse (z.B. BMW 3er-Reihe)","Roadster","gasoline",2014,131,61.925,8.75,26.5,5,1.5375,7.732716,40224000
"638","Audi","VW","TT RS","Mittelklasse (z.B. BMW 3er-Reihe)","Roadster","gasoline",2016,637,67,8.2,29.4,5,1.515,7.677912,40959000
"639","Audi","VW","TT RS","Mittelklasse (z.B. BMW 3er-Reihe)","Coupe","gasoline",2017,199,67,8.2,29.4,5,1.515,7.677912,41303000
"640","Audi","VW","TT","Mittelklasse (z.B. BMW 3er-Reihe)","Roadster","diesel",2012,745,37.175,5.4,12.5,4,1.4625,7.712454,39708000
"641","Audi","VW","TT","Mittelklasse (z.B. BMW 3er-Reihe)","Roadster","diesel",2013,519,37.175,5.4,12.5,4,1.4625,7.712454,39931000
"642","Audi","VW","TT","Mittelklasse (z.B. BMW 3er-Reihe)","Roadster","diesel",2014,510,37.175,5.4,12.5,4,1.4625,7.712454,40224000
"643","Audi","VW","TT","Mittelklasse (z.B. BMW 3er-Reihe)","Coupe","diesel",2014,213,37.95,4.6,13.5,4,1.34,7.652264,40224000
"644","Audi","VW","TT","Mittelklasse (z.B. BMW 3er-Reihe)","Roadster","diesel",2015,1330,37.95,4.6,13.5,4,1.34,7.652264,40775000
"645","Audi","VW","TT","Mittelklasse (z.B. BMW 3er-Reihe)","Roadster","diesel",2016,549,37.95,4.6,13.5,4,1.34,7.652264,40959000
"646","Audi","VW","TT","Mittelklasse (z.B. BMW 3er-Reihe)","Roadster","diesel",2017,418,37.95,4.6,13.5,4,1.34,7.652264,41303000
"647","Audi","VW","TT","Mittelklasse (z.B. BMW 3er-Reihe)","Roadster","gasoline",2012,1697,33.975,6.55,11.8,4,1.3675,7.712454,39708000
"648","Audi","VW","TT","Mittelklasse (z.B. BMW 3er-Reihe)","Roadster","gasoline",2013,1007,33.975,6.55,11.8,4,1.3675,7.712454,39931000
"649","Audi","VW","TT","Mittelklasse (z.B. BMW 3er-Reihe)","Roadster","gasoline",2014,968,33.975,6.55,11.8,4,1.3675,7.712454,40224000
"650","Audi","VW","TT","Mittelklasse (z.B. BMW 3er-Reihe)","Roadster","gasoline",2015,291,34.825,5.75,13.2,4,1.295,7.652264,40775000
"651","Audi","VW","TT","Mittelklasse (z.B. BMW 3er-Reihe)","Roadster","gasoline",2016,2076,34.825,5.75,13.2,4,1.295,7.652264,40959000
"652","Audi","VW","TT","Mittelklasse (z.B. BMW 3er-Reihe)","Roadster","gasoline",2017,1658,37.225,5.85,13.2,4,1.385,7.652264,41303000
"653","Audi","VW","TT","Mittelklasse (z.B. BMW 3er-Reihe)","Roadster","gasoline",2012,1306,35.275,6.85,15.5,4,1.345,7.712454,39708000
"654","Audi","VW","TT","Mittelklasse (z.B. BMW 3er-Reihe)","Roadster","gasoline",2013,1462,35.275,6.85,15.5,4,1.345,7.712454,39931000
"655","Audi","VW","TT","Mittelklasse (z.B. BMW 3er-Reihe)","Roadster","gasoline",2014,936,38.7,7.2,15.5,4,1.435,7.712454,40224000
"656","Audi","VW","TT","Mittelklasse (z.B. BMW 3er-Reihe)","Coupe","gasoline",2014,832,41.65,6.4,16.9,4,1.41,7.652264,40224000
"657","Audi","VW","TT","Mittelklasse (z.B. BMW 3er-Reihe)","Roadster","gasoline",2015,5092,41.65,6.4,16.9,4,1.41,7.652264,40775000
"658","Audi","VW","TT","Mittelklasse (z.B. BMW 3er-Reihe)","Roadster","gasoline",2016,2825,41.65,6.4,16.9,4,1.41,7.652264,40959000
"659","Audi","VW","TT","Mittelklasse (z.B. BMW 3er-Reihe)","Roadster","gasoline",2017,2560,41.65,6.4,16.9,4,1.41,7.652264,41303000
"660","Audi","VW","TTS","Mittelklasse (z.B. BMW 3er-Reihe)","Roadster","gasoline",2012,472,47.775,7.8,20,4,1.48,7.732716,39708000
"661","Audi","VW","TTS","Mittelklasse (z.B. BMW 3er-Reihe)","Roadster","gasoline",2013,246,47.775,7.8,20,4,1.48,7.732716,39931000
"662","Audi","VW","TTS","Mittelklasse (z.B. BMW 3er-Reihe)","Roadster","gasoline",2014,248,47.775,7.8,20,4,1.48,7.732716,40224000
"663","Audi","VW","TTS","Mittelklasse (z.B. BMW 3er-Reihe)","Roadster","gasoline",2015,1428,52.225,6.9,22.8,4,1.45,7.677912,40775000
"664","Audi","VW","TTS","Mittelklasse (z.B. BMW 3er-Reihe)","Roadster","gasoline",2016,1326,52.225,6.9,22.8,4,1.45,7.677912,40959000
"665","Audi","VW","TTS","Mittelklasse (z.B. BMW 3er-Reihe)","Roadster","gasoline",2017,812,52.225,6.9,22.8,4,1.45,7.677912,41303000
"666","BMW","BMW","1er-Reihe","Untere Mittelklasse (z.B. Golf)","Schrägheck","diesel",2012,10561,29.95,4.4,10.5,4,1.41,7.63186,39708000
"667","BMW","BMW","1er-Reihe","Untere Mittelklasse (z.B. Golf)","Schrägheck","diesel",2013,7684,29.3,4.4,10.5,4,1.395,7.63186,39931000
"668","BMW","BMW","1er-Reihe","Untere Mittelklasse (z.B. Golf)","Schrägheck","diesel",2014,7351,29.3,4.4,10.5,4,1.395,7.63186,40224000
"669","BMW","BMW","1er-Reihe","Untere Mittelklasse (z.B. Golf)","Schrägheck","diesel",2015,1724,29.3,4.4,10.5,4,1.395,7.63186,40775000
"670","BMW","BMW","1er-Reihe","Untere Mittelklasse (z.B. Golf)","Schrägheck","diesel",2015,5174,32.95,4,11,4,1.4375,7.640685,40775000
"671","BMW","BMW","1er-Reihe","Untere Mittelklasse (z.B. Golf)","Schrägheck","diesel",2016,6905,34.2,4,11,4,1.45,7.640685,40959000
"672","BMW","BMW","1er-Reihe","Untere Mittelklasse (z.B. Golf)","Schrägheck","diesel",2017,6129,34.2,4,11,4,1.45,7.640685,41303000
"673","BMW","BMW","1er-Reihe","Untere Mittelklasse (z.B. Golf)","Schrägheck","diesel",2012,1217,37.175,5.3,13,4,1.5875,7.62128,39708000
"674","BMW","BMW","1er-Reihe","Untere Mittelklasse (z.B. Golf)","Coupe","diesel",2013,729,38.675,5.25,13,4,1.585,7.62128,39931000
"675","BMW","BMW","1er-Reihe","Untere Mittelklasse (z.B. Golf)","Schrägheck","diesel",2012,4505,33.045,4.25,13.5,4,1.44,7.63186,39708000
"676","BMW","BMW","1er-Reihe","Untere Mittelklasse (z.B. Golf)","Schrägheck","diesel",2013,4601,33.045,4.25,13.5,4,1.44,7.63186,39931000
"677","BMW","BMW","1er-Reihe","Untere Mittelklasse (z.B. Golf)","Schrägheck","diesel",2014,4502,33.045,4.25,13.5,4,1.44,7.63186,40224000
"678","BMW","BMW","1er-Reihe","Untere Mittelklasse (z.B. Golf)","Schrägheck","diesel",2015,1134,33.045,4.25,13.5,4,1.44,7.63186,40775000
"679","BMW","BMW","1er-Reihe","Untere Mittelklasse (z.B. Golf)","Schrägheck","diesel",2015,3765,34.9,4.1,14,4,1.4575,7.640685,40775000
"680","BMW","BMW","1er-Reihe","Untere Mittelklasse (z.B. Golf)","Schrägheck","diesel",2016,4628,36.65,4.1,14,4,1.465,7.640685,40959000
"681","BMW","BMW","1er-Reihe","Untere Mittelklasse (z.B. Golf)","Schrägheck","diesel",2017,3522,36.65,4.1,14,4,1.465,7.640685,41303000
"682","BMW","BMW","1er-Reihe","Untere Mittelklasse (z.B. Golf)","Coupe","diesel",2012,387,40.675,5.55,15,4,1.615,7.62128,39708000
"683","BMW","BMW","1er-Reihe","Untere Mittelklasse (z.B. Golf)","Coupe","diesel",2013,224,41.375,5.5,15,4,1.615,7.62128,39931000
"684","BMW","BMW","1er-Reihe","Untere Mittelklasse (z.B. Golf)","Schrägheck","diesel",2012,748,36,4.8,16,4,1.4825,7.63186,39708000
"685","BMW","BMW","1er-Reihe","Untere Mittelklasse (z.B. Golf)","Schrägheck","diesel",2013,685,36,4.8,16,4,1.4825,7.63186,39931000
"686","BMW","BMW","1er-Reihe","Untere Mittelklasse (z.B. Golf)","Schrägheck","diesel",2014,639,36,4.8,16,4,1.4825,7.63186,40224000
"687","BMW","BMW","1er-Reihe","Untere Mittelklasse (z.B. Golf)","Schrägheck","diesel",2015,113,36,4.8,16,4,1.4825,7.63186,40775000
"688","BMW","BMW","1er-Reihe","Untere Mittelklasse (z.B. Golf)","Schrägheck","diesel",2015,441,40.1,4.6,16.5,4,1.505,7.640685,40775000
"689","BMW","BMW","1er-Reihe","Untere Mittelklasse (z.B. Golf)","Schrägheck","diesel",2016,453,42,4.6,16.5,4,1.505,7.640685,40959000
"690","BMW","BMW","1er-Reihe","Untere Mittelklasse (z.B. Golf)","Schrägheck","diesel",2017,343,42,4.6,16.5,4,1.505,7.640685,41303000
"691","BMW","BMW","1er-Reihe","Untere Mittelklasse (z.B. Golf)","Schrägheck","diesel",2012,169,26.8,4.3,7,4,1.395,7.63186,39708000
"692","BMW","BMW","1er-Reihe","Untere Mittelklasse (z.B. Golf)","Schrägheck","diesel",2013,1381,26.8,4.3,7,4,1.395,7.63186,39931000
"693","BMW","BMW","1er-Reihe","Untere Mittelklasse (z.B. Golf)","Schrägheck","diesel",2014,1940,26.8,4.3,7,4,1.395,7.63186,40224000
"694","BMW","BMW","1er-Reihe","Untere Mittelklasse (z.B. Golf)","Schrägheck","diesel",2015,475,26.8,4.3,7,4,1.395,7.63186,40775000
"695","BMW","BMW","1er-Reihe","Untere Mittelklasse (z.B. Golf)","Schrägheck","diesel",2012,10243,28.6,4.3,8.5,4,1.41,7.63186,39708000
"696","BMW","BMW","1er-Reihe","Untere Mittelklasse (z.B. Golf)","Schrägheck","diesel",2013,10833,25.9,4.5,8.5,4,1.375,7.409772,39931000
"697","BMW","BMW","1er-Reihe","Untere Mittelklasse (z.B. Golf)","Schrägheck","diesel",2014,9687,25.9,4.5,8.5,4,1.375,7.409772,40224000
"698","BMW","BMW","1er-Reihe","Untere Mittelklasse (z.B. Golf)","Schrägheck","diesel",2015,8229,31,3.9,8.5,3,1.41,7.640685,40775000
"699","BMW","BMW","1er-Reihe","Untere Mittelklasse (z.B. Golf)","Schrägheck","diesel",2016,6799,32.2,4,8.5,3,1.425,7.640685,40959000
"700","BMW","BMW","1er-Reihe","Untere Mittelklasse (z.B. Golf)","Schrägheck","diesel",2017,5071,32.2,4,8.5,3,1.425,7.640685,41303000
"701","BMW","BMW","1er-Reihe","Untere Mittelklasse (z.B. Golf)","Schrägheck","gasoline",2012,16530,26.525,5.7,10,4,1.38,7.63186,39708000
"702","BMW","BMW","1er-Reihe","Untere Mittelklasse (z.B. Golf)","Schrägheck","gasoline",2013,13462,26.525,5.7,10,4,1.38,7.63186,39931000
"703","BMW","BMW","1er-Reihe","Untere Mittelklasse (z.B. Golf)","Schrägheck","gasoline",2014,15480,26.525,5.7,10,4,1.38,7.63186,40224000
"704","BMW","BMW","1er-Reihe","Untere Mittelklasse (z.B. Golf)","Schrägheck","gasoline",2015,10114,26.525,5.7,10,4,1.38,7.63186,40775000
"705","BMW","BMW","1er-Reihe","Untere Mittelklasse (z.B. Golf)","Schrägheck","gasoline",2016,11988,30.375,5.25,10,3,1.38,7.640685,40959000
"706","BMW","BMW","1er-Reihe","Untere Mittelklasse (z.B. Golf)","Schrägheck","gasoline",2017,16481,30.375,5.25,10,3,1.38,7.640685,41303000
"707","BMW","BMW","1er-Reihe","Untere Mittelklasse (z.B. Golf)","Schrägheck","gasoline",2012,2074,32.175,6.7,10.5,4,1.5075,7.62128,39708000
"708","BMW","BMW","1er-Reihe","Untere Mittelklasse (z.B. Golf)","Cabrio","gasoline",2013,1139,33.725,6.7,10.5,4,1.5075,7.62128,39931000
"709","BMW","BMW","1er-Reihe","Untere Mittelklasse (z.B. Golf)","Cabrio","gasoline",2014,477,33.725,6.7,10.5,4,1.5075,7.62128,40224000
"710","BMW","BMW","1er-Reihe","Untere Mittelklasse (z.B. Golf)","Schrägheck","gasoline",2012,4651,29.5,5.8,12.5,4,1.385,7.63186,39708000
"711","BMW","BMW","1er-Reihe","Untere Mittelklasse (z.B. Golf)","Schrägheck","gasoline",2013,3102,29.5,5.8,12.5,4,1.385,7.63186,39931000
"712","BMW","BMW","1er-Reihe","Untere Mittelklasse (z.B. Golf)","Schrägheck","gasoline",2014,2118,29.5,5.8,12.5,4,1.385,7.63186,40224000
"713","BMW","BMW","1er-Reihe","Untere Mittelklasse (z.B. Golf)","Schrägheck","gasoline",2015,547,29.5,5.8,12.5,4,1.385,7.63186,40775000
"714","BMW","BMW","1er-Reihe","Untere Mittelklasse (z.B. Golf)","Schrägheck","gasoline",2015,1015,30.15,5.7,13,4,1.38,7.640685,40775000
"715","BMW","BMW","1er-Reihe","Untere Mittelklasse (z.B. Golf)","Schrägheck","gasoline",2016,806,30.15,5.7,13,4,1.38,7.640685,40959000
"716","BMW","BMW","1er-Reihe","Untere Mittelklasse (z.B. Golf)","Schrägheck","gasoline",2016,1378,34,5.7,13.5,4,1.455,7.640685,40959000
"717","BMW","BMW","1er-Reihe","Untere Mittelklasse (z.B. Golf)","Schrägheck","gasoline",2017,4656,34,5.7,13.5,4,1.455,7.640685,41303000
"718","BMW","BMW","1er-Reihe","Untere Mittelklasse (z.B. Golf)","Schrägheck","gasoline",2012,823,39.825,8.3,16,6,1.6,7.62128,39708000
"719","BMW","BMW","1er-Reihe","Untere Mittelklasse (z.B. Golf)","Schrägheck","gasoline",2013,608,33.475,6.5,16,4,1.435,7.63186,39931000
"720","BMW","BMW","1er-Reihe","Untere Mittelklasse (z.B. Golf)","Schrägheck","gasoline",2014,232,34.5,6.55,16,4,1.435,7.63186,40224000
"721","BMW","BMW","1er-Reihe","Untere Mittelklasse (z.B. Golf)","Schrägheck","gasoline",2015,371,34.5,6.55,16,4,1.435,7.63186,40775000
"722","BMW","BMW","1er-Reihe","Untere Mittelklasse (z.B. Golf)","Schrägheck","gasoline",2016,183,34.5,6.55,16,4,1.435,7.63186,40959000
"723","BMW","BMW","1er-Reihe","Untere Mittelklasse (z.B. Golf)","Schrägheck","gasoline",2016,202,39.15,5.9,16.5,4,1.475,7.640685,40959000
"724","BMW","BMW","1er-Reihe","Untere Mittelklasse (z.B. Golf)","Schrägheck","gasoline",2017,427,39.15,5.9,16.5,4,1.475,7.640685,41303000
"725","BMW","BMW","1er-Reihe","Untere Mittelklasse (z.B. Golf)","Coupe","gasoline",2012,436,42.405,8.5,22.5,6,1.545,7.62128,39708000
"726","BMW","BMW","1er-Reihe","Untere Mittelklasse (z.B. Golf)","Coupe","gasoline",2013,238,47.83,8.6,22.5,6,1.67,7.62128,39931000
"727","BMW","BMW","1er-Reihe","Untere Mittelklasse (z.B. Golf)","Schrägheck","gasoline",2012,413,40.975,7.75,23.5,6,1.5075,7.63186,39708000
"728","BMW","BMW","1er-Reihe","Untere Mittelklasse (z.B. Golf)","Schrägheck","gasoline",2013,1823,44.75,7.8,23.5,6,1.595,7.6601,39931000
"729","BMW","BMW","1er-Reihe","Untere Mittelklasse (z.B. Golf)","Schrägheck","gasoline",2014,1479,41.725,7.75,23.5,6,1.5125,7.63186,40224000
"730","BMW","BMW","1er-Reihe","Untere Mittelklasse (z.B. Golf)","Schrägheck","gasoline",2015,228,41.725,7.75,23.5,6,1.5125,7.63186,40775000
"731","BMW","BMW","1er-Reihe","Untere Mittelklasse (z.B. Golf)","Schrägheck","gasoline",2015,1128,47.1,7.8,24,6,1.595,7.63186,40775000
"732","BMW","BMW","1er-Reihe","Untere Mittelklasse (z.B. Golf)","Schrägheck","gasoline",2016,679,47.1,7.8,24,6,1.595,7.63186,40959000
"733","BMW","BMW","1er-Reihe","Untere Mittelklasse (z.B. Golf)","Coupe","gasoline",2012,510,51.5,9.6,25,6,1.57,7.89714,39708000
"734","BMW","BMW","1er-Reihe","Untere Mittelklasse (z.B. Golf)","Schrägheck","gasoline",2016,1013,50.15,7.4,25,6,1.615,7.63186,40959000
"735","BMW","BMW","1er-Reihe","Untere Mittelklasse (z.B. Golf)","Schrägheck","gasoline",2017,2436,45.95,7.4,25,6,1.55,7.63186,41303000
"736","BMW","BMW","1er-Reihe","Untere Mittelklasse (z.B. Golf)","Schrägheck","gasoline",2012,5064,24.55,5.7,7.5,4,1.375,7.63186,39708000
"737","BMW","BMW","1er-Reihe","Untere Mittelklasse (z.B. Golf)","Schrägheck","gasoline",2013,6548,24.55,5.7,7.5,4,1.375,7.63186,39931000
"738","BMW","BMW","1er-Reihe","Untere Mittelklasse (z.B. Golf)","Schrägheck","gasoline",2014,6231,24.55,5.7,7.5,4,1.375,7.63186,40224000
"739","BMW","BMW","1er-Reihe","Untere Mittelklasse (z.B. Golf)","Schrägheck","gasoline",2015,1178,24.55,5.7,7.5,4,1.375,7.63186,40775000
"740","BMW","BMW","1er-Reihe","Untere Mittelklasse (z.B. Golf)","Schrägheck","gasoline",2015,10549,27.5,5.3,8,3,1.38,7.640685,40775000
"741","BMW","BMW","1er-Reihe","Untere Mittelklasse (z.B. Golf)","Schrägheck","gasoline",2016,11485,29.1,5.3,8,3,1.38,7.640685,40959000
"742","BMW","BMW","1er-Reihe","Untere Mittelklasse (z.B. Golf)","Schrägheck","gasoline",2017,6552,29.1,5.3,8,3,1.38,7.640685,41303000
"743","BMW","BMW","1er-Reihe","Untere Mittelklasse (z.B. Golf)","Schrägheck","gasoline",2012,744,25.075,6.35,9,4,1.335,7.409772,39708000
"744","BMW","BMW","2er-Reihe","Untere Mittelklasse (z.B. Golf)","Coupe","diesel",2014,345,31.7,4.3,10.5,4,1.43,7.862368,40224000
"745","BMW","BMW","2er-Reihe","Untere Mittelklasse (z.B. Golf)","Coupe","diesel",2015,283,31.7,4.3,10.5,4,1.43,7.862368,40775000
"746","BMW","BMW","2er-Reihe","Untere Mittelklasse (z.B. Golf)","Van","diesel",2014,1676,37.85,4.5,11,4,1.4675,7.8156,40224000
"747","BMW","BMW","2er-Reihe","Untere Mittelklasse (z.B. Golf)","Van","diesel",2015,9768,37.85,4.5,11,4,1.4675,7.8156,40775000
"748","BMW","BMW","2er-Reihe","Untere Mittelklasse (z.B. Golf)","Van","diesel",2016,12703,37.85,4.5,11,4,1.4675,7.8156,40959000
"749","BMW","BMW","2er-Reihe","Untere Mittelklasse (z.B. Golf)","Van","diesel",2017,8904,38.3,4.5,11,4,1.5025,7.8264,41303000
"750","BMW","BMW","2er-Reihe","Untere Mittelklasse (z.B. Golf)","Coupe","diesel",2014,1127,35.15,4.45,13.5,4,1.4575,7.862368,40224000
"751","BMW","BMW","2er-Reihe","Untere Mittelklasse (z.B. Golf)","Coupe","diesel",2015,181,35.15,4.45,13.5,4,1.4575,7.862368,40775000
"752","BMW","BMW","2er-Reihe","Untere Mittelklasse (z.B. Golf)","Van","diesel",2014,396,42.1,4.7,14,4,1.585,7.8156,40224000
"753","BMW","BMW","2er-Reihe","Untere Mittelklasse (z.B. Golf)","Van","diesel",2015,7353,42.1,4.7,14,4,1.585,7.8156,40775000
"754","BMW","BMW","2er-Reihe","Untere Mittelklasse (z.B. Golf)","Van","diesel",2016,7170,43.35,4.9,14,4,1.64,8.2008,40959000
"755","BMW","BMW","2er-Reihe","Untere Mittelklasse (z.B. Golf)","Van","diesel",2017,4295,43.35,4.9,14,4,1.64,8.2008,41303000
"756","BMW","BMW","2er-Reihe","Untere Mittelklasse (z.B. Golf)","Coupe","diesel",2014,239,38.9,4.7,16,4,1.495,7.862368,40224000
"757","BMW","BMW","2er-Reihe","Untere Mittelklasse (z.B. Golf)","Coupe","diesel",2015,151,38.9,4.7,16,4,1.495,7.862368,40775000
"758","BMW","BMW","2er-Reihe","Untere Mittelklasse (z.B. Golf)","Coupe","diesel",2015,190,41.45,4.6,16.5,4,1.505,7.862368,40775000
"759","BMW","BMW","2er-Reihe","Untere Mittelklasse (z.B. Golf)","Coupe","diesel",2016,441,46.7,4.9,16.5,4,1.65,7.862368,40959000
"760","BMW","BMW","2er-Reihe","Untere Mittelklasse (z.B. Golf)","Coupe","diesel",2017,218,42.85,4.6,16.5,4,1.505,7.862368,41303000
"761","BMW","BMW","2er-Reihe","Untere Mittelklasse (z.B. Golf)","Van","diesel",2015,335,29.35,3.8,7,3,1.425,7.8156,40775000
"762","BMW","BMW","2er-Reihe","Untere Mittelklasse (z.B. Golf)","Van","diesel",2016,181,29.35,3.8,7,3,1.425,7.8156,40959000
"763","BMW","BMW","2er-Reihe","Untere Mittelklasse (z.B. Golf)","Van","diesel",2015,2340,32.55,4,8.5,3,1.44,7.8156,40775000
"764","BMW","BMW","2er-Reihe","Untere Mittelklasse (z.B. Golf)","Van","diesel",2016,3324,32.55,4,8.5,3,1.44,7.8156,40959000
"765","BMW","BMW","2er-Reihe","Untere Mittelklasse (z.B. Golf)","Van","diesel",2017,2093,32.55,4.2,8.5,3,1.47,7.8156,41303000
"766","BMW","BMW","2er-Reihe","Untere Mittelklasse (z.B. Golf)","Van","gasoline",2014,1891,34.1,5.1,10,3,1.43,7.8156,40224000
"767","BMW","BMW","2er-Reihe","Untere Mittelklasse (z.B. Golf)","Van","gasoline",2015,12593,34.1,5.1,10,3,1.43,7.8156,40775000
"768","BMW","BMW","2er-Reihe","Untere Mittelklasse (z.B. Golf)","Van","gasoline",2016,13778,34.1,5.1,10,3,1.43,7.8156,40959000
"769","BMW","BMW","2er-Reihe","Untere Mittelklasse (z.B. Golf)","Van","gasoline",2017,9797,34.1,5.1,10,3,1.43,7.8156,41303000
"770","BMW","BMW","2er-Reihe","Untere Mittelklasse (z.B. Golf)","Van","gasoline",2017,281,31.8,5.95,10.3,3,1.5025,8.2224,41303000
"771","BMW","BMW","2er-Reihe","Untere Mittelklasse (z.B. Golf)","Coupe","gasoline",2014,1133,33.725,5.8,13.5,4,1.465,7.862368,40224000
"772","BMW","BMW","2er-Reihe","Untere Mittelklasse (z.B. Golf)","Coupe","gasoline",2015,2601,39.125,6.3,13.5,4,1.6,7.862368,40775000
"773","BMW","BMW","2er-Reihe","Untere Mittelklasse (z.B. Golf)","Coupe","gasoline",2016,2113,39.6,6.3,13.5,4,1.605,7.862368,40959000
"774","BMW","BMW","2er-Reihe","Untere Mittelklasse (z.B. Golf)","Coupe","gasoline",2017,1746,40.4,6.1,13.5,4,1.615,7.862368,41303000
"775","BMW","BMW","2er-Reihe","Untere Mittelklasse (z.B. Golf)","Van","gasoline",2014,228,34.55,5.9,14.1,4,1.475,7.8156,40224000
"776","BMW","BMW","2er-Reihe","Untere Mittelklasse (z.B. Golf)","Van","gasoline",2015,3023,34.55,5.9,14.1,4,1.475,7.8156,40775000
"777","BMW","BMW","2er-Reihe","Untere Mittelklasse (z.B. Golf)","Van","gasoline",2016,4058,34.55,5.9,14.1,4,1.475,7.8156,40959000
"778","BMW","BMW","2er-Reihe","Untere Mittelklasse (z.B. Golf)","Van","gasoline",2017,4122,35,5.8,14.1,4,1.48,7.8156,41303000
"779","BMW","BMW","2er-Reihe","Untere Mittelklasse (z.B. Golf)","Van","gasoline",2014,321,40.2,5.8,17,4,1.505,7.8156,40224000
"780","BMW","BMW","2er-Reihe","Untere Mittelklasse (z.B. Golf)","Van","gasoline",2015,688,44.25,6.4,17,4,1.585,7.8156,40775000
"781","BMW","BMW","2er-Reihe","Untere Mittelklasse (z.B. Golf)","Van","gasoline",2016,425,44.25,6.4,17,4,1.585,7.8156,40959000
"782","BMW","BMW","2er-Reihe","Untere Mittelklasse (z.B. Golf)","Van","gasoline",2017,324,43.225,6.4,17,4,1.585,7.8156,41303000
"783","BMW","BMW","2er-Reihe","Untere Mittelklasse (z.B. Golf)","Coupe","gasoline",2014,109,36.2,6.6,18,4,1.46,7.862368,40224000
"784","BMW","BMW","2er-Reihe","Untere Mittelklasse (z.B. Golf)","Coupe","gasoline",2015,745,40.35,6.8,18,4,1.61,7.862368,40775000
"785","BMW","BMW","2er-Reihe","Untere Mittelklasse (z.B. Golf)","Coupe","gasoline",2016,440,40.35,6.8,18,4,1.61,7.862368,40959000
"786","BMW","BMW","2er-Reihe","Untere Mittelklasse (z.B. Golf)","Coupe","gasoline",2016,264,45.95,6,18.5,4,1.65,7.862368,40959000
"787","BMW","BMW","2er-Reihe","Untere Mittelklasse (z.B. Golf)","Coupe","gasoline",2017,574,46.65,6,18.5,4,1.65,7.862368,41303000
"788","BMW","BMW","2er-Reihe","Untere Mittelklasse (z.B. Golf)","Coupe","gasoline",2014,1298,46.225,7.85,24,6,1.5375,7.901396,40224000
"789","BMW","BMW","2er-Reihe","Untere Mittelklasse (z.B. Golf)","Coupe","gasoline",2015,2093,50.225,8.2,24,6,1.685,7.901396,40775000
"790","BMW","BMW","2er-Reihe","Untere Mittelklasse (z.B. Golf)","Coupe","gasoline",2016,1408,50.225,8.2,24,6,1.685,7.901396,40959000
"791","BMW","BMW","2er-Reihe","Untere Mittelklasse (z.B. Golf)","Coupe","gasoline",2016,914,47.65,7.1,25,6,1.56,7.901396,40959000
"792","BMW","BMW","2er-Reihe","Untere Mittelklasse (z.B. Golf)","Coupe","gasoline",2017,1849,48.775,7.2,25,6,1.5625,7.901396,41303000
"793","BMW","BMW","2er-Reihe","Untere Mittelklasse (z.B. Golf)","Coupe","gasoline",2016,879,62.6,8.2,27.2,6,1.5825,8.283672,40959000
"794","BMW","BMW","2er-Reihe","Untere Mittelklasse (z.B. Golf)","Coupe","gasoline",2017,2266,62.6,8.2,27.2,6,1.5825,8.283672,41303000
"795","BMW","BMW","2er-Reihe","Untere Mittelklasse (z.B. Golf)","Van","gasoline",2015,122,30.2,5.3,7.5,3,1.475,8.2008,40775000
"796","BMW","BMW","2er-Reihe","Untere Mittelklasse (z.B. Golf)","Van","gasoline",2016,1332,29.25,5.4,7.5,3,1.415,7.8156,40959000
"797","BMW","BMW","2er-Reihe","Untere Mittelklasse (z.B. Golf)","Van","gasoline",2017,840,29.25,5.4,7.5,3,1.415,7.8156,41303000
"798","BMW","BMW","3er-Reihe","Mittelklasse (z.B. BMW 3er-Reihe)","Stufenheck","diesel",2012,11478,36.785,5.1,10.5,4,1.58,8.225559,39708000
"799","BMW","BMW","3er-Reihe","Mittelklasse (z.B. BMW 3er-Reihe)","Stufenheck","diesel",2013,15523,37.945,4.7,10.5,4,1.56,8.374064,39931000
"800","BMW","BMW","3er-Reihe","Mittelklasse (z.B. BMW 3er-Reihe)","Stufenheck","diesel",2014,13147,37.945,4.7,10.5,4,1.56,8.374064,40224000
"801","BMW","BMW","3er-Reihe","Mittelklasse (z.B. BMW 3er-Reihe)","Stufenheck","diesel",2015,6419,37.945,4.7,10.5,4,1.56,8.374064,40775000
"802","BMW","BMW","3er-Reihe","Mittelklasse (z.B. BMW 3er-Reihe)","Stufenheck","diesel",2015,4239,39.6,4.3,11,4,1.595,8.390363,40775000
"803","BMW","BMW","3er-Reihe","Mittelklasse (z.B. BMW 3er-Reihe)","Stufenheck","diesel",2016,10636,39.6,4.3,11,4,1.595,8.390363,40959000
"804","BMW","BMW","3er-Reihe","Mittelklasse (z.B. BMW 3er-Reihe)","Stufenheck","diesel",2017,8222,39.6,4.3,11,4,1.595,8.390363,41303000
"805","BMW","BMW","3er-Reihe","Mittelklasse (z.B. BMW 3er-Reihe)","Stufenheck","diesel",2012,2722,37,4.3,12,4,1.58,8.225559,39708000
"806","BMW","BMW","3er-Reihe","Mittelklasse (z.B. BMW 3er-Reihe)","Stufenheck","diesel",2013,1903,39.325,4.3,12,4,1.5775,8.374064,39931000
"807","BMW","BMW","3er-Reihe","Mittelklasse (z.B. BMW 3er-Reihe)","Stufenheck","diesel",2014,2716,39.325,4.3,12,4,1.5775,8.374064,40224000
"808","BMW","BMW","3er-Reihe","Mittelklasse (z.B. BMW 3er-Reihe)","Stufenheck","diesel",2015,1718,39.325,4.3,12,4,1.5775,8.374064,40775000
"809","BMW","BMW","3er-Reihe","Mittelklasse (z.B. BMW 3er-Reihe)","Stufenheck","diesel",2016,1656,42.15,4.1,12,4,1.585,8.390363,40959000
"810","BMW","BMW","3er-Reihe","Mittelklasse (z.B. BMW 3er-Reihe)","Stufenheck","diesel",2017,1207,42.15,4.1,12,4,1.585,8.390363,41303000
"811","BMW","BMW","3er-Reihe","Mittelklasse (z.B. BMW 3er-Reihe)","Stufenheck","diesel",2012,25870,39.245,4.5,13.5,4,1.495,8.374064,39708000
"812","BMW","BMW","3er-Reihe","Mittelklasse (z.B. BMW 3er-Reihe)","Stufenheck","diesel",2013,27542,40.355,4.8,13.5,4,1.575,8.374064,39931000
"813","BMW","BMW","3er-Reihe","Mittelklasse (z.B. BMW 3er-Reihe)","Stufenheck","diesel",2014,22241,40.995,4.7,13.5,4,1.57,8.374064,40224000
"814","BMW","BMW","3er-Reihe","Mittelklasse (z.B. BMW 3er-Reihe)","Stufenheck","diesel",2015,10199,40.995,4.7,13.5,4,1.57,8.374064,40775000
"815","BMW","BMW","3er-Reihe","Mittelklasse (z.B. BMW 3er-Reihe)","Stufenheck","diesel",2015,8301,42.9,4.55,14,4,1.625,8.390363,40775000
"816","BMW","BMW","3er-Reihe","Mittelklasse (z.B. BMW 3er-Reihe)","Stufenheck","diesel",2016,17570,42.9,4.55,14,4,1.625,8.390363,40959000
"817","BMW","BMW","3er-Reihe","Mittelklasse (z.B. BMW 3er-Reihe)","Stufenheck","diesel",2017,15132,42.9,4.55,14,4,1.625,8.390363,41303000
"818","BMW","BMW","3er-Reihe","Mittelklasse (z.B. BMW 3er-Reihe)","Kombi","diesel",2012,1127,42.615,6,15,6,1.6725,8.225559,39708000
"819","BMW","BMW","3er-Reihe","Mittelklasse (z.B. BMW 3er-Reihe)","Coupe","diesel",2013,356,51.95,6.25,15,6,1.8225,8.218584,39931000
"820","BMW","BMW","3er-Reihe","Mittelklasse (z.B. BMW 3er-Reihe)","Stufenheck","diesel",2013,967,44.5,4.95,16,4,1.625,8.374064,39931000
"821","BMW","BMW","3er-Reihe","Mittelklasse (z.B. BMW 3er-Reihe)","Stufenheck","diesel",2014,1778,45.45,5,16,4,1.625,8.374064,40224000
"822","BMW","BMW","3er-Reihe","Mittelklasse (z.B. BMW 3er-Reihe)","Stufenheck","diesel",2015,1235,45.45,5,16,4,1.625,8.374064,40775000
"823","BMW","BMW","3er-Reihe","Mittelklasse (z.B. BMW 3er-Reihe)","Stufenheck","diesel",2016,249,45.45,5,16,4,1.625,8.374064,40959000
"824","BMW","BMW","3er-Reihe","Mittelklasse (z.B. BMW 3er-Reihe)","Stufenheck","diesel",2016,694,47.75,4.9,16.5,4,1.64,8.390363,40959000
"825","BMW","BMW","3er-Reihe","Mittelklasse (z.B. BMW 3er-Reihe)","Stufenheck","diesel",2017,740,47.75,4.9,16.5,4,1.64,8.390363,41303000
"826","BMW","BMW","3er-Reihe","Mittelklasse (z.B. BMW 3er-Reihe)","Kombi","diesel",2012,1314,55.05,6.25,18,6,1.8325,8.218584,39708000
"827","BMW","BMW","3er-Reihe","Mittelklasse (z.B. BMW 3er-Reihe)","Coupe","diesel",2013,498,55.05,6.25,18,6,1.8325,8.218584,39931000
"828","BMW","BMW","3er-Reihe","Mittelklasse (z.B. BMW 3er-Reihe)","Stufenheck","diesel",2012,1848,49.2,5.1,19,6,1.68,8.374064,39708000
"829","BMW","BMW","3er-Reihe","Mittelklasse (z.B. BMW 3er-Reihe)","Stufenheck","diesel",2013,4985,49.2,5.1,19,6,1.68,8.374064,39931000
"830","BMW","BMW","3er-Reihe","Mittelklasse (z.B. BMW 3er-Reihe)","Stufenheck","diesel",2014,3819,54.55,5.4,19,6,1.7525,8.3822135,40224000
"831","BMW","BMW","3er-Reihe","Mittelklasse (z.B. BMW 3er-Reihe)","Stufenheck","diesel",2015,3305,54.55,5.4,19,6,1.7525,8.3822135,40775000
"832","BMW","BMW","3er-Reihe","Mittelklasse (z.B. BMW 3er-Reihe)","Stufenheck","diesel",2016,2733,54.55,5.4,19,6,1.7525,8.3822135,40959000
"833","BMW","BMW","3er-Reihe","Mittelklasse (z.B. BMW 3er-Reihe)","Stufenheck","diesel",2017,2234,58.775,5.75,19,6,1.775,8.390363,41303000
"834","BMW","BMW","3er-Reihe","Mittelklasse (z.B. BMW 3er-Reihe)","Kombi","diesel",2012,209,51.85,6.6,21,6,1.645,8.218584,39708000
"835","BMW","BMW","3er-Reihe","Mittelklasse (z.B. BMW 3er-Reihe)","Stufenheck","diesel",2013,324,52.5,5.4,23,6,1.705,8.374064,39931000
"836","BMW","BMW","3er-Reihe","Mittelklasse (z.B. BMW 3er-Reihe)","Stufenheck","diesel",2014,1313,60.225,5.7,23,6,1.77,8.390363,40224000
"837","BMW","BMW","3er-Reihe","Mittelklasse (z.B. BMW 3er-Reihe)","Stufenheck","diesel",2015,1050,60.225,5.7,23,6,1.77,8.390363,40775000
"838","BMW","BMW","3er-Reihe","Mittelklasse (z.B. BMW 3er-Reihe)","Stufenheck","diesel",2016,943,60.225,5.7,23,6,1.77,8.390363,40959000
"839","BMW","BMW","3er-Reihe","Mittelklasse (z.B. BMW 3er-Reihe)","Stufenheck","diesel",2017,745,61.2,5.7,23,6,1.77,8.390363,41303000
"840","BMW","BMW","3er-Reihe","Mittelklasse (z.B. BMW 3er-Reihe)","Stufenheck","diesel",2012,3555,34.95,4.3,8.5,4,1.5,8.374064,39708000
"841","BMW","BMW","3er-Reihe","Mittelklasse (z.B. BMW 3er-Reihe)","Stufenheck","diesel",2013,3243,35.835,4.5,8.5,4,1.57,8.374064,39931000
"842","BMW","BMW","3er-Reihe","Mittelklasse (z.B. BMW 3er-Reihe)","Stufenheck","diesel",2014,2445,36.4,4.6,8.5,4,1.57,8.374064,40224000
"843","BMW","BMW","3er-Reihe","Mittelklasse (z.B. BMW 3er-Reihe)","Stufenheck","diesel",2015,2079,36.4,4.6,8.5,4,1.57,8.374064,40775000
"844","BMW","BMW","3er-Reihe","Mittelklasse (z.B. BMW 3er-Reihe)","Stufenheck","diesel",2016,1571,36.4,4.6,8.5,4,1.57,8.374064,40959000
"845","BMW","BMW","3er-Reihe","Mittelklasse (z.B. BMW 3er-Reihe)","Stufenheck","diesel",2017,862,37,4.1,8.5,4,1.585,8.390363,41303000
"846","BMW","BMW","3er-Reihe","Mittelklasse (z.B. BMW 3er-Reihe)","Stufenheck","gasoline",2012,425,32.23,5.9,10,4,1.47,8.374064,39708000
"847","BMW","BMW","3er-Reihe","Mittelklasse (z.B. BMW 3er-Reihe)","Stufenheck","gasoline",2013,3597,32.23,5.9,10,4,1.47,8.374064,39931000
"848","BMW","BMW","3er-Reihe","Mittelklasse (z.B. BMW 3er-Reihe)","Stufenheck","gasoline",2014,2638,32.23,5.9,10,4,1.47,8.374064,40224000
"849","BMW","BMW","3er-Reihe","Mittelklasse (z.B. BMW 3er-Reihe)","Stufenheck","gasoline",2015,1576,32.23,5.9,10,4,1.47,8.374064,40775000
"850","BMW","BMW","3er-Reihe","Mittelklasse (z.B. BMW 3er-Reihe)","Stufenheck","gasoline",2016,1889,35.1,5.4,10,3,1.545,8.390363,40959000
"851","BMW","BMW","3er-Reihe","Mittelklasse (z.B. BMW 3er-Reihe)","Stufenheck","gasoline",2017,1731,35.1,5.4,10,3,1.545,8.390363,41303000
"852","BMW","BMW","3er-Reihe","Mittelklasse (z.B. BMW 3er-Reihe)","Stufenheck","gasoline",2012,2394,33.885,6.4,10.5,4,1.52,8.225559,39708000
"853","BMW","BMW","3er-Reihe","Mittelklasse (z.B. BMW 3er-Reihe)","Coupe","gasoline",2013,220,42.5,6.6,10.5,4,1.67,8.218584,39931000
"854","BMW","BMW","3er-Reihe","Mittelklasse (z.B. BMW 3er-Reihe)","Stufenheck","gasoline",2012,1105,45.45,7.05,12.5,4,1.685,8.218584,39708000
"855","BMW","BMW","3er-Reihe","Mittelklasse (z.B. BMW 3er-Reihe)","Stufenheck","gasoline",2013,488,45.45,7.05,12.5,4,1.685,8.218584,39931000
"856","BMW","BMW","3er-Reihe","Mittelklasse (z.B. BMW 3er-Reihe)","Stufenheck","gasoline",2014,119,45.45,7.05,12.5,4,1.685,8.218584,40224000
"857","BMW","BMW","3er-Reihe","Mittelklasse (z.B. BMW 3er-Reihe)","Stufenheck","gasoline",2012,3272,36.275,6.05,13.5,4,1.485,8.374064,39708000
"858","BMW","BMW","3er-Reihe","Mittelklasse (z.B. BMW 3er-Reihe)","Stufenheck","gasoline",2013,4159,36.275,6.05,13.5,4,1.485,8.374064,39931000
"859","BMW","BMW","3er-Reihe","Mittelklasse (z.B. BMW 3er-Reihe)","Stufenheck","gasoline",2014,2758,41.925,5.8,13.5,4,1.505,8.390363,40224000
"860","BMW","BMW","3er-Reihe","Mittelklasse (z.B. BMW 3er-Reihe)","Stufenheck","gasoline",2015,2551,43.625,6.1,13.5,4,1.585,8.390363,40775000
"861","BMW","BMW","3er-Reihe","Mittelklasse (z.B. BMW 3er-Reihe)","Stufenheck","gasoline",2016,2928,43.625,6.1,13.5,4,1.585,8.390363,40959000
"862","BMW","BMW","3er-Reihe","Mittelklasse (z.B. BMW 3er-Reihe)","Stufenheck","gasoline",2017,3828,43.625,6.1,13.5,4,1.585,8.390363,41303000
"863","BMW","BMW","3er-Reihe","Mittelklasse (z.B. BMW 3er-Reihe)","Kombi","gasoline",2012,783,49.14,7.7,16,6,1.745,8.218584,39708000
"864","BMW","BMW","3er-Reihe","Mittelklasse (z.B. BMW 3er-Reihe)","Coupe","gasoline",2013,224,49.14,7.7,16,6,1.745,8.218584,39931000
"865","BMW","BMW","3er-Reihe","Mittelklasse (z.B. BMW 3er-Reihe)","Stufenheck","gasoline",2012,2668,40.575,6.35,18,4,1.505,8.374064,39708000
"866","BMW","BMW","3er-Reihe","Mittelklasse (z.B. BMW 3er-Reihe)","Stufenheck","gasoline",2013,2320,40.575,6.35,18,4,1.505,8.374064,39931000
"867","BMW","BMW","3er-Reihe","Mittelklasse (z.B. BMW 3er-Reihe)","Stufenheck","gasoline",2014,1344,40.575,6.35,18,4,1.505,8.374064,40224000
"868","BMW","BMW","3er-Reihe","Mittelklasse (z.B. BMW 3er-Reihe)","Stufenheck","gasoline",2015,447,40.575,6.35,18,4,1.505,8.374064,40775000
"869","BMW","BMW","3er-Reihe","Mittelklasse (z.B. BMW 3er-Reihe)","Stufenheck","gasoline",2015,360,45.35,6,18.5,4,1.57,8.390363,40775000
"870","BMW","BMW","3er-Reihe","Mittelklasse (z.B. BMW 3er-Reihe)","Stufenheck","gasoline",2016,837,47.1,6.3,18.5,4,1.64,8.390363,40959000
"871","BMW","BMW","3er-Reihe","Mittelklasse (z.B. BMW 3er-Reihe)","Stufenheck","gasoline",2017,1274,47.1,6.3,18.5,4,1.64,8.390363,41303000
"872","BMW","BMW","3er-Reihe","Mittelklasse (z.B. BMW 3er-Reihe)","Kombi","gasoline",2012,251,54.15,8,20,6,1.7875,8.218584,39708000
"873","BMW","BMW","3er-Reihe","Mittelklasse (z.B. BMW 3er-Reihe)","Coupe","gasoline",2013,123,54.15,8,20,6,1.7875,8.218584,39931000
"874","BMW","BMW","3er-Reihe","Mittelklasse (z.B. BMW 3er-Reihe)","Stufenheck","gasoline",2012,1895,47.45,7.55,22.5,6,1.585,8.374064,39708000
"875","BMW","BMW","3er-Reihe","Mittelklasse (z.B. BMW 3er-Reihe)","Stufenheck","gasoline",2013,1660,49.95,7.9,22.5,6,1.6275,8.374064,39931000
"876","BMW","BMW","3er-Reihe","Mittelklasse (z.B. BMW 3er-Reihe)","Stufenheck","gasoline",2014,805,53.65,8,22.5,6,1.79,8.818272,40224000
"877","BMW","BMW","3er-Reihe","Mittelklasse (z.B. BMW 3er-Reihe)","Stufenheck","gasoline",2015,215,53.65,8,22.5,6,1.79,8.818272,40775000
"878","BMW","BMW","3er-Reihe","Mittelklasse (z.B. BMW 3er-Reihe)","Stufenheck","gasoline",2015,425,48.8,7.4,24,6,1.605,8.390363,40775000
"879","BMW","BMW","3er-Reihe","Mittelklasse (z.B. BMW 3er-Reihe)","Stufenheck","gasoline",2016,956,58.6,7.6,24,6,1.755,8.390363,40959000
"880","BMW","BMW","3er-Reihe","Mittelklasse (z.B. BMW 3er-Reihe)","Stufenheck","gasoline",2017,1098,58.6,7.6,24,6,1.755,8.390363,41303000
"881","BMW","BMW","3er-Reihe","Mittelklasse (z.B. BMW 3er-Reihe)","Stufenheck","gasoline",2012,746,66,12.4,30.9,8,1.69,8.32186,39708000
"882","BMW","BMW","3er-Reihe","Mittelklasse (z.B. BMW 3er-Reihe)","Stufenheck","gasoline",2013,629,66,12.4,30.9,8,1.69,8.32186,39931000
"883","BMW","BMW","3er-Reihe","Mittelklasse (z.B. BMW 3er-Reihe)","Stufenheck","gasoline",2014,235,74.35,8.55,31.7,6,1.615,8.767467,40224000
"884","BMW","BMW","3er-Reihe","Mittelklasse (z.B. BMW 3er-Reihe)","Stufenheck","gasoline",2015,386,74.35,8.55,31.7,6,1.615,8.767467,40775000
"885","BMW","BMW","3er-Reihe","Mittelklasse (z.B. BMW 3er-Reihe)","Stufenheck","gasoline",2016,329,76.3,8.55,31.7,6,1.615,8.767467,40959000
"886","BMW","BMW","3er-Reihe","Mittelklasse (z.B. BMW 3er-Reihe)","Stufenheck","gasoline",2017,134,77.2,8.55,31.7,6,1.615,8.767467,41303000
"887","BMW","BMW","3er-Reihe","Mittelklasse (z.B. BMW 3er-Reihe)","Stufenheck","gasoline",2016,272,86.75,8.55,33.1,6,1.6225,8.767467,40959000
"888","BMW","BMW","3er-Reihe","Mittelklasse (z.B. BMW 3er-Reihe)","Stufenheck","gasoline",2017,513,86.75,8.55,33.1,6,1.6225,8.767467,41303000
"889","BMW","BMW","4er-Reihe","Mittelklasse (z.B. BMW 3er-Reihe)","Schrägheck","diesel",2014,167,39.2,4.7,10.5,4,1.565,8.46435,40224000
"890","BMW","BMW","4er-Reihe","Mittelklasse (z.B. BMW 3er-Reihe)","Schrägheck","diesel",2015,121,39.2,4.7,10.5,4,1.565,8.46435,40775000
"891","BMW","BMW","4er-Reihe","Mittelklasse (z.B. BMW 3er-Reihe)","Schrägheck","diesel",2015,217,42.75,4.4,11,4,1.595,8.46435,40775000
"892","BMW","BMW","4er-Reihe","Mittelklasse (z.B. BMW 3er-Reihe)","Schrägheck","diesel",2016,347,43.75,4.4,11,4,1.595,8.46435,40959000
"893","BMW","BMW","4er-Reihe","Mittelklasse (z.B. BMW 3er-Reihe)","Schrägheck","diesel",2017,204,44.25,4.5,11,4,1.605,8.46435,41303000
"894","BMW","BMW","4er-Reihe","Mittelklasse (z.B. BMW 3er-Reihe)","Coupe","diesel",2013,567,43.2,4.7,13.5,4,1.5325,8.46435,39931000
"895","BMW","BMW","4er-Reihe","Mittelklasse (z.B. BMW 3er-Reihe)","Schrägheck","diesel",2014,5520,49.025,5.05,13.5,4,1.7175,8.46435,40224000
"896","BMW","BMW","4er-Reihe","Mittelklasse (z.B. BMW 3er-Reihe)","Schrägheck","diesel",2015,2794,49.025,5.05,13.5,4,1.7175,8.46435,40775000
"897","BMW","BMW","4er-Reihe","Mittelklasse (z.B. BMW 3er-Reihe)","Schrägheck","diesel",2015,4384,44.65,4.3,14,4,1.5925,8.46435,40775000
"898","BMW","BMW","4er-Reihe","Mittelklasse (z.B. BMW 3er-Reihe)","Schrägheck","diesel",2016,5755,45.825,4.3,14,4,1.5975,8.46435,40959000
"899","BMW","BMW","4er-Reihe","Mittelklasse (z.B. BMW 3er-Reihe)","Schrägheck","diesel",2017,4981,46.55,4.5,14,4,1.6,8.46435,41303000
"900","BMW","BMW","4er-Reihe","Mittelklasse (z.B. BMW 3er-Reihe)","Coupe","diesel",2014,229,44,5,16,4,1.565,8.46435,40224000
"901","BMW","BMW","4er-Reihe","Mittelklasse (z.B. BMW 3er-Reihe)","Coupe","diesel",2015,305,51.1,5.2,16,4,1.715,8.46435,40775000
"902","BMW","BMW","4er-Reihe","Mittelklasse (z.B. BMW 3er-Reihe)","Schrägheck","diesel",2016,469,46.95,4.7,16.5,4,1.625,8.46435,40959000
"903","BMW","BMW","4er-Reihe","Mittelklasse (z.B. BMW 3er-Reihe)","Schrägheck","diesel",2017,118,46.95,4.7,16.5,4,1.625,8.46435,41303000
"904","BMW","BMW","4er-Reihe","Mittelklasse (z.B. BMW 3er-Reihe)","Schrägheck","diesel",2014,1488,53.1,5,19,6,1.615,8.46435,40224000
"905","BMW","BMW","4er-Reihe","Mittelklasse (z.B. BMW 3er-Reihe)","Schrägheck","diesel",2015,2792,52.8,5.3,19,6,1.68,8.46435,40775000
"906","BMW","BMW","4er-Reihe","Mittelklasse (z.B. BMW 3er-Reihe)","Schrägheck","diesel",2016,2481,56,5.5,19,6,1.75,8.46435,40959000
"907","BMW","BMW","4er-Reihe","Mittelklasse (z.B. BMW 3er-Reihe)","Schrägheck","diesel",2017,1757,55.1,5.3,19,6,1.68,8.46435,41303000
"908","BMW","BMW","4er-Reihe","Mittelklasse (z.B. BMW 3er-Reihe)","Schrägheck","diesel",2014,1169,57.7,5.6,23,6,1.7,8.46435,40224000
"909","BMW","BMW","4er-Reihe","Mittelklasse (z.B. BMW 3er-Reihe)","Schrägheck","diesel",2015,1752,57.7,5.7,23,4,1.76,8.46435,40775000
"910","BMW","BMW","4er-Reihe","Mittelklasse (z.B. BMW 3er-Reihe)","Schrägheck","diesel",2016,1375,59.2,5.7,23,4,1.76,8.46435,40959000
"911","BMW","BMW","4er-Reihe","Mittelklasse (z.B. BMW 3er-Reihe)","Schrägheck","diesel",2017,907,60.3,5.7,23,4,1.76,8.46435,41303000
"912","BMW","BMW","4er-Reihe","Mittelklasse (z.B. BMW 3er-Reihe)","Schrägheck","gasoline",2014,1336,40.1,6.1,13.5,4,1.525,8.46435,40224000
"913","BMW","BMW","4er-Reihe","Mittelklasse (z.B. BMW 3er-Reihe)","Schrägheck","gasoline",2015,2105,40.1,6.3,13.5,4,1.58,8.46435,40775000
"914","BMW","BMW","4er-Reihe","Mittelklasse (z.B. BMW 3er-Reihe)","Schrägheck","gasoline",2016,2136,45.1,5.8,13.5,4,1.595,8.46435,40959000
"915","BMW","BMW","4er-Reihe","Mittelklasse (z.B. BMW 3er-Reihe)","Schrägheck","gasoline",2017,2626,45.15,6.1,13.5,4,1.595,8.46435,41303000
"916","BMW","BMW","4er-Reihe","Mittelklasse (z.B. BMW 3er-Reihe)","Coupe","gasoline",2013,432,42.5,6.6,18,4,1.525,8.46435,39931000
"917","BMW","BMW","4er-Reihe","Mittelklasse (z.B. BMW 3er-Reihe)","Schrägheck","gasoline",2014,2633,49.6,6.8,18,4,1.755,8.46435,40224000
"918","BMW","BMW","4er-Reihe","Mittelklasse (z.B. BMW 3er-Reihe)","Schrägheck","gasoline",2015,1678,49.6,6.8,18,4,1.755,8.46435,40775000
"919","BMW","BMW","4er-Reihe","Mittelklasse (z.B. BMW 3er-Reihe)","Schrägheck","gasoline",2016,304,49.6,6.8,18,4,1.755,8.46435,40959000
"920","BMW","BMW","4er-Reihe","Mittelklasse (z.B. BMW 3er-Reihe)","Schrägheck","gasoline",2016,1321,47.325,5.8,18.5,4,1.605,8.46435,40959000
"921","BMW","BMW","4er-Reihe","Mittelklasse (z.B. BMW 3er-Reihe)","Schrägheck","gasoline",2017,2062,48.4,6,18.5,4,1.615,8.46435,41303000
"922","BMW","BMW","4er-Reihe","Mittelklasse (z.B. BMW 3er-Reihe)","Coupe","gasoline",2013,577,52.5,8.2,22.5,6,1.655,8.46435,39931000
"923","BMW","BMW","4er-Reihe","Mittelklasse (z.B. BMW 3er-Reihe)","Schrägheck","gasoline",2014,2716,55.775,7.8,22.5,6,1.7775,8.46435,40224000
"924","BMW","BMW","4er-Reihe","Mittelklasse (z.B. BMW 3er-Reihe)","Schrägheck","gasoline",2015,2084,55.775,7.8,22.5,6,1.7775,8.46435,40775000
"925","BMW","BMW","4er-Reihe","Mittelklasse (z.B. BMW 3er-Reihe)","Schrägheck","gasoline",2016,315,51.7,8.3,22.5,6,1.715,8.46435,40959000
"926","BMW","BMW","4er-Reihe","Mittelklasse (z.B. BMW 3er-Reihe)","Schrägheck","gasoline",2016,1682,59.4,7.4,24,6,1.76,8.46435,40959000
"927","BMW","BMW","4er-Reihe","Mittelklasse (z.B. BMW 3er-Reihe)","Schrägheck","gasoline",2017,2722,59.475,7.6,24,6,1.76,8.46435,41303000
"928","BMW","BMW","4er-Reihe","Mittelklasse (z.B. BMW 3er-Reihe)","Coupe","gasoline",2014,1048,77.6,8.8,31.7,6,1.612,8.73477,40224000
"929","BMW","BMW","4er-Reihe","Mittelklasse (z.B. BMW 3er-Reihe)","Coupe","gasoline",2015,1827,77.6,8.8,31.7,6,1.612,8.73477,40775000
"930","BMW","BMW","4er-Reihe","Mittelklasse (z.B. BMW 3er-Reihe)","Coupe","gasoline",2016,1066,79.1,8.8,31.7,6,1.612,8.73477,40959000
"931","BMW","BMW","4er-Reihe","Mittelklasse (z.B. BMW 3er-Reihe)","Coupe","gasoline",2017,439,79.3,8.8,31.7,6,1.612,8.73477,41303000
"932","BMW","BMW","4er-Reihe","Mittelklasse (z.B. BMW 3er-Reihe)","Coupe","gasoline",2016,700,85.65,8.55,33.1,6,1.6025,8.73477,40959000
"933","BMW","BMW","4er-Reihe","Mittelklasse (z.B. BMW 3er-Reihe)","Coupe","gasoline",2017,1437,86.5,8.95,33.1,6,1.615,8.73477,41303000
"934","BMW","BMW","5er-Reihe","Obere Mittelklasse (z.B. E-Klasse)","Stufenheck","diesel",2013,183,44.6,4.9,10.5,4,1.795,9.12702,39931000
"935","BMW","BMW","5er-Reihe","Obere Mittelklasse (z.B. E-Klasse)","Stufenheck","diesel",2014,414,44.6,4.9,10.5,4,1.795,9.12702,40224000
"936","BMW","BMW","5er-Reihe","Obere Mittelklasse (z.B. E-Klasse)","Stufenheck","diesel",2014,214,46.425,4.7,11,4,1.8,9.12702,40224000
"937","BMW","BMW","5er-Reihe","Obere Mittelklasse (z.B. E-Klasse)","Stufenheck","diesel",2015,407,46.425,4.7,11,4,1.8,9.12702,40775000
"938","BMW","BMW","5er-Reihe","Obere Mittelklasse (z.B. E-Klasse)","Stufenheck","diesel",2016,393,46.425,4.7,11,4,1.8,9.12702,40959000
"939","BMW","BMW","5er-Reihe","Obere Mittelklasse (z.B. E-Klasse)","Stufenheck","diesel",2012,18957,47.15,5.1,13.5,4,1.8,9.12702,39708000
"940","BMW","BMW","5er-Reihe","Obere Mittelklasse (z.B. E-Klasse)","Stufenheck","diesel",2013,16791,47.15,5.1,13.5,4,1.8,9.12702,39931000
"941","BMW","BMW","5er-Reihe","Obere Mittelklasse (z.B. E-Klasse)","Stufenheck","diesel",2014,9696,47.15,5.1,13.5,4,1.8,9.12702,40224000
"942","BMW","BMW","5er-Reihe","Obere Mittelklasse (z.B. E-Klasse)","Stufenheck","diesel",2015,469,54.3,5.5,13.5,4,1.99,9.512604,40775000
"943","BMW","BMW","5er-Reihe","Obere Mittelklasse (z.B. E-Klasse)","Stufenheck","diesel",2014,4552,48.925,4.65,14,4,1.805,9.12702,40224000
"944","BMW","BMW","5er-Reihe","Obere Mittelklasse (z.B. E-Klasse)","Stufenheck","diesel",2015,13047,48.925,4.65,14,4,1.805,9.12702,40775000
"945","BMW","BMW","5er-Reihe","Obere Mittelklasse (z.B. E-Klasse)","Stufenheck","diesel",2016,12692,48.925,4.65,14,4,1.805,9.12702,40959000
"946","BMW","BMW","5er-Reihe","Obere Mittelklasse (z.B. E-Klasse)","Stufenheck","diesel",2017,15656,50.6,4.5,14,4,1.73,9.231656,41303000
"947","BMW","BMW","5er-Reihe","Obere Mittelklasse (z.B. E-Klasse)","Stufenheck","diesel",2012,124,46,6.15,15,6,1.7725,9.11214,39708000
"948","BMW","BMW","5er-Reihe","Obere Mittelklasse (z.B. E-Klasse)","Stufenheck","diesel",2012,8695,53.1,5.25,16,4,1.825,9.12702,39708000
"949","BMW","BMW","5er-Reihe","Obere Mittelklasse (z.B. E-Klasse)","Stufenheck","diesel",2013,7490,56.6,5.6,16,4,1.945,9.12702,39931000
"950","BMW","BMW","5er-Reihe","Obere Mittelklasse (z.B. E-Klasse)","Stufenheck","diesel",2014,5219,53.1,5.25,16,4,1.825,9.12702,40224000
"951","BMW","BMW","5er-Reihe","Obere Mittelklasse (z.B. E-Klasse)","Stufenheck","diesel",2015,3967,54.075,5.25,16,4,1.83,9.12702,40775000
"952","BMW","BMW","5er-Reihe","Obere Mittelklasse (z.B. E-Klasse)","Stufenheck","diesel",2016,3066,54.075,5.25,16,4,1.83,9.12702,40959000
"953","BMW","BMW","5er-Reihe","Obere Mittelklasse (z.B. E-Klasse)","Stufenheck","diesel",2017,437,54.075,5.25,16,4,1.83,9.12702,41303000
"954","BMW","BMW","5er-Reihe","Obere Mittelklasse (z.B. E-Klasse)","Stufenheck","diesel",2017,739,57.2,4.7,17,4,1.78,9.231656,41303000
"955","BMW","BMW","5er-Reihe","Obere Mittelklasse (z.B. E-Klasse)","Stufenheck","diesel",2012,876,58.7,6.9,18,6,2.09,9.501198,39708000
"956","BMW","BMW","5er-Reihe","Obere Mittelklasse (z.B. E-Klasse)","Stufenheck","diesel",2012,10016,58.625,5.8,19,6,1.995,9.12702,39708000
"957","BMW","BMW","5er-Reihe","Obere Mittelklasse (z.B. E-Klasse)","Stufenheck","diesel",2013,11793,58.625,5.8,19,6,1.995,9.12702,39931000
"958","BMW","BMW","5er-Reihe","Obere Mittelklasse (z.B. E-Klasse)","Stufenheck","diesel",2014,11719,58.625,5.8,19,6,1.995,9.12702,40224000
"959","BMW","BMW","5er-Reihe","Obere Mittelklasse (z.B. E-Klasse)","Stufenheck","diesel",2015,9884,60.45,5.9,19,6,1.995,9.12702,40775000
"960","BMW","BMW","5er-Reihe","Obere Mittelklasse (z.B. E-Klasse)","Stufenheck","diesel",2016,8898,60.45,5.9,19,6,1.995,9.12702,40959000
"961","BMW","BMW","5er-Reihe","Obere Mittelklasse (z.B. E-Klasse)","Stufenheck","diesel",2017,1832,60.45,5.9,19,6,1.995,9.12702,41303000
"962","BMW","BMW","5er-Reihe","Obere Mittelklasse (z.B. E-Klasse)","Stufenheck","diesel",2016,185,58,5,19.5,6,1.77,9.220448,40959000
"963","BMW","BMW","5er-Reihe","Obere Mittelklasse (z.B. E-Klasse)","Stufenheck","diesel",2017,12320,62.6,5.6,19.5,6,1.865,9.231656,41303000
"964","BMW","BMW","5er-Reihe","Obere Mittelklasse (z.B. E-Klasse)","Stufenheck","diesel",2012,439,63.6,7.1,22,6,2.11,9.501198,39708000
"965","BMW","BMW","5er-Reihe","Obere Mittelklasse (z.B. E-Klasse)","Stufenheck","diesel",2012,3582,66.4,6,23,6,2.025,9.12702,39708000
"966","BMW","BMW","5er-Reihe","Obere Mittelklasse (z.B. E-Klasse)","Stufenheck","diesel",2013,3763,66.4,6,23,6,2.025,9.12702,39931000
"967","BMW","BMW","5er-Reihe","Obere Mittelklasse (z.B. E-Klasse)","Stufenheck","diesel",2014,3835,66.4,6,23,6,2.025,9.12702,40224000
"968","BMW","BMW","5er-Reihe","Obere Mittelklasse (z.B. E-Klasse)","Stufenheck","diesel",2015,2985,66.55,6,23,6,2.025,9.12702,40775000
"969","BMW","BMW","5er-Reihe","Obere Mittelklasse (z.B. E-Klasse)","Stufenheck","diesel",2016,2383,66.55,6,23,6,2.025,9.12702,40959000
"970","BMW","BMW","5er-Reihe","Obere Mittelklasse (z.B. E-Klasse)","Schrägheck","diesel",2017,385,66.55,6,23,6,2.025,9.12702,41303000
"971","BMW","BMW","5er-Reihe","Obere Mittelklasse (z.B. E-Klasse)","Stufenheck","diesel",2017,1382,68.9,5.9,23.5,6,1.92,9.231656,41303000
"972","BMW","BMW","5er-Reihe","Obere Mittelklasse (z.B. E-Klasse)","Stufenheck","diesel",2012,1051,84.675,6.35,28,6,2.065,9.1326,39708000
"973","BMW","BMW","5er-Reihe","Obere Mittelklasse (z.B. E-Klasse)","Stufenheck","diesel",2013,1207,84.675,6.35,28,6,2.065,9.1326,39931000
"974","BMW","BMW","5er-Reihe","Obere Mittelklasse (z.B. E-Klasse)","Stufenheck","diesel",2014,904,84.675,6.35,28,6,2.065,9.1326,40224000
"975","BMW","BMW","5er-Reihe","Obere Mittelklasse (z.B. E-Klasse)","Stufenheck","diesel",2015,830,85.1,6.3,28,6,2.065,9.1326,40775000
"976","BMW","BMW","5er-Reihe","Obere Mittelklasse (z.B. E-Klasse)","Stufenheck","diesel",2016,679,85.1,6.3,28,6,2.065,9.1326,40959000
"977","BMW","BMW","5er-Reihe","Obere Mittelklasse (z.B. E-Klasse)","Stufenheck","diesel",2017,320,87,6.3,29.4,6,1.92,9.269016,41303000
"978","BMW","BMW","5er-Reihe","Obere Mittelklasse (z.B. E-Klasse)","Stufenheck","gasoline",2012,793,44.7,6.4,13.5,4,1.6775,9.12702,39708000
"979","BMW","BMW","5er-Reihe","Obere Mittelklasse (z.B. E-Klasse)","Stufenheck","gasoline",2013,994,47.2,6.7,13.5,4,1.7875,9.12702,39931000
"980","BMW","BMW","5er-Reihe","Obere Mittelklasse (z.B. E-Klasse)","Stufenheck","gasoline",2014,402,44.7,6.4,13.5,4,1.6775,9.12702,40224000
"981","BMW","BMW","5er-Reihe","Obere Mittelklasse (z.B. E-Klasse)","Stufenheck","gasoline",2015,290,45.675,6.4,13.5,4,1.68,9.12702,40775000
"982","BMW","BMW","5er-Reihe","Obere Mittelklasse (z.B. E-Klasse)","Stufenheck","gasoline",2016,320,48.175,6.7,13.5,4,1.795,9.12702,40959000
"983","BMW","BMW","5er-Reihe","Obere Mittelklasse (z.B. E-Klasse)","Stufenheck","gasoline",2017,391,48.9,5.6,13.5,4,1.61,9.220448,41303000
"984","BMW","BMW","5er-Reihe","Obere Mittelklasse (z.B. E-Klasse)","Stufenheck","gasoline",2012,928,47.05,6.55,18,4,1.69,9.11958,39708000
"985","BMW","BMW","5er-Reihe","Obere Mittelklasse (z.B. E-Klasse)","Stufenheck","gasoline",2013,669,47.05,6.55,18,4,1.69,9.11958,39931000
"986","BMW","BMW","5er-Reihe","Obere Mittelklasse (z.B. E-Klasse)","Stufenheck","gasoline",2014,500,47.05,6.55,18,4,1.69,9.11958,40224000
"987","BMW","BMW","5er-Reihe","Obere Mittelklasse (z.B. E-Klasse)","Stufenheck","gasoline",2015,336,47.725,6.35,18,4,1.6925,9.12702,40775000
"988","BMW","BMW","5er-Reihe","Obere Mittelklasse (z.B. E-Klasse)","Stufenheck","gasoline",2016,365,53.275,6.75,18,4,1.8,9.12702,40959000
"989","BMW","BMW","5er-Reihe","Obere Mittelklasse (z.B. E-Klasse)","Stufenheck","gasoline",2017,2953,53.1,5.65,18.5,4,1.615,9.220448,41303000
"990","BMW","BMW","5er-Reihe","Obere Mittelklasse (z.B. E-Klasse)","Stufenheck","gasoline",2012,687,47.9,7.5,20,6,1.72,9.11214,39708000
"991","BMW","BMW","5er-Reihe","Obere Mittelklasse (z.B. E-Klasse)","Stufenheck","gasoline",2013,223,47.9,7.5,20,6,1.72,9.11214,39931000
"992","BMW","BMW","5er-Reihe","Obere Mittelklasse (z.B. E-Klasse)","Stufenheck","gasoline",2012,769,55.3,8.05,22.5,6,1.7625,9.12702,39708000
"993","BMW","BMW","5er-Reihe","Obere Mittelklasse (z.B. E-Klasse)","Stufenheck","gasoline",2013,641,55.3,8.05,22.5,6,1.7625,9.12702,39931000
"994","BMW","BMW","5er-Reihe","Obere Mittelklasse (z.B. E-Klasse)","Stufenheck","gasoline",2014,672,59,8.05,22.5,6,1.84,9.12702,40224000
"995","BMW","BMW","5er-Reihe","Obere Mittelklasse (z.B. E-Klasse)","Stufenheck","gasoline",2015,473,56.45,7.85,22.5,6,1.7575,9.12702,40775000
"996","BMW","BMW","5er-Reihe","Obere Mittelklasse (z.B. E-Klasse)","Stufenheck","gasoline",2016,439,56.45,7.85,22.5,6,1.7575,9.12702,40959000
"997","BMW","BMW","5er-Reihe","Obere Mittelklasse (z.B. E-Klasse)","Stufenheck","gasoline",2016,120,61.2,6.5,25,6,1.67,9.220448,40959000
"998","BMW","BMW","5er-Reihe","Obere Mittelklasse (z.B. E-Klasse)","Stufenheck","gasoline",2017,3698,66.1,7.55,25,6,1.84,9.231656,41303000
"999","BMW","BMW","5er-Reihe","Obere Mittelklasse (z.B. E-Klasse)","Stufenheck","gasoline",2012,200,74.1,11,30,8,1.975,9.11214,39708000
"1000","BMW","BMW","5er-Reihe","Obere Mittelklasse (z.B. E-Klasse)","Stufenheck","gasoline",2013,151,76.8,9.2,33,8,1.955,9.12702,39931000
"1001","BMW","BMW","5er-Reihe","Obere Mittelklasse (z.B. E-Klasse)","Stufenheck","gasoline",2014,181,76.8,9.2,33,8,1.955,9.12702,40224000
"1002","BMW","BMW","5er-Reihe","Obere Mittelklasse (z.B. E-Klasse)","Stufenheck","gasoline",2015,112,76.8,9.2,33,8,1.955,9.12702,40775000
"1003","BMW","BMW","5er-Reihe","Obere Mittelklasse (z.B. E-Klasse)","Stufenheck","gasoline",2017,952,86.3,8.9,34,8,1.885,9.269016,41303000
"1004","BMW","BMW","5er-Reihe","Obere Mittelklasse (z.B. E-Klasse)","Stufenheck","gasoline",2012,659,103.8,9.9,41.2,8,1.945,9.28481,39708000
"1005","BMW","BMW","5er-Reihe","Obere Mittelklasse (z.B. E-Klasse)","Stufenheck","gasoline",2013,245,103.8,9.9,41.2,8,1.945,9.28481,39931000
"1006","BMW","BMW","5er-Reihe","Obere Mittelklasse (z.B. E-Klasse)","Stufenheck","gasoline",2014,129,103.8,9.9,41.2,8,1.945,9.28481,40224000
"1007","BMW","BMW","5er-Reihe","Obere Mittelklasse (z.B. E-Klasse)","Stufenheck","gasoline",2014,136,113.1,9.9,42.3,8,1.945,9.28481,40224000
"1008","BMW","BMW","5er-Reihe","Obere Mittelklasse (z.B. E-Klasse)","Stufenheck","gasoline",2015,140,113.1,9.9,42.3,8,1.945,9.28481,40775000
"1009","BMW","BMW","5er-Reihe","Obere Mittelklasse (z.B. E-Klasse)","Stufenheck","gasoline",2017,179,119.6,10.5,44.1,8,1.93,9.450298,41303000
"1010","BMW","BMW","6er-Reihe","Obere Mittelklasse (z.B. E-Klasse)","Schrägheck","diesel",2017,331,70.3,5.6,19.5,6,1.955,9.683082,41303000
"1011","BMW","BMW","6er-Reihe","Oberklasse (z.B. S-Klasse)","Coupe","diesel",2012,1373,85.1,5.75,23,6,1.905,9.483258,39708000
"1012","BMW","BMW","6er-Reihe","Oberklasse (z.B. S-Klasse)","Coupe","diesel",2013,1371,85.1,5.75,23,6,1.905,9.483258,39931000
"1013","BMW","BMW","6er-Reihe","Oberklasse (z.B. S-Klasse)","Coupe","diesel",2014,1272,93.5,5.8,23,6,1.87,9.269236,40224000
"1014","BMW","BMW","6er-Reihe","Oberklasse (z.B. S-Klasse)","Coupe","diesel",2015,1178,93.5,5.8,23,6,1.87,9.269236,40775000
"1015","BMW","BMW","6er-Reihe","Oberklasse (z.B. S-Klasse)","Coupe","diesel",2016,712,93.8,5.8,23,6,1.87,9.269236,40959000
"1016","BMW","BMW","6er-Reihe","Oberklasse (z.B. S-Klasse)","Coupe","diesel",2017,421,93.8,5.8,23,6,1.87,9.269236,41303000
"1017","BMW","BMW","6er-Reihe","Oberklasse (z.B. S-Klasse)","Coupe","gasoline",2012,554,83.9,7.8,23.5,6,1.915,9.269236,39708000
"1018","BMW","BMW","6er-Reihe","Oberklasse (z.B. S-Klasse)","Coupe","gasoline",2013,360,79.9,7.8,23.5,6,1.825,9.483258,39931000
"1019","BMW","BMW","6er-Reihe","Oberklasse (z.B. S-Klasse)","Coupe","gasoline",2014,277,94.2,7.85,23.5,6,1.895,9.269236,40224000
"1020","BMW","BMW","6er-Reihe","Oberklasse (z.B. S-Klasse)","Coupe","gasoline",2015,303,94.2,7.85,23.5,6,1.895,9.269236,40775000
"1021","BMW","BMW","6er-Reihe","Oberklasse (z.B. S-Klasse)","Coupe","gasoline",2016,247,90.2,7.8,23.5,6,1.825,9.483258,40959000
"1022","BMW","BMW","6er-Reihe","Oberklasse (z.B. S-Klasse)","Coupe","gasoline",2017,185,97,7.9,23.5,6,1.895,9.269236,41303000
"1023","BMW","BMW","6er-Reihe","Obere Mittelklasse (z.B. E-Klasse)","Schrägheck","gasoline",2017,245,71.1,7.9,25,6,1.91,9.683082,41303000
"1024","BMW","BMW","6er-Reihe","Oberklasse (z.B. S-Klasse)","Coupe","gasoline",2012,432,94.9,9.75,30,8,2.015,9.269236,39708000
"1025","BMW","BMW","6er-Reihe","Oberklasse (z.B. S-Klasse)","Coupe","gasoline",2012,298,96.4,9.2,33,8,2.015,9.483258,39708000
"1026","BMW","BMW","6er-Reihe","Oberklasse (z.B. S-Klasse)","Coupe","gasoline",2013,513,96.4,9.2,33,8,2.015,9.483258,39931000
"1027","BMW","BMW","6er-Reihe","Oberklasse (z.B. S-Klasse)","Coupe","gasoline",2014,364,104.3,9.3,33,8,2.015,9.483258,40224000
"1028","BMW","BMW","6er-Reihe","Oberklasse (z.B. S-Klasse)","Coupe","gasoline",2015,394,104.3,9.3,33,8,2.015,9.483258,40775000
"1029","BMW","BMW","6er-Reihe","Oberklasse (z.B. S-Klasse)","Coupe","gasoline",2016,302,107.1,9.4,33,8,2.015,9.483258,40959000
"1030","BMW","BMW","6er-Reihe","Oberklasse (z.B. S-Klasse)","Coupe","gasoline",2017,219,112,9.5,33,8,2.055,9.269236,41303000
"1031","BMW","BMW","6er-Reihe","Oberklasse (z.B. S-Klasse)","Coupe","gasoline",2012,314,131.4,10.3,41.2,8,2.055,9.301302,39708000
"1032","BMW","BMW","6er-Reihe","Oberklasse (z.B. S-Klasse)","Coupe","gasoline",2013,432,128.8,9.9,41.2,8,1.95,9.515889,39931000
"1033","BMW","BMW","6er-Reihe","Oberklasse (z.B. S-Klasse)","Coupe","gasoline",2014,214,128.8,9.9,41.2,8,1.95,9.515889,40224000
"1034","BMW","BMW","6er-Reihe","Oberklasse (z.B. S-Klasse)","Coupe","gasoline",2015,189,131.4,10.3,41.2,8,2.055,9.301302,40775000
"1035","BMW","BMW","6er-Reihe","Oberklasse (z.B. S-Klasse)","Coupe","gasoline",2016,116,138.8,10.3,41.2,8,2.055,9.301302,40959000
"1036","BMW","BMW","6er-Reihe","Oberklasse (z.B. S-Klasse)","Coupe","gasoline",2014,184,124,9.9,42.3,8,1.925,9.301302,40224000
"1037","BMW","BMW","6er-Reihe","Oberklasse (z.B. S-Klasse)","Coupe","gasoline",2016,121,144.6,9.9,44.1,8,1.95,9.515889,40959000
"1038","BMW","BMW","6er-Reihe","Oberklasse (z.B. S-Klasse)","Coupe","gasoline",2017,133,144.6,9.9,44.1,8,1.95,9.515889,41303000
"1039","BMW","BMW","7er-Reihe","Oberklasse (z.B. S-Klasse)","Stufenheck","diesel",2012,724,76.795,6.9,18,6,1.9575,9.780084,39708000
"1040","BMW","BMW","7er-Reihe","Oberklasse (z.B. S-Klasse)","Stufenheck","diesel",2012,1128,85.495,5.6,19,6,1.9325,9.793398,39708000
"1041","BMW","BMW","7er-Reihe","Oberklasse (z.B. S-Klasse)","Stufenheck","diesel",2013,1285,85.495,5.6,19,6,1.9325,9.793398,39931000
"1042","BMW","BMW","7er-Reihe","Oberklasse (z.B. S-Klasse)","Stufenheck","diesel",2014,892,87.9,6,19,6,1.985,9.660258,40224000
"1043","BMW","BMW","7er-Reihe","Oberklasse (z.B. S-Klasse)","Stufenheck","diesel",2015,422,87.9,6,19,6,1.985,9.660258,40775000
"1044","BMW","BMW","7er-Reihe","Oberklasse (z.B. S-Klasse)","Stufenheck","diesel",2015,834,91.7,4.8,19.5,6,1.9,9.696396,40775000
"1045","BMW","BMW","7er-Reihe","Oberklasse (z.B. S-Klasse)","Stufenheck","diesel",2016,2321,91.7,4.8,19.5,6,1.9,9.696396,40959000
"1046","BMW","BMW","7er-Reihe","Oberklasse (z.B. S-Klasse)","Stufenheck","diesel",2017,1573,91.7,4.8,19.5,6,1.9,9.696396,41303000
"1047","BMW","BMW","7er-Reihe","Oberklasse (z.B. S-Klasse)","Stufenheck","diesel",2012,909,84.8,7,22.5,6,2.025,9.646944,39708000
"1048","BMW","BMW","7er-Reihe","Oberklasse (z.B. S-Klasse)","Stufenheck","diesel",2012,569,94.3,6,23,6,2.015,9.660258,39708000
"1049","BMW","BMW","7er-Reihe","Oberklasse (z.B. S-Klasse)","Stufenheck","diesel",2013,800,94.3,6,23,6,2.015,9.660258,39931000
"1050","BMW","BMW","7er-Reihe","Oberklasse (z.B. S-Klasse)","Stufenheck","diesel",2014,631,94.3,6,23,6,2.015,9.660258,40224000
"1051","BMW","BMW","7er-Reihe","Oberklasse (z.B. S-Klasse)","Stufenheck","diesel",2015,231,94.3,6,23,6,2.015,9.660258,40775000
"1052","BMW","BMW","7er-Reihe","Oberklasse (z.B. S-Klasse)","Stufenheck","diesel",2016,1643,99.6,5.1,23.5,6,1.935,9.696396,40959000
"1053","BMW","BMW","7er-Reihe","Oberklasse (z.B. S-Klasse)","Stufenheck","diesel",2017,1050,99.6,5.1,23.5,6,1.935,9.696396,41303000
"1054","BMW","BMW","7er-Reihe","Oberklasse (z.B. S-Klasse)","Stufenheck","diesel",2012,427,106.5,6.4,28,6,2.0825,9.793398,39708000
"1055","BMW","BMW","7er-Reihe","Oberklasse (z.B. S-Klasse)","Stufenheck","diesel",2013,489,106.5,6.4,28,6,2.0825,9.793398,39931000
"1056","BMW","BMW","7er-Reihe","Oberklasse (z.B. S-Klasse)","Stufenheck","diesel",2014,363,106.5,6.4,28,6,2.0825,9.793398,40224000
"1057","BMW","BMW","7er-Reihe","Oberklasse (z.B. S-Klasse)","Stufenheck","diesel",2015,221,106.5,6.4,28,6,2.0825,9.793398,40775000
"1058","BMW","BMW","7er-Reihe","Oberklasse (z.B. S-Klasse)","Stufenheck","diesel",2016,328,116.5,5.7,29.4,6,2.015,9.696396,40959000
"1059","BMW","BMW","7er-Reihe","Oberklasse (z.B. S-Klasse)","Stufenheck","diesel",2017,559,116.5,5.7,29.4,6,2.015,9.696396,41303000
"1060","BMW","BMW","7er-Reihe","Oberklasse (z.B. S-Klasse)","Stufenheck","gasoline",2012,102,90,7.9,23.5,6,1.91,9.793398,39708000
"1061","BMW","BMW","7er-Reihe","Oberklasse (z.B. S-Klasse)","Stufenheck","gasoline",2015,108,102.69,6.8,24,6,1.845,9.962676,40775000
"1062","BMW","BMW","7er-Reihe","Oberklasse (z.B. S-Klasse)","Stufenheck","gasoline",2016,164,97.09,6.8,24,6,1.8,9.696396,40959000
"1063","BMW","BMW","7er-Reihe","Oberklasse (z.B. S-Klasse)","Stufenheck","gasoline",2017,213,97.09,6.8,24,6,1.8,9.696396,41303000
"1064","BMW","BMW","7er-Reihe","Oberklasse (z.B. S-Klasse)","Stufenheck","gasoline",2012,122,100.8,11.9,30,8,2.12,9.780084,39708000
"1065","BMW","BMW","7er-Reihe","Oberklasse (z.B. S-Klasse)","Stufenheck","gasoline",2012,282,105.3,9.35,33,8,2.0925,9.793398,39708000
"1066","BMW","BMW","7er-Reihe","Oberklasse (z.B. S-Klasse)","Stufenheck","gasoline",2013,225,105.3,9.35,33,8,2.0925,9.793398,39931000
"1067","BMW","BMW","7er-Reihe","Oberklasse (z.B. S-Klasse)","Stufenheck","gasoline",2014,127,105.3,9.35,33,8,2.0925,9.793398,40224000
"1068","BMW","BMW","7er-Reihe","Oberklasse (z.B. S-Klasse)","Stufenheck","gasoline",2015,517,124.59,8.3,33,8,1.99,9.962676,40775000
"1069","BMW","BMW","7er-Reihe","Oberklasse (z.B. S-Klasse)","Stufenheck","gasoline",2016,673,119.19,8.1,33,8,1.945,9.696396,40959000
"1070","BMW","BMW","7er-Reihe","Oberklasse (z.B. S-Klasse)","Stufenheck","gasoline",2017,469,119.19,8.1,33,8,1.945,9.696396,41303000
"1071","BMW","BMW","7er-Reihe","Oberklasse (z.B. S-Klasse)","Stufenheck","gasoline",2017,206,174,12.8,44.8,12,2.255,9.962676,41303000
"1072","BMW","BMW","X1","Untere Mittelklasse (z.B. Golf)","SUV","diesel",2012,9975,35.1,5.5,10.5,4,1.645,8.049646,39708000
"1073","BMW","BMW","X1","Untere Mittelklasse (z.B. Golf)","SUV","diesel",2013,9637,35.1,5.5,10.5,4,1.645,8.049646,39931000
"1074","BMW","BMW","X1","Untere Mittelklasse (z.B. Golf)","SUV","diesel",2014,10338,36.15,5.45,10.5,4,1.645,8.049646,40224000
"1075","BMW","BMW","X1","Untere Mittelklasse (z.B. Golf)","SUV","diesel",2015,5245,36.15,5.45,10.5,4,1.645,8.049646,40775000
"1076","BMW","BMW","X1","Untere Mittelklasse (z.B. Golf)","SUV","diesel",2015,1940,39.15,4.45,11,4,1.5625,8.083419,40775000
"1077","BMW","BMW","X1","Untere Mittelklasse (z.B. Golf)","SUV","diesel",2016,10464,39.15,4.45,11,4,1.5625,8.083419,40959000
"1078","BMW","BMW","X1","Untere Mittelklasse (z.B. Golf)","SUV","diesel",2017,11275,39.15,4.45,11,4,1.5625,8.083419,41303000
"1079","BMW","BMW","X1","Untere Mittelklasse (z.B. Golf)","SUV","diesel",2012,578,34.775,4.5,12,4,1.565,8.049646,39708000
"1080","BMW","BMW","X1","Untere Mittelklasse (z.B. Golf)","SUV","diesel",2013,429,34.775,4.5,12,4,1.565,8.049646,39931000
"1081","BMW","BMW","X1","Untere Mittelklasse (z.B. Golf)","SUV","diesel",2014,309,35.4,4.5,12,4,1.565,8.049646,40224000
"1082","BMW","BMW","X1","Untere Mittelklasse (z.B. Golf)","SUV","diesel",2015,111,35.4,4.5,12,4,1.565,8.049646,40775000
"1083","BMW","BMW","X1","Untere Mittelklasse (z.B. Golf)","SUV","diesel",2012,3847,36.225,6,13,4,1.655,8.008292,39708000
"1084","BMW","BMW","X1","Untere Mittelklasse (z.B. Golf)","SUV","diesel",2012,3847,39.2,5.45,13.5,4,1.655,8.049646,39708000
"1085","BMW","BMW","X1","Untere Mittelklasse (z.B. Golf)","SUV","diesel",2013,6268,39.2,5.45,13.5,4,1.655,8.049646,39931000
"1086","BMW","BMW","X1","Untere Mittelklasse (z.B. Golf)","SUV","diesel",2014,6572,39.2,5.45,13.5,4,1.655,8.049646,40224000
"1087","BMW","BMW","X1","Untere Mittelklasse (z.B. Golf)","SUV","diesel",2015,2573,39.2,5.45,13.5,4,1.655,8.049646,40775000
"1088","BMW","BMW","X1","Untere Mittelklasse (z.B. Golf)","SUV","diesel",2015,1596,44.95,4.8,14,4,1.6575,8.083419,40775000
"1089","BMW","BMW","X1","Untere Mittelklasse (z.B. Golf)","SUV","diesel",2016,6170,44.95,4.8,14,4,1.6575,8.083419,40959000
"1090","BMW","BMW","X1","Untere Mittelklasse (z.B. Golf)","SUV","diesel",2017,6186,44.95,4.8,14,4,1.6575,8.083419,41303000
"1091","BMW","BMW","X1","Untere Mittelklasse (z.B. Golf)","SUV","diesel",2012,906,38.905,6.15,15,4,1.665,8.008292,39708000
"1092","BMW","BMW","X1","Untere Mittelklasse (z.B. Golf)","SUV","diesel",2012,1116,41.85,5.7,16,4,1.6325,8.049646,39708000
"1093","BMW","BMW","X1","Untere Mittelklasse (z.B. Golf)","SUV","diesel",2013,1483,41.85,5.7,16,4,1.6325,8.049646,39931000
"1094","BMW","BMW","X1","Untere Mittelklasse (z.B. Golf)","SUV","diesel",2014,1171,41.85,5.7,16,4,1.6325,8.049646,40224000
"1095","BMW","BMW","X1","Untere Mittelklasse (z.B. Golf)","SUV","diesel",2015,388,41.85,5.7,16,4,1.6325,8.049646,40775000
"1096","BMW","BMW","X1","Untere Mittelklasse (z.B. Golf)","SUV","diesel",2015,592,47.8,5.05,17,4,1.66,8.083419,40775000
"1097","BMW","BMW","X1","Untere Mittelklasse (z.B. Golf)","SUV","diesel",2016,2480,47.8,5.05,17,4,1.66,8.083419,40959000
"1098","BMW","BMW","X1","Untere Mittelklasse (z.B. Golf)","SUV","diesel",2017,2253,47.8,5.05,17,4,1.66,8.083419,41303000
"1099","BMW","BMW","X1","Untere Mittelklasse (z.B. Golf)","SUV","diesel",2012,614,32.65,4.95,8.5,4,1.5625,8.049646,39708000
"1100","BMW","BMW","X1","Untere Mittelklasse (z.B. Golf)","SUV","diesel",2013,1197,32.65,4.95,8.5,4,1.5625,8.049646,39931000
"1101","BMW","BMW","X1","Untere Mittelklasse (z.B. Golf)","SUV","diesel",2014,1612,32.65,4.95,8.5,4,1.5625,8.049646,40224000
"1102","BMW","BMW","X1","Untere Mittelklasse (z.B. Golf)","SUV","diesel",2015,947,32.65,4.95,8.5,4,1.5625,8.049646,40775000
"1103","BMW","BMW","X1","Untere Mittelklasse (z.B. Golf)","SUV","gasoline",2015,222,31.7,5.1,10,3,1.47,8.083419,40775000
"1104","BMW","BMW","X1","Untere Mittelklasse (z.B. Golf)","SUV","gasoline",2016,3892,31.7,5.1,10,3,1.47,8.083419,40959000
"1105","BMW","BMW","X1","Untere Mittelklasse (z.B. Golf)","SUV","gasoline",2017,2945,31.7,5.1,10,3,1.47,8.083419,41303000
"1106","BMW","BMW","X1","Untere Mittelklasse (z.B. Golf)","SUV","gasoline",2017,3200,36.7,5.8,10.3,3,1.5,8.083419,41303000
"1107","BMW","BMW","X1","Untere Mittelklasse (z.B. Golf)","SUV","gasoline",2012,3189,30.05,7.9,11,4,1.5175,8.049646,39708000
"1108","BMW","BMW","X1","Untere Mittelklasse (z.B. Golf)","SUV","gasoline",2013,2338,30.05,7.9,11,4,1.5175,8.049646,39931000
"1109","BMW","BMW","X1","Untere Mittelklasse (z.B. Golf)","SUV","gasoline",2014,2976,30.1,7.8,11,4,1.5175,8.049646,40224000
"1110","BMW","BMW","X1","Untere Mittelklasse (z.B. Golf)","SUV","gasoline",2015,1341,30.1,7.8,11,4,1.5175,8.049646,40775000
"1111","BMW","BMW","X1","Untere Mittelklasse (z.B. Golf)","SUV","gasoline",2012,2596,34.1,6.9,13.5,4,1.5725,8.049646,39708000
"1112","BMW","BMW","X1","Untere Mittelklasse (z.B. Golf)","SUV","gasoline",2013,2045,36.1,7.5,13.5,4,1.6575,8.049646,39931000
"1113","BMW","BMW","X1","Untere Mittelklasse (z.B. Golf)","SUV","gasoline",2014,1531,34.2,6.85,13.5,4,1.5725,8.049646,40224000
"1114","BMW","BMW","X1","Untere Mittelklasse (z.B. Golf)","SUV","gasoline",2015,582,36.2,7.4,13.5,4,1.6575,8.049646,40775000
"1115","BMW","BMW","X1","Untere Mittelklasse (z.B. Golf)","SUV","gasoline",2015,628,43.95,6.3,14.1,4,1.645,8.083419,40775000
"1116","BMW","BMW","X1","Untere Mittelklasse (z.B. Golf)","SUV","gasoline",2016,4592,43.95,6.3,14.1,4,1.645,8.083419,40959000
"1117","BMW","BMW","X1","Untere Mittelklasse (z.B. Golf)","SUV","gasoline",2017,7940,43.7,6.3,14.1,4,1.645,8.083419,41303000
"1118","BMW","BMW","X1","Untere Mittelklasse (z.B. Golf)","SUV","gasoline",2012,250,42.85,7.7,18,4,1.6325,8.049646,39708000
"1119","BMW","BMW","X1","Untere Mittelklasse (z.B. Golf)","SUV","gasoline",2013,180,42.85,7.7,18,4,1.6325,8.049646,39931000
"1120","BMW","BMW","X2","Untere Mittelklasse (z.B. Golf)","SUV","diesel",2017,140,44.525,4.7,14,4,1.675,7.95264,41303000
"1121","BMW","BMW","X3","Mittelklasse (z.B. BMW 3er-Reihe)","SUV","diesel",2013,858,37.675,5.25,10.5,4,1.745,8.742888,39931000
"1122","BMW","BMW","X3","Mittelklasse (z.B. BMW 3er-Reihe)","SUV","diesel",2014,324,37.675,5.25,10.5,4,1.745,8.742888,40224000
"1123","BMW","BMW","X3","Mittelklasse (z.B. BMW 3er-Reihe)","SUV","diesel",2014,627,43.35,5,11,4,1.755,8.759817,40224000
"1124","BMW","BMW","X3","Mittelklasse (z.B. BMW 3er-Reihe)","SUV","diesel",2015,714,43.35,5,11,4,1.755,8.759817,40775000
"1125","BMW","BMW","X3","Mittelklasse (z.B. BMW 3er-Reihe)","SUV","diesel",2016,522,43.35,5,11,4,1.755,8.759817,40959000
"1126","BMW","BMW","X3","Mittelklasse (z.B. BMW 3er-Reihe)","SUV","diesel",2017,428,43.35,5,11,4,1.755,8.759817,41303000
"1127","BMW","BMW","X3","Mittelklasse (z.B. BMW 3er-Reihe)","SUV","diesel",2012,17232,41.77,5.6,13.5,4,1.795,8.742888,39708000
"1128","BMW","BMW","X3","Mittelklasse (z.B. BMW 3er-Reihe)","SUV","diesel",2013,13742,41.77,5.6,13.5,4,1.795,8.742888,39931000
"1129","BMW","BMW","X3","Mittelklasse (z.B. BMW 3er-Reihe)","SUV","diesel",2014,3899,41.77,5.6,13.5,4,1.795,8.742888,40224000
"1130","BMW","BMW","X3","Mittelklasse (z.B. BMW 3er-Reihe)","SUV","diesel",2014,7190,45.2,5.1,14,4,1.805,8.759817,40224000
"1131","BMW","BMW","X3","Mittelklasse (z.B. BMW 3er-Reihe)","SUV","diesel",2015,9549,45.2,5.1,14,4,1.805,8.759817,40775000
"1132","BMW","BMW","X3","Mittelklasse (z.B. BMW 3er-Reihe)","SUV","diesel",2016,8933,45.2,5.1,14,4,1.805,8.759817,40959000
"1133","BMW","BMW","X3","Mittelklasse (z.B. BMW 3er-Reihe)","SUV","diesel",2017,8278,45.2,5.1,14,4,1.805,8.759817,41303000
"1134","BMW","BMW","X3","Mittelklasse (z.B. BMW 3er-Reihe)","SUV","diesel",2012,4754,50.3,6,19,6,1.875,8.742888,39708000
"1135","BMW","BMW","X3","Mittelklasse (z.B. BMW 3er-Reihe)","SUV","diesel",2013,3466,55.85,5.9,19,6,1.895,8.759817,39931000
"1136","BMW","BMW","X3","Mittelklasse (z.B. BMW 3er-Reihe)","SUV","diesel",2014,2922,55.85,5.9,19,6,1.895,8.759817,40224000
"1137","BMW","BMW","X3","Mittelklasse (z.B. BMW 3er-Reihe)","SUV","diesel",2015,2820,55.85,5.9,19,6,1.895,8.759817,40775000
"1138","BMW","BMW","X3","Mittelklasse (z.B. BMW 3er-Reihe)","SUV","diesel",2016,2644,56.2,5.9,19,6,1.895,8.759817,40959000
"1139","BMW","BMW","X3","Mittelklasse (z.B. BMW 3er-Reihe)","SUV","diesel",2017,2321,56.2,5.9,19,6,1.895,8.759817,41303000
"1140","BMW","BMW","X3","Mittelklasse (z.B. BMW 3er-Reihe)","SUV","diesel",2017,504,56.4,5.8,19.5,6,1.895,8.902828,41303000
"1141","BMW","BMW","X3","Mittelklasse (z.B. BMW 3er-Reihe)","SUV","diesel",2012,1651,55.3,6.1,23,6,1.925,8.742888,39708000
"1142","BMW","BMW","X3","Mittelklasse (z.B. BMW 3er-Reihe)","SUV","diesel",2013,1221,60.35,6,23,6,1.935,8.759817,39931000
"1143","BMW","BMW","X3","Mittelklasse (z.B. BMW 3er-Reihe)","SUV","diesel",2014,1011,60.35,6,23,6,1.935,8.759817,40224000
"1144","BMW","BMW","X3","Mittelklasse (z.B. BMW 3er-Reihe)","SUV","diesel",2015,886,60.35,6,23,6,1.935,8.759817,40775000
"1145","BMW","BMW","X3","Mittelklasse (z.B. BMW 3er-Reihe)","SUV","diesel",2016,665,60.9,6,23,6,1.935,8.759817,40959000
"1146","BMW","BMW","X3","Mittelklasse (z.B. BMW 3er-Reihe)","SUV","diesel",2017,555,60.9,6,23,6,1.935,8.759817,41303000
"1147","BMW","BMW","X3","Mittelklasse (z.B. BMW 3er-Reihe)","SUV","gasoline",2012,1187,39.25,7.7,13.5,4,1.79,8.742888,39708000
"1148","BMW","BMW","X3","Mittelklasse (z.B. BMW 3er-Reihe)","SUV","gasoline",2013,967,43,7.45,13.5,4,1.795,8.759817,39931000
"1149","BMW","BMW","X3","Mittelklasse (z.B. BMW 3er-Reihe)","SUV","gasoline",2014,673,43,7.45,13.5,4,1.795,8.759817,40224000
"1150","BMW","BMW","X3","Mittelklasse (z.B. BMW 3er-Reihe)","SUV","gasoline",2015,521,43,7.45,13.5,4,1.795,8.759817,40775000
"1151","BMW","BMW","X3","Mittelklasse (z.B. BMW 3er-Reihe)","SUV","gasoline",2016,570,45.2,7.2,13.5,4,1.81,8.759817,40959000
"1152","BMW","BMW","X3","Mittelklasse (z.B. BMW 3er-Reihe)","SUV","gasoline",2017,670,45.2,7.2,13.5,4,1.81,8.759817,41303000
"1153","BMW","BMW","X3","Mittelklasse (z.B. BMW 3er-Reihe)","SUV","gasoline",2012,259,46.8,7.5,18,4,1.795,8.742888,39708000
"1154","BMW","BMW","X3","Mittelklasse (z.B. BMW 3er-Reihe)","SUV","gasoline",2013,247,52.1,7.3,18,4,1.845,8.759817,39931000
"1155","BMW","BMW","X3","Mittelklasse (z.B. BMW 3er-Reihe)","SUV","gasoline",2014,202,52.1,7.3,18,4,1.845,8.759817,40224000
"1156","BMW","BMW","X3","Mittelklasse (z.B. BMW 3er-Reihe)","SUV","gasoline",2015,147,52.1,7.3,18,4,1.845,8.759817,40775000
"1157","BMW","BMW","X3","Mittelklasse (z.B. BMW 3er-Reihe)","SUV","gasoline",2016,192,52.8,7.3,18,4,1.845,8.759817,40959000
"1158","BMW","BMW","X3","Mittelklasse (z.B. BMW 3er-Reihe)","SUV","gasoline",2017,248,52.8,7.3,18,4,1.845,8.759817,41303000
"1159","BMW","BMW","X3","Mittelklasse (z.B. BMW 3er-Reihe)","SUV","gasoline",2012,184,46.2,9,19,6,1.82,8.742888,39708000
"1160","BMW","BMW","X3","Mittelklasse (z.B. BMW 3er-Reihe)","SUV","gasoline",2012,307,53.2,8.8,22.5,6,1.88,8.742888,39708000
"1161","BMW","BMW","X3","Mittelklasse (z.B. BMW 3er-Reihe)","SUV","gasoline",2013,205,58.25,8.3,22.5,6,1.89,8.759817,39931000
"1162","BMW","BMW","X3","Mittelklasse (z.B. BMW 3er-Reihe)","SUV","gasoline",2014,158,58.25,8.3,22.5,6,1.89,8.759817,40224000
"1163","BMW","BMW","X3","Mittelklasse (z.B. BMW 3er-Reihe)","SUV","gasoline",2015,142,58.25,8.3,22.5,6,1.89,8.759817,40775000
"1164","BMW","BMW","X3","Mittelklasse (z.B. BMW 3er-Reihe)","SUV","gasoline",2016,157,58.8,8.3,22.5,6,1.89,8.759817,40959000
"1165","BMW","BMW","X3","Mittelklasse (z.B. BMW 3er-Reihe)","SUV","gasoline",2017,175,58.8,8.3,22.5,6,1.89,8.759817,41303000
"1166","BMW","BMW","X3","Mittelklasse (z.B. BMW 3er-Reihe)","SUV","gasoline",2017,251,68.7,8.2,26.5,6,1.885,8.946252,41303000
"1167","BMW","BMW","X4","Mittelklasse (z.B. BMW 3er-Reihe)","SUV","diesel",2014,1324,49.125,5.3,14,4,1.8125,8.786151,40224000
"1168","BMW","BMW","X4","Mittelklasse (z.B. BMW 3er-Reihe)","SUV","diesel",2015,3036,49.125,5.3,14,4,1.8125,8.786151,40775000
"1169","BMW","BMW","X4","Mittelklasse (z.B. BMW 3er-Reihe)","SUV","diesel",2016,3128,49.125,5.3,14,4,1.8125,8.786151,40959000
"1170","BMW","BMW","X4","Mittelklasse (z.B. BMW 3er-Reihe)","SUV","diesel",2017,2472,49.125,5.3,14,4,1.8125,8.786151,41303000
"1171","BMW","BMW","X4","Mittelklasse (z.B. BMW 3er-Reihe)","SUV","diesel",2014,971,59.375,5.9,19,6,1.895,8.786151,40224000
"1172","BMW","BMW","X4","Mittelklasse (z.B. BMW 3er-Reihe)","SUV","diesel",2015,1637,59.375,5.9,19,6,1.895,8.786151,40775000
"1173","BMW","BMW","X4","Mittelklasse (z.B. BMW 3er-Reihe)","SUV","diesel",2016,1654,59.375,5.9,19,6,1.895,8.786151,40959000
"1174","BMW","BMW","X4","Mittelklasse (z.B. BMW 3er-Reihe)","SUV","diesel",2017,1230,59.375,5.9,19,6,1.895,8.786151,41303000
"1175","BMW","BMW","X4","Mittelklasse (z.B. BMW 3er-Reihe)","SUV","diesel",2014,514,63.45,6,23,6,1.935,8.786151,40224000
"1176","BMW","BMW","X4","Mittelklasse (z.B. BMW 3er-Reihe)","SUV","diesel",2015,853,63.45,6,23,6,1.935,8.786151,40775000
"1177","BMW","BMW","X4","Mittelklasse (z.B. BMW 3er-Reihe)","SUV","diesel",2016,588,63.45,6,23,6,1.935,8.786151,40959000
"1178","BMW","BMW","X4","Mittelklasse (z.B. BMW 3er-Reihe)","SUV","diesel",2017,411,63.45,6,23,6,1.935,8.786151,41303000
"1179","BMW","BMW","X4","Mittelklasse (z.B. BMW 3er-Reihe)","SUV","gasoline",2015,115,49.85,7.2,13.5,4,1.81,8.786151,40775000
"1180","BMW","BMW","X4","Mittelklasse (z.B. BMW 3er-Reihe)","SUV","gasoline",2016,138,49.85,7.2,13.5,4,1.81,8.786151,40959000
"1181","BMW","BMW","X4","Mittelklasse (z.B. BMW 3er-Reihe)","SUV","gasoline",2017,178,49.85,7.2,13.5,4,1.81,8.786151,41303000
"1182","BMW","BMW","X4","Mittelklasse (z.B. BMW 3er-Reihe)","SUV","gasoline",2015,166,55.75,7.3,18,4,1.845,8.786151,40775000
"1183","BMW","BMW","X4","Mittelklasse (z.B. BMW 3er-Reihe)","SUV","gasoline",2016,139,55.75,7.3,18,4,1.845,8.786151,40959000
"1184","BMW","BMW","X4","Mittelklasse (z.B. BMW 3er-Reihe)","SUV","gasoline",2017,174,55.75,7.3,18,4,1.845,8.786151,41303000
"1185","BMW","BMW","X4","Mittelklasse (z.B. BMW 3er-Reihe)","SUV","gasoline",2014,129,61.525,8.3,22.5,6,1.89,8.786151,40224000
"1186","BMW","BMW","X4","Mittelklasse (z.B. BMW 3er-Reihe)","SUV","gasoline",2015,125,61.525,8.3,22.5,6,1.89,8.786151,40775000
"1187","BMW","BMW","X4","Mittelklasse (z.B. BMW 3er-Reihe)","SUV","gasoline",2016,621,68.4,8.6,26.5,6,1.915,8.879571,40959000
"1188","BMW","BMW","X4","Mittelklasse (z.B. BMW 3er-Reihe)","SUV","gasoline",2017,877,68.4,8.6,26.5,6,1.915,8.879571,41303000
"1189","BMW","BMW","X5","Obere Mittelklasse (z.B. E-Klasse)","SUV","diesel",2014,1102,58.15,5.75,16,4,2.0925,9.469068,40224000
"1190","BMW","BMW","X5","Obere Mittelklasse (z.B. E-Klasse)","SUV","diesel",2015,563,58.15,5.75,16,4,2.0925,9.469068,40775000
"1191","BMW","BMW","X5","Obere Mittelklasse (z.B. E-Klasse)","SUV","diesel",2015,320,63.1,5.6,17,4,2.115,9.469068,40775000
"1192","BMW","BMW","X5","Obere Mittelklasse (z.B. E-Klasse)","SUV","diesel",2016,815,63.1,5.6,17,4,2.115,9.469068,40959000
"1193","BMW","BMW","X5","Obere Mittelklasse (z.B. E-Klasse)","SUV","diesel",2017,574,63.1,5.6,17,4,2.115,9.469068,41303000
"1194","BMW","BMW","X5","Obere Mittelklasse (z.B. E-Klasse)","SUV","diesel",2012,4813,59.8,7.4,18,6,2.15,9.388581,39708000
"1195","BMW","BMW","X5","Obere Mittelklasse (z.B. E-Klasse)","SUV","diesel",2013,2366,59.8,7.4,18,6,2.15,9.388581,39931000
"1196","BMW","BMW","X5","Obere Mittelklasse (z.B. E-Klasse)","SUV","diesel",2013,1270,64.3,6.2,19,6,2.145,9.469068,39931000
"1197","BMW","BMW","X5","Obere Mittelklasse (z.B. E-Klasse)","SUV","diesel",2014,6137,64.3,6.2,19,6,2.145,9.469068,40224000
"1198","BMW","BMW","X5","Obere Mittelklasse (z.B. E-Klasse)","SUV","diesel",2015,5045,64.3,6.2,19,6,2.145,9.469068,40775000
"1199","BMW","BMW","X5","Obere Mittelklasse (z.B. E-Klasse)","SUV","diesel",2016,4326,64.3,6.2,19,6,2.145,9.469068,40959000
"1200","BMW","BMW","X5","Obere Mittelklasse (z.B. E-Klasse)","SUV","diesel",2017,3736,64.3,6.2,19,6,2.145,9.469068,41303000
"1201","BMW","BMW","X5","Obere Mittelklasse (z.B. E-Klasse)","SUV","diesel",2012,2740,66.3,7.5,22.5,6,2.185,9.388581,39708000
"1202","BMW","BMW","X5","Obere Mittelklasse (z.B. E-Klasse)","SUV","diesel",2013,1002,66.3,7.5,22.5,6,2.185,9.388581,39931000
"1203","BMW","BMW","X5","Obere Mittelklasse (z.B. E-Klasse)","SUV","diesel",2014,2907,67.7,6.2,23,6,2.185,9.469068,40224000
"1204","BMW","BMW","X5","Obere Mittelklasse (z.B. E-Klasse)","SUV","diesel",2015,2693,67.7,6.2,23,6,2.185,9.469068,40775000
"1205","BMW","BMW","X5","Obere Mittelklasse (z.B. E-Klasse)","SUV","diesel",2016,2338,67.7,6.2,23,6,2.185,9.469068,40959000
"1206","BMW","BMW","X5","Obere Mittelklasse (z.B. E-Klasse)","SUV","diesel",2017,1881,67.7,6.2,23,6,2.185,9.469068,41303000
"1207","BMW","BMW","X5","Obere Mittelklasse (z.B. E-Klasse)","SUV","diesel",2012,328,86.35,7.1,28,6,2.265,9.469068,39708000
"1208","BMW","BMW","X5","Obere Mittelklasse (z.B. E-Klasse)","SUV","diesel",2013,886,87.9,6.7,28,6,2.265,9.469068,39931000
"1209","BMW","BMW","X5","Obere Mittelklasse (z.B. E-Klasse)","SUV","diesel",2014,2015,87.9,6.7,28,6,2.265,9.469068,40224000
"1210","BMW","BMW","X5","Obere Mittelklasse (z.B. E-Klasse)","SUV","diesel",2015,1331,87.9,6.7,28,6,2.265,9.469068,40775000
"1211","BMW","BMW","X5","Obere Mittelklasse (z.B. E-Klasse)","SUV","diesel",2016,1005,87.9,6.7,28,6,2.265,9.469068,40959000
"1212","BMW","BMW","X5","Obere Mittelklasse (z.B. E-Klasse)","SUV","diesel",2017,1029,87.9,6.7,28,6,2.265,9.469068,41303000
"1213","BMW","BMW","X5","Obere Mittelklasse (z.B. E-Klasse)","SUV","gasoline",2014,125,74.44,8.5,22.5,6,2.105,9.469068,40224000
"1214","BMW","BMW","X5","Obere Mittelklasse (z.B. E-Klasse)","SUV","gasoline",2015,150,74.44,8.5,22.5,6,2.105,9.469068,40775000
"1215","BMW","BMW","X5","Obere Mittelklasse (z.B. E-Klasse)","SUV","gasoline",2016,144,74.44,8.5,22.5,6,2.105,9.469068,40959000
"1216","BMW","BMW","X5","Obere Mittelklasse (z.B. E-Klasse)","SUV","gasoline",2017,290,74.44,8.5,22.5,6,2.105,9.469068,41303000
"1217","BMW","BMW","X5","Obere Mittelklasse (z.B. E-Klasse)","SUV","gasoline",2013,141,86.4,9.7,33,8,2.25,9.469068,39931000
"1218","BMW","BMW","X5","Obere Mittelklasse (z.B. E-Klasse)","SUV","gasoline",2014,271,86.4,9.7,33,8,2.25,9.469068,40224000
"1219","BMW","BMW","X5","Obere Mittelklasse (z.B. E-Klasse)","SUV","gasoline",2015,110,86.4,9.7,33,8,2.25,9.469068,40775000
"1220","BMW","BMW","X5","Obere Mittelklasse (z.B. E-Klasse)","SUV","gasoline",2016,112,86.4,9.7,33,8,2.25,9.469068,40959000
"1221","BMW","BMW","X5","Obere Mittelklasse (z.B. E-Klasse)","SUV","gasoline",2017,234,86.4,9.7,33,8,2.25,9.469068,41303000
"1222","BMW","BMW","X5","Obere Mittelklasse (z.B. E-Klasse)","SUV","gasoline",2015,265,132.18,11.1,42.3,8,2.35,9.6868,40775000
"1223","BMW","BMW","X5","Obere Mittelklasse (z.B. E-Klasse)","SUV","gasoline",2016,237,132.18,11.1,42.3,8,2.35,9.6868,40959000
"1224","BMW","BMW","X5","Obere Mittelklasse (z.B. E-Klasse)","SUV","gasoline",2017,314,132.18,11.1,42.3,8,2.35,9.6868,41303000
"1225","BMW","BMW","X6","Obere Mittelklasse (z.B. E-Klasse)","SUV","diesel",2012,1685,64.895,7.4,18,6,2.15,9.671091,39708000
"1226","BMW","BMW","X6","Obere Mittelklasse (z.B. E-Klasse)","SUV","diesel",2013,1187,64.895,7.4,18,6,2.15,9.671091,39931000
"1227","BMW","BMW","X6","Obere Mittelklasse (z.B. E-Klasse)","SUV","diesel",2014,225,66.195,7.4,18,6,2.15,9.671091,40224000
"1228","BMW","BMW","X6","Obere Mittelklasse (z.B. E-Klasse)","SUV","diesel",2014,212,71.5,6.9,19,6,2.14,9.764001,40224000
"1229","BMW","BMW","X6","Obere Mittelklasse (z.B. E-Klasse)","SUV","diesel",2015,1561,71.5,6.9,19,6,2.14,9.764001,40775000
"1230","BMW","BMW","X6","Obere Mittelklasse (z.B. E-Klasse)","SUV","diesel",2016,1155,71.5,6.9,19,6,2.14,9.764001,40959000
"1231","BMW","BMW","X6","Obere Mittelklasse (z.B. E-Klasse)","SUV","diesel",2017,923,71.5,6.9,19,6,2.14,9.764001,41303000
"1232","BMW","BMW","X6","Obere Mittelklasse (z.B. E-Klasse)","SUV","diesel",2012,1927,69.68,7.5,22.5,6,2.185,9.671091,39708000
"1233","BMW","BMW","X6","Obere Mittelklasse (z.B. E-Klasse)","SUV","diesel",2013,919,69.68,7.5,22.5,6,2.185,9.671091,39931000
"1234","BMW","BMW","X6","Obere Mittelklasse (z.B. E-Klasse)","SUV","diesel",2014,160,70.5,7.5,22.5,6,2.185,9.671091,40224000
"1235","BMW","BMW","X6","Obere Mittelklasse (z.B. E-Klasse)","SUV","diesel",2015,714,77.8,6.9,23,6,2.18,9.764001,40775000
"1236","BMW","BMW","X6","Obere Mittelklasse (z.B. E-Klasse)","SUV","diesel",2016,786,77.8,6.9,23,6,2.18,9.764001,40959000
"1237","BMW","BMW","X6","Obere Mittelklasse (z.B. E-Klasse)","SUV","diesel",2017,570,77.8,6.9,23,6,2.18,9.764001,41303000
"1238","BMW","BMW","X6","Obere Mittelklasse (z.B. E-Klasse)","SUV","diesel",2012,561,86.7,7.7,28,6,2.225,9.671091,39708000
"1239","BMW","BMW","X6","Obere Mittelklasse (z.B. E-Klasse)","SUV","diesel",2013,608,91.75,7.75,28,6,2.26,9.764001,39931000
"1240","BMW","BMW","X6","Obere Mittelklasse (z.B. E-Klasse)","SUV","diesel",2014,266,93.3,7.8,28,6,2.26,9.764001,40224000
"1241","BMW","BMW","X6","Obere Mittelklasse (z.B. E-Klasse)","SUV","diesel",2015,957,93.3,7.8,28,6,2.26,9.764001,40775000
"1242","BMW","BMW","X6","Obere Mittelklasse (z.B. E-Klasse)","SUV","diesel",2016,549,93.3,7.8,28,6,2.26,9.764001,40959000
"1243","BMW","BMW","X6","Obere Mittelklasse (z.B. E-Klasse)","SUV","diesel",2017,491,93.3,7.8,28,6,2.26,9.764001,41303000
"1244","BMW","BMW","X6","Obere Mittelklasse (z.B. E-Klasse)","SUV","gasoline",2015,120,93.7,9.7,33,8,2.245,9.764001,40775000
"1245","BMW","BMW","X6","Obere Mittelklasse (z.B. E-Klasse)","SUV","gasoline",2012,217,111.6,13.9,40.8,8,2.38,9.67106975,39708000
"1246","BMW","BMW","X6","Obere Mittelklasse (z.B. E-Klasse)","SUV","gasoline",2013,109,111.6,13.9,40.8,8,2.38,9.67106975,39931000
"1247","BMW","BMW","X6","Obere Mittelklasse (z.B. E-Klasse)","SUV","gasoline",2015,296,135.68,11.1,42.3,8,2.265,9.764001,40775000
"1248","BMW","BMW","X6","Obere Mittelklasse (z.B. E-Klasse)","SUV","gasoline",2016,189,135.68,11.1,42.3,8,2.265,9.764001,40959000
"1249","BMW","BMW","X6","Obere Mittelklasse (z.B. E-Klasse)","SUV","gasoline",2017,196,135.68,11.1,42.3,8,2.265,9.764001,41303000
"1250","BMW","BMW","Z4","Mittelklasse (z.B. BMW 3er-Reihe)","Roadster","gasoline",2013,518,35.425,6.8,11.5,4,1.4825,7.58781,39931000
"1251","BMW","BMW","Z4","Mittelklasse (z.B. BMW 3er-Reihe)","Roadster","gasoline",2014,466,35.425,6.8,11.5,4,1.4825,7.58781,40224000
"1252","BMW","BMW","Z4","Mittelklasse (z.B. BMW 3er-Reihe)","Roadster","gasoline",2015,380,35.425,6.8,11.5,4,1.4825,7.58781,40775000
"1253","BMW","BMW","Z4","Mittelklasse (z.B. BMW 3er-Reihe)","Roadster","gasoline",2016,276,35.425,6.8,11.5,4,1.4825,7.58781,40959000
"1254","BMW","BMW","Z4","Mittelklasse (z.B. BMW 3er-Reihe)","Roadster","gasoline",2012,1314,38.1,6.8,13.5,4,1.4825,7.58781,39708000
"1255","BMW","BMW","Z4","Mittelklasse (z.B. BMW 3er-Reihe)","Roadster","gasoline",2013,1010,38.1,6.8,13.5,4,1.4825,7.58781,39931000
"1256","BMW","BMW","Z4","Mittelklasse (z.B. BMW 3er-Reihe)","Roadster","gasoline",2014,616,38.1,6.8,13.5,4,1.4825,7.58781,40224000
"1257","BMW","BMW","Z4","Mittelklasse (z.B. BMW 3er-Reihe)","Roadster","gasoline",2015,485,38.425,6.8,13.5,4,1.4825,7.58781,40775000
"1258","BMW","BMW","Z4","Mittelklasse (z.B. BMW 3er-Reihe)","Roadster","gasoline",2016,337,38.425,6.8,13.5,4,1.4825,7.58781,40959000
"1259","BMW","BMW","Z4","Mittelklasse (z.B. BMW 3er-Reihe)","Roadster","gasoline",2012,234,37.575,8.35,15,6,1.4925,7.58781,39708000
"1260","BMW","BMW","Z4","Mittelklasse (z.B. BMW 3er-Reihe)","Roadster","gasoline",2012,622,45.1,6.8,18,4,1.485,7.58781,39708000
"1261","BMW","BMW","Z4","Mittelklasse (z.B. BMW 3er-Reihe)","Roadster","gasoline",2013,362,45.1,6.8,18,4,1.485,7.58781,39931000
"1262","BMW","BMW","Z4","Mittelklasse (z.B. BMW 3er-Reihe)","Roadster","gasoline",2014,283,45.1,6.8,18,4,1.485,7.58781,40224000
"1263","BMW","BMW","Z4","Mittelklasse (z.B. BMW 3er-Reihe)","Roadster","gasoline",2015,239,45.425,6.8,18,4,1.485,7.58781,40775000
"1264","BMW","BMW","Z4","Mittelklasse (z.B. BMW 3er-Reihe)","Roadster","gasoline",2016,131,45.425,6.8,18,4,1.485,7.58781,40959000
"1265","BMW","BMW","Z4","Mittelklasse (z.B. BMW 3er-Reihe)","Roadster","gasoline",2012,305,50.8,9.25,22.5,6,1.59,7.58781,39708000
"1266","BMW","BMW","Z4","Mittelklasse (z.B. BMW 3er-Reihe)","Roadster","gasoline",2013,266,50.8,9.25,22.5,6,1.59,7.58781,39931000
"1267","BMW","BMW","Z4","Mittelklasse (z.B. BMW 3er-Reihe)","Roadster","gasoline",2014,172,50.8,9.25,22.5,6,1.59,7.58781,40224000
"1268","BMW","BMW","Z4","Mittelklasse (z.B. BMW 3er-Reihe)","Roadster","gasoline",2015,164,50.95,9.25,22.5,6,1.59,7.58781,40775000
"1269","BMW","BMW","Z4","Mittelklasse (z.B. BMW 3er-Reihe)","Roadster","gasoline",2012,562,57.6,9,25,6,1.6,7.59676,39708000
"1270","BMW","BMW","Z4","Mittelklasse (z.B. BMW 3er-Reihe)","Roadster","gasoline",2013,413,57.6,9,25,6,1.6,7.59676,39931000
"1271","BMW","BMW","Z4","Mittelklasse (z.B. BMW 3er-Reihe)","Roadster","gasoline",2014,312,57.6,9,25,6,1.6,7.59676,40224000
"1272","BMW","BMW","Z4","Mittelklasse (z.B. BMW 3er-Reihe)","Roadster","gasoline",2015,206,57.75,9.05,25,6,1.6,7.59676,40775000
"1273","BMW","BMW","Z4","Mittelklasse (z.B. BMW 3er-Reihe)","Roadster","gasoline",2016,124,57.75,9.05,25,6,1.6,7.59676,40959000
"1274","Cadillac","GM","Escalade","Oberklasse (z.B. S-Klasse)","SUV","gasoline",2016,107,109.95,12.6,31.3,8,2.755,11.207718,40959000
"1275","Cadillac","GM","Escalade","Oberklasse (z.B. S-Klasse)","SUV","gasoline",2017,145,101.58,12.6,31.3,8,2.71,10.673919,41303000
"1276","Chevrolet","GM","Aveo","Kleinwagen (z.B. Polo)","Schrägheck","diesel",2013,138,15.39,3.8,5.5,4,1.247,7.007665,39931000
"1277","Chevrolet","GM","Aveo","Kleinwagen (z.B. Polo)","Schrägheck","diesel",2012,190,16.79,4.1,7,4,1.185,7.007665,39708000
"1278","Chevrolet","GM","Aveo","Kleinwagen (z.B. Polo)","Schrägheck","diesel",2013,112,16.79,4.1,7,4,1.185,7.007665,39931000
"1279","Chevrolet","GM","Aveo","Kleinwagen (z.B. Polo)","Schrägheck","gasoline",2012,599,11.49,5.9,5.1,4,1.1075,7.007665,39708000
"1280","Chevrolet","GM","Aveo","Kleinwagen (z.B. Polo)","Schrägheck","gasoline",2013,667,11.49,5.9,5.1,4,1.1075,7.007665,39931000
"1281","Chevrolet","GM","Aveo","Kleinwagen (z.B. Polo)","Stufenheck","gasoline",2012,642,12.99,5.5,6.3,4,1.085,7.007665,39708000
"1282","Chevrolet","GM","Aveo","Kleinwagen (z.B. Polo)","Stufenheck","gasoline",2013,307,12.99,5.5,6.3,4,1.085,7.007665,39931000
"1283","Chevrolet","GM","Aveo","Kleinwagen (z.B. Polo)","Stufenheck","gasoline",2012,1075,14.69,5.8,7.4,4,1.1715,7.007665,39708000
"1284","Chevrolet","GM","Aveo","Kleinwagen (z.B. Polo)","Schrägheck","gasoline",2013,496,14.69,5.8,7.4,4,1.1715,7.007665,39931000
"1285","Chevrolet","GM","Aveo","Kleinwagen (z.B. Polo)","Schrägheck","gasoline",2012,878,16.09,6.3,8.5,4,1.2325,7.007665,39708000
"1286","Chevrolet","GM","Aveo","Kleinwagen (z.B. Polo)","Schrägheck","gasoline",2013,172,16.09,6.3,8.5,4,1.2325,7.007665,39931000
"1287","Chevrolet","GM","Camaro","Obere Mittelklasse (z.B. E-Klasse)","Coupe","gasoline",2012,336,46.99,13.1,29.8,8,1.995,9.272529,39708000
"1288","Chevrolet","GM","Camaro","Obere Mittelklasse (z.B. E-Klasse)","Coupe","gasoline",2013,299,46.99,13.1,29.8,8,1.995,9.272529,39931000
"1289","Chevrolet","GM","Camaro","Obere Mittelklasse (z.B. E-Klasse)","Coupe","gasoline",2014,192,41.99,13.1,29.8,8,1.87,9.272529,40224000
"1290","Chevrolet","GM","Camaro","Obere Mittelklasse (z.B. E-Klasse)","Coupe","gasoline",2015,109,41.99,13.1,29.8,8,1.87,9.272529,40775000
"1291","Chevrolet","GM","Camaro","Obere Mittelklasse (z.B. E-Klasse)","Coupe","gasoline",2012,393,39.99,14.1,31.8,8,1.844,9.272529,39708000
"1292","Chevrolet","GM","Camaro","Obere Mittelklasse (z.B. E-Klasse)","Coupe","gasoline",2013,333,39.99,14.1,31.8,8,1.844,9.272529,39931000
"1293","Chevrolet","GM","Camaro","Obere Mittelklasse (z.B. E-Klasse)","Coupe","gasoline",2014,207,39.99,14.1,31.8,8,1.844,9.272529,40224000
"1294","Chevrolet","GM","Camaro","Obere Mittelklasse (z.B. E-Klasse)","Coupe","gasoline",2016,236,47.4,12.8,33.3,8,1.659,9.075248,40959000
"1295","Chevrolet","GM","Camaro","Obere Mittelklasse (z.B. E-Klasse)","Coupe","gasoline",2017,870,47.4,12.8,33.3,8,1.659,9.075248,41303000
"1296","Chevrolet","GM","Captiva","Untere Mittelklasse (z.B. Golf)","SUV","diesel",2012,1282,31.39,6.2,12,4,1.918,8.640377,39708000
"1297","Chevrolet","GM","Captiva","Untere Mittelklasse (z.B. Golf)","SUV","diesel",2013,768,31.39,6.2,12,4,1.918,8.640377,39931000
"1298","Chevrolet","GM","Captiva","Untere Mittelklasse (z.B. Golf)","SUV","diesel",2014,176,31.39,6.2,12,4,1.918,8.640377,40224000
"1299","Chevrolet","GM","Captiva","Untere Mittelklasse (z.B. Golf)","SUV","diesel",2012,2428,36.49,7.15,13.5,4,2.0055,8.640377,39708000
"1300","Chevrolet","GM","Captiva","Untere Mittelklasse (z.B. Golf)","SUV","diesel",2013,2297,36.49,7.15,13.5,4,2.0055,8.640377,39931000
"1301","Chevrolet","GM","Captiva","Untere Mittelklasse (z.B. Golf)","SUV","diesel",2014,529,36.49,7.15,13.5,4,2.0055,8.640377,40224000
"1302","Chevrolet","GM","Captiva","Untere Mittelklasse (z.B. Golf)","SUV","gasoline",2012,1083,27.24,8.9,12.3,4,1.8205,8.640377,39708000
"1303","Chevrolet","GM","Captiva","Untere Mittelklasse (z.B. Golf)","SUV","gasoline",2013,316,27.24,8.9,12.3,4,1.8205,8.640377,39931000
"1304","Chevrolet","GM","Captiva","Untere Mittelklasse (z.B. Golf)","SUV","gasoline",2014,203,27.24,8.9,12.3,4,1.8205,8.640377,40224000
"1305","Chevrolet","GM","Corvette","Oberklasse (z.B. S-Klasse)","Roadster","gasoline",2014,199,83.2,12.3,34.3,8,1.614,8.409024,40224000
"1306","Chevrolet","GM","Corvette","Oberklasse (z.B. S-Klasse)","Roadster","gasoline",2015,280,83.2,12.3,34.3,8,1.614,8.409024,40775000
"1307","Chevrolet","GM","Corvette","Oberklasse (z.B. S-Klasse)","Roadster","gasoline",2016,199,84.05,12.3,34.3,8,1.614,8.409024,40959000
"1308","Chevrolet","GM","Corvette","Oberklasse (z.B. S-Klasse)","Roadster","gasoline",2017,205,79.5,12,34.3,8,1.614,8.409024,41303000
"1309","Chevrolet","GM","Corvette","Oberklasse (z.B. S-Klasse)","Roadster","gasoline",2015,148,121.1,13.4,48.5,8,1.734,8.87001,40775000
"1310","Chevrolet","GM","Corvette","Oberklasse (z.B. S-Klasse)","Roadster","gasoline",2016,198,121.1,13.4,48.5,8,1.734,8.87001,40959000
"1311","Chevrolet","GM","Corvette","Oberklasse (z.B. S-Klasse)","Coupe","gasoline",2017,112,119.7,12.7,48.5,8,1.734,8.87001,41303000
"1312","Chevrolet","GM","Cruze","Untere Mittelklasse (z.B. Golf)","Stufenheck","diesel",2012,2064,25.09,5.6,12,4,1.51,8.111658,39708000
"1313","Chevrolet","GM","Cruze","Untere Mittelklasse (z.B. Golf)","Stufenheck","diesel",2013,1569,26.165,5.3,12,4,1.539,8.411757,39931000
"1314","Chevrolet","GM","Cruze","Untere Mittelklasse (z.B. Golf)","Stufenheck","diesel",2012,632,23.04,4.5,9.6,4,1.5125,8.411757,39708000
"1315","Chevrolet","GM","Cruze","Untere Mittelklasse (z.B. Golf)","Stufenheck","diesel",2013,1292,23.04,4.5,9.6,4,1.5125,8.411757,39931000
"1316","Chevrolet","GM","Cruze","Untere Mittelklasse (z.B. Golf)","Schrägheck","gasoline",2012,556,24.09,5.8,10.3,4,1.405,8.411757,39708000
"1317","Chevrolet","GM","Cruze","Untere Mittelklasse (z.B. Golf)","Schrägheck","gasoline",2013,2064,24.09,5.8,10.3,4,1.405,8.411757,39931000
"1318","Chevrolet","GM","Cruze","Untere Mittelklasse (z.B. Golf)","Stufenheck","gasoline",2012,1666,21.79,6.4,10.4,4,1.385,8.111658,39708000
"1319","Chevrolet","GM","Cruze","Untere Mittelklasse (z.B. Golf)","Stufenheck","gasoline",2013,513,22.89,6.7,10.4,4,1.445,8.411757,39931000
"1320","Chevrolet","GM","Cruze","Untere Mittelklasse (z.B. Golf)","Schrägheck","gasoline",2012,1423,16.49,6.6,9.1,4,1.38,8.111658,39708000
"1321","Chevrolet","GM","Cruze","Untere Mittelklasse (z.B. Golf)","Schrägheck","gasoline",2013,751,17.59,6.4,9.1,4,1.435,8.411757,39931000
"1322","Chevrolet","GM","Malibu","Mittelklasse (z.B. BMW 3er-Reihe)","Stufenheck","diesel",2012,319,31.49,5.3,11.8,4,1.71,9.024575,39708000
"1323","Chevrolet","GM","Malibu","Mittelklasse (z.B. BMW 3er-Reihe)","Stufenheck","diesel",2013,354,31.49,5.3,11.8,4,1.71,9.024575,39931000
"1324","Chevrolet","GM","Malibu","Mittelklasse (z.B. BMW 3er-Reihe)","Stufenheck","gasoline",2013,115,31.84,7.9,12.3,4,1.6045,9.024575,39931000
"1325","Chevrolet","GM","Orlando","Untere Mittelklasse (z.B. Golf)","Van","diesel",2012,3790,24.99,6,12,4,1.655,8.541072,39708000
"1326","Chevrolet","GM","Orlando","Untere Mittelklasse (z.B. Golf)","Van","diesel",2013,1942,24.99,6,12,4,1.655,8.541072,39931000
"1327","Chevrolet","GM","Orlando","Untere Mittelklasse (z.B. Golf)","Van","diesel",2014,307,24.99,6,12,4,1.655,8.541072,40224000
"1328","Chevrolet","GM","Orlando","Untere Mittelklasse (z.B. Golf)","Van","diesel",2012,174,23.19,6,9.6,4,1.655,8.541072,39708000
"1329","Chevrolet","GM","Orlando","Untere Mittelklasse (z.B. Golf)","Van","diesel",2013,124,23.19,6,9.6,4,1.655,8.541072,39931000
"1330","Chevrolet","GM","Orlando","Untere Mittelklasse (z.B. Golf)","Van","gasoline",2012,403,26.895,6.4,10.3,4,1.55,8.541072,39708000
"1331","Chevrolet","GM","Orlando","Untere Mittelklasse (z.B. Golf)","Van","gasoline",2013,1042,26.895,6.4,10.3,4,1.55,8.541072,39931000
"1332","Chevrolet","GM","Orlando","Untere Mittelklasse (z.B. Golf)","Van","gasoline",2014,261,26.895,6.4,10.3,4,1.55,8.541072,40224000
"1333","Chevrolet","GM","Orlando","Untere Mittelklasse (z.B. Golf)","Van","gasoline",2012,1118,22.29,7.3,10.4,4,1.528,8.541072,39708000
"1334","Chevrolet","GM","Orlando","Untere Mittelklasse (z.B. Golf)","Van","gasoline",2013,316,22.29,7.3,10.4,4,1.528,8.541072,39931000
"1335","Chevrolet","GM","Spark","Kleinstwagen (z.B. Twingo)","Schrägheck","gasoline",2012,4380,9.99,5,5,4,0.939,5.741215,39708000
"1336","Chevrolet","GM","Spark","Kleinstwagen (z.B. Twingo)","Schrägheck","gasoline",2013,3626,8.99,5,5,4,0.939,5.741215,39931000
"1337","Chevrolet","GM","Spark","Kleinstwagen (z.B. Twingo)","Schrägheck","gasoline",2014,548,8.99,5,5,4,0.939,5.741215,40224000
"1338","Chevrolet","GM","Spark","Kleinstwagen (z.B. Twingo)","Schrägheck","gasoline",2012,3660,12.64,5,6,4,0.939,5.741215,39708000
"1339","Chevrolet","GM","Spark","Kleinstwagen (z.B. Twingo)","Schrägheck","gasoline",2013,1275,12.29,5,6,4,0.939,5.741215,39931000
"1340","Chevrolet","GM","Spark","Kleinstwagen (z.B. Twingo)","Schrägheck","gasoline",2014,448,12.29,5,6,4,0.939,5.741215,40224000
"1341","Chevrolet","GM","Trax","Kleinwagen (z.B. Polo)","SUV","diesel",2013,1285,21.99,4.5,9.6,4,1.383,7.501968,39931000
"1342","Chevrolet","GM","Trax","Kleinwagen (z.B. Polo)","SUV","diesel",2014,388,21.99,4.5,9.6,4,1.383,7.501968,40224000
"1343","Chevrolet","GM","Trax","Kleinwagen (z.B. Polo)","SUV","gasoline",2013,1804,22.79,6.4,10.3,4,1.379,7.501968,39931000
"1344","Chevrolet","GM","Trax","Kleinwagen (z.B. Polo)","SUV","gasoline",2014,1084,20.99,6,10.3,4,1.319,7.501968,40224000
"1345","Chevrolet","GM","Trax","Kleinwagen (z.B. Polo)","SUV","gasoline",2013,136,16.99,6.5,8.5,4,1.29,7.501968,39931000
"1346","Chevrolet","GM","Trax","Kleinwagen (z.B. Polo)","SUV","gasoline",2014,195,16.99,6.5,8.5,4,1.29,7.501968,40224000
"1347","Citroen","PSA","Berlingo","Untere Mittelklasse (z.B. Golf)","Hochdach-Kombi","diesel",2012,511,18.25,5.3,5.5,4,1.485,7.9278,39708000
"1348","Citroen","PSA","Berlingo","Untere Mittelklasse (z.B. Golf)","Hochdach-Kombi","diesel",2013,379,18.25,5.3,5.5,4,1.485,7.9278,39931000
"1349","Citroen","PSA","Berlingo","Untere Mittelklasse (z.B. Golf)","Hochdach-Kombi","diesel",2012,3182,21.775,4.8,6.8,4,1.553,7.9278,39708000
"1350","Citroen","PSA","Berlingo","Untere Mittelklasse (z.B. Golf)","Hochdach-Kombi","diesel",2013,3801,21.775,4.8,6.8,4,1.553,7.9278,39931000
"1351","Citroen","PSA","Berlingo","Untere Mittelklasse (z.B. Golf)","Hochdach-Kombi","diesel",2014,3945,21.975,4.65,6.8,4,1.614,7.9278,40224000
"1352","Citroen","PSA","Berlingo","Untere Mittelklasse (z.B. Golf)","Hochdach-Kombi","diesel",2015,1748,21.975,4.65,6.8,4,1.614,7.9278,40775000
"1353","Citroen","PSA","Berlingo","Untere Mittelklasse (z.B. Golf)","Hochdach-Kombi","diesel",2015,2372,22.4,4.3,7.3,4,1.449,7.9278,40775000
"1354","Citroen","PSA","Berlingo","Untere Mittelklasse (z.B. Golf)","Hochdach-Kombi","diesel",2016,4156,22.4,4.3,7.3,4,1.449,7.9278,40959000
"1355","Citroen","PSA","Berlingo","Untere Mittelklasse (z.B. Golf)","Hochdach-Kombi","diesel",2017,3252,22.4,4.3,7.3,4,1.449,7.9278,41303000
"1356","Citroen","PSA","Berlingo","Untere Mittelklasse (z.B. Golf)","Hochdach-Kombi","diesel",2012,1477,23.39,5.3,8.2,4,1.501,7.9278,39708000
"1357","Citroen","PSA","Berlingo","Untere Mittelklasse (z.B. Golf)","Hochdach-Kombi","diesel",2012,2167,24.2,4.9,8.4,4,1.624,7.9278,39708000
"1358","Citroen","PSA","Berlingo","Untere Mittelklasse (z.B. Golf)","Hochdach-Kombi","diesel",2013,3015,24.2,4.9,8.4,4,1.624,7.9278,39931000
"1359","Citroen","PSA","Berlingo","Untere Mittelklasse (z.B. Golf)","Hochdach-Kombi","diesel",2014,2772,24.2,4.9,8.4,4,1.624,7.9278,40224000
"1360","Citroen","PSA","Berlingo","Untere Mittelklasse (z.B. Golf)","Hochdach-Kombi","diesel",2015,1322,24.2,4.9,8.4,4,1.624,7.9278,40775000
"1361","Citroen","PSA","Berlingo","Untere Mittelklasse (z.B. Golf)","Hochdach-Kombi","diesel",2015,2045,24.2,4.3,8.8,4,1.473,7.9278,40775000
"1362","Citroen","PSA","Berlingo","Untere Mittelklasse (z.B. Golf)","Hochdach-Kombi","diesel",2016,3780,24.2,4.3,8.8,4,1.473,7.9278,40959000
"1363","Citroen","PSA","Berlingo","Untere Mittelklasse (z.B. Golf)","Hochdach-Kombi","diesel",2017,3757,24.2,4.3,8.8,4,1.473,7.9278,41303000
"1364","Citroen","PSA","Berlingo","Untere Mittelklasse (z.B. Golf)","Hochdach-Kombi","gasoline",2012,1625,18.295,6.9,7.2,4,1.515,7.9278,39708000
"1365","Citroen","PSA","Berlingo","Untere Mittelklasse (z.B. Golf)","Hochdach-Kombi","gasoline",2013,1243,17.64,6.7,7.2,4,1.55,7.9278,39931000
"1366","Citroen","PSA","Berlingo","Untere Mittelklasse (z.B. Golf)","Hochdach-Kombi","gasoline",2014,927,17.64,6.7,7.2,4,1.55,7.9278,40224000
"1367","Citroen","PSA","Berlingo","Untere Mittelklasse (z.B. Golf)","Hochdach-Kombi","gasoline",2015,1017,17.64,6.7,7.2,4,1.55,7.9278,40775000
"1368","Citroen","PSA","Berlingo","Untere Mittelklasse (z.B. Golf)","Hochdach-Kombi","gasoline",2016,1019,17.64,6.7,7.2,4,1.55,7.9278,40959000
"1369","Citroen","PSA","Berlingo","Untere Mittelklasse (z.B. Golf)","Hochdach-Kombi","gasoline",2017,880,17.64,6.7,7.2,4,1.55,7.9278,41303000
"1370","Citroen","PSA","Berlingo","Untere Mittelklasse (z.B. Golf)","Hochdach-Kombi","gasoline",2016,1224,22.35,5.1,8.1,3,1.395,7.9278,40959000
"1371","Citroen","PSA","Berlingo","Untere Mittelklasse (z.B. Golf)","Hochdach-Kombi","gasoline",2017,2489,22.35,5.1,8.1,3,1.395,7.9278,41303000
"1372","Citroen","PSA","Berlingo","Untere Mittelklasse (z.B. Golf)","Hochdach-Kombi","gasoline",2012,2220,20,7.3,8.8,4,1.48,7.9278,39708000
"1373","Citroen","PSA","Berlingo","Untere Mittelklasse (z.B. Golf)","Hochdach-Kombi","gasoline",2013,1454,20,7.3,8.8,4,1.48,7.9278,39931000
"1374","Citroen","PSA","Berlingo","Untere Mittelklasse (z.B. Golf)","Hochdach-Kombi","gasoline",2014,1359,20,7.3,8.8,4,1.48,7.9278,40224000
"1375","Citroen","PSA","Berlingo","Untere Mittelklasse (z.B. Golf)","Hochdach-Kombi","gasoline",2015,968,20,7.3,8.8,4,1.48,7.9278,40775000
"1376","Citroen","PSA","Berlingo","Untere Mittelklasse (z.B. Golf)","Hochdach-Kombi","gasoline",2016,526,20,7.3,8.8,4,1.48,7.9278,40959000
"1377","Citroen","PSA","C-Crosser","Mittelklasse (z.B. BMW 3er-Reihe)","SUV","diesel",2012,249,33.95,6.7,11.5,4,1.79,8.384225,39708000
"1378","Citroen","PSA","C-Elysée","Untere Mittelklasse (z.B. Golf)","Stufenheck","gasoline",2016,404,12.99,4.8,6,3,1.055,7.731404,40959000
"1379","Citroen","PSA","C-Elysée","Untere Mittelklasse (z.B. Golf)","Stufenheck","gasoline",2017,226,12.99,4.8,6,3,1.055,7.731404,41303000
"1380","Citroen","PSA","C-Elysée","Untere Mittelklasse (z.B. Golf)","Stufenheck","gasoline",2016,173,15.14,6.5,8.5,4,1.1745,7.731404,40959000
"1381","Citroen","PSA","C-Elysée","Untere Mittelklasse (z.B. Golf)","Stufenheck","gasoline",2017,213,15.14,6.5,8.5,4,1.1745,7.731404,41303000
"1382","Citroen","PSA","C1","Kleinstwagen  (z.B. Twingo)","Schrägheck","gasoline",2012,7463,11.295,4.5,5,3,0.88,5.59905,39708000
"1383","Citroen","PSA","C1","Kleinstwagen  (z.B. Twingo)","Schrägheck","gasoline",2013,4904,11.295,4.5,5,3,0.88,5.59905,39931000
"1384","Citroen","PSA","C1","Kleinstwagen  (z.B. Twingo)","Schrägheck","gasoline",2014,2113,11.34,4.3,5,3,0.8925,5.6072,40224000
"1385","Citroen","PSA","C1","Kleinstwagen  (z.B. Twingo)","Schrägheck","gasoline",2014,2169,9.24,4.1,5.1,3,0.915,5.59759,40224000
"1386","Citroen","PSA","C1","Kleinstwagen  (z.B. Twingo)","Schrägheck","gasoline",2015,5577,9.24,4.1,5.1,3,0.915,5.59759,40775000
"1387","Citroen","PSA","C1","Kleinstwagen  (z.B. Twingo)","Schrägheck","gasoline",2016,5143,9.24,4.1,5.1,3,0.915,5.59759,40959000
"1388","Citroen","PSA","C1","Kleinstwagen  (z.B. Twingo)","Schrägheck","gasoline",2017,3938,9.24,4.1,5.1,3,0.915,5.59759,41303000
"1389","Citroen","PSA","C1","Kleinstwagen  (z.B. Twingo)","Schrägheck","gasoline",2014,748,12.025,4.3,6,3,0.94,5.59759,40224000
"1390","Citroen","PSA","C1","Kleinstwagen  (z.B. Twingo)","Schrägheck","gasoline",2015,2390,12.025,4.3,6,3,0.94,5.59759,40775000
"1391","Citroen","PSA","C1","Kleinstwagen  (z.B. Twingo)","Schrägheck","gasoline",2016,2212,12.025,4.3,6,3,0.94,5.59759,40959000
"1392","Citroen","PSA","C1","Kleinstwagen  (z.B. Twingo)","Schrägheck","gasoline",2017,2100,12.275,4.3,6,3,0.94,5.59759,41303000
"1393","Citroen","PSA","C3 Aircross","Kleinwagen (z.B. Polo)","SUV","diesel",2017,151,22.34,4.1,8.8,4,1.308,7.333575,41303000
"1394","Citroen","PSA","C3 Aircross","Kleinwagen (z.B. Polo)","SUV","gasoline",2017,273,15.44,5.1,6,3,1.163,7.333575,41303000
"1395","Citroen","PSA","C3 Aircross","Kleinwagen (z.B. Polo)","SUV","gasoline",2017,743,18.99,4.9,8.1,3,1.234,7.333575,41303000
"1396","Citroen","PSA","C3 Aircross","Kleinwagen (z.B. Polo)","SUV","gasoline",2017,264,20.29,5.3,9.6,3,1.263,7.333575,41303000
"1397","Citroen","PSA","C3 Picasso","Kleinwagen (z.B. Polo)","Van","diesel",2012,1339,21.75,4.2,6.8,4,1.441,7.201748,39708000
"1398","Citroen","PSA","C3 Picasso","Kleinwagen (z.B. Polo)","Van","diesel",2013,697,21.75,4.2,6.8,4,1.441,7.201748,39931000
"1399","Citroen","PSA","C3 Picasso","Kleinwagen (z.B. Polo)","Van","diesel",2014,648,21.75,4.2,6.8,4,1.441,7.201748,40224000
"1400","Citroen","PSA","C3 Picasso","Kleinwagen (z.B. Polo)","Van","diesel",2015,200,21.56,4.2,6.8,4,1.413,7.201748,40775000
"1401","Citroen","PSA","C3 Picasso","Kleinwagen (z.B. Polo)","Van","diesel",2015,251,22.96,3.9,7.3,4,1.315,7.201748,40775000
"1402","Citroen","PSA","C3 Picasso","Kleinwagen (z.B. Polo)","Van","diesel",2016,382,22.96,3.9,7.3,4,1.315,7.201748,40959000
"1403","Citroen","PSA","C3 Picasso","Kleinwagen (z.B. Polo)","Van","diesel",2017,137,22.96,3.9,7.3,4,1.315,7.201748,41303000
"1404","Citroen","PSA","C3 Picasso","Kleinwagen (z.B. Polo)","Van","diesel",2012,616,21.5,4.8,8.2,4,1.436,7.201748,39708000
"1405","Citroen","PSA","C3 Picasso","Kleinwagen (z.B. Polo)","Van","diesel",2013,335,21.86,4.6,8.4,4,1.436,7.201748,39931000
"1406","Citroen","PSA","C3 Picasso","Kleinwagen (z.B. Polo)","Van","diesel",2014,301,21.86,4.6,8.4,4,1.436,7.201748,40224000
"1407","Citroen","PSA","C3 Picasso","Kleinwagen (z.B. Polo)","Van","diesel",2015,118,21.86,4.6,8.4,4,1.436,7.201748,40775000
"1408","Citroen","PSA","C3 Picasso","Kleinwagen (z.B. Polo)","Van","gasoline",2012,1187,17.975,6.3,7,4,1.375,7.201748,39708000
"1409","Citroen","PSA","C3 Picasso","Kleinwagen (z.B. Polo)","Van","gasoline",2013,1032,17.975,6.3,7,4,1.375,7.201748,39931000
"1410","Citroen","PSA","C3 Picasso","Kleinwagen (z.B. Polo)","Van","gasoline",2014,721,17.975,6.3,7,4,1.375,7.201748,40224000
"1411","Citroen","PSA","C3 Picasso","Kleinwagen (z.B. Polo)","Van","gasoline",2015,181,18.375,6.1,7,4,1.375,7.201748,40775000
"1412","Citroen","PSA","C3 Picasso","Kleinwagen (z.B. Polo)","Van","gasoline",2016,255,18.375,6.1,7,4,1.375,7.201748,40959000
"1413","Citroen","PSA","C3 Picasso","Kleinwagen (z.B. Polo)","Van","gasoline",2015,362,20.34,5,8.1,3,1.28,7.201748,40775000
"1414","Citroen","PSA","C3 Picasso","Kleinwagen (z.B. Polo)","Van","gasoline",2016,670,20.34,5,8.1,3,1.28,7.201748,40959000
"1415","Citroen","PSA","C3 Picasso","Kleinwagen (z.B. Polo)","Van","gasoline",2017,319,20.34,5,8.1,3,1.28,7.201748,41303000
"1416","Citroen","PSA","C3 Picasso","Kleinwagen (z.B. Polo)","Van","gasoline",2012,939,19.98,6.35,8.8,4,1.375,7.201748,39708000
"1417","Citroen","PSA","C3 Picasso","Kleinwagen (z.B. Polo)","Van","gasoline",2013,713,19.98,6.35,8.8,4,1.375,7.201748,39931000
"1418","Citroen","PSA","C3 Picasso","Kleinwagen (z.B. Polo)","Van","gasoline",2014,630,19.98,6.35,8.8,4,1.375,7.201748,40224000
"1419","Citroen","PSA","C3 Picasso","Kleinwagen (z.B. Polo)","Van","gasoline",2015,195,20.06,6.15,8.8,4,1.375,7.201748,40775000
"1420","Citroen","PSA","C3","Kleinwagen (z.B. Polo)","Schrägheck","diesel",2012,403,17.18,3.7,5,4,1.164,6.810048,39708000
"1421","Citroen","PSA","C3","Kleinwagen (z.B. Polo)","Schrägheck","diesel",2013,331,17.18,3.7,5,4,1.164,6.810048,39931000
"1422","Citroen","PSA","C3","Kleinwagen (z.B. Polo)","Schrägheck","diesel",2014,469,17.18,3.7,5,4,1.164,6.810048,40224000
"1423","Citroen","PSA","C3","Kleinwagen (z.B. Polo)","Schrägheck","diesel",2015,208,17.33,3.6,5,4,1.164,6.810048,40775000
"1424","Citroen","PSA","C3","Kleinwagen (z.B. Polo)","Schrägheck","diesel",2017,229,17.34,3.2,5.5,4,1.165,6.989004,41303000
"1425","Citroen","PSA","C3","Kleinwagen (z.B. Polo)","Schrägheck","diesel",2012,650,18.55,3.8,6.8,4,1.245,6.810048,39708000
"1426","Citroen","PSA","C3","Kleinwagen (z.B. Polo)","Schrägheck","diesel",2013,764,18.55,3.8,6.8,4,1.245,6.810048,39931000
"1427","Citroen","PSA","C3","Kleinwagen (z.B. Polo)","Schrägheck","diesel",2014,1266,18.55,3.8,6.8,4,1.245,6.810048,40224000
"1428","Citroen","PSA","C3","Kleinwagen (z.B. Polo)","Schrägheck","diesel",2015,572,20.28,3.4,7.3,4,1.16,6.810048,40775000
"1429","Citroen","PSA","C3","Kleinwagen (z.B. Polo)","Schrägheck","diesel",2016,726,20.28,3.4,7.3,4,1.16,6.810048,40959000
"1430","Citroen","PSA","C3","Kleinwagen (z.B. Polo)","Schrägheck","diesel",2017,1006,20.28,3.4,7.3,4,1.16,6.810048,41303000
"1431","Citroen","PSA","C3","Kleinwagen (z.B. Polo)","Schrägheck","diesel",2012,144,20.64,4.1,8.2,4,1.218,6.810048,39708000
"1432","Citroen","PSA","C3","Kleinwagen (z.B. Polo)","Schrägheck","gasoline",2012,560,12.8,5.9,4.4,4,1.164,6.810048,39708000
"1433","Citroen","PSA","C3","Kleinwagen (z.B. Polo)","Schrägheck","gasoline",2013,1004,14.69,4.3,5,3,1.048,6.810048,39931000
"1434","Citroen","PSA","C3","Kleinwagen (z.B. Polo)","Schrägheck","gasoline",2014,1666,14.69,4.3,5,3,1.048,6.810048,40224000
"1435","Citroen","PSA","C3","Kleinwagen (z.B. Polo)","Schrägheck","gasoline",2015,1233,14.59,4.4,5,3,1.048,6.810048,40775000
"1436","Citroen","PSA","C3","Kleinwagen (z.B. Polo)","Schrägheck","gasoline",2016,1340,14.59,4.4,5,3,1.048,6.810048,40959000
"1437","Citroen","PSA","C3","Kleinwagen (z.B. Polo)","Schrägheck","gasoline",2017,1618,12.24,4.7,5,3,1.051,6.989004,41303000
"1438","Citroen","PSA","C3","Kleinwagen (z.B. Polo)","Schrägheck","gasoline",2012,1445,13.35,6,5.4,4,1.165,6.810048,39708000
"1439","Citroen","PSA","C3","Kleinwagen (z.B. Polo)","Schrägheck","gasoline",2013,1992,16.38,4.5,6,3,1.14,6.810048,39931000
"1440","Citroen","PSA","C3","Kleinwagen (z.B. Polo)","Schrägheck","gasoline",2014,3676,16.38,4.5,6,3,1.14,6.810048,40224000
"1441","Citroen","PSA","C3","Kleinwagen (z.B. Polo)","Schrägheck","gasoline",2015,3165,16.685,4.4,6,3,1.055,6.810048,40775000
"1442","Citroen","PSA","C3","Kleinwagen (z.B. Polo)","Schrägheck","gasoline",2016,4725,16.38,4.5,6,3,1.055,6.810048,40959000
"1443","Citroen","PSA","C3","Kleinwagen (z.B. Polo)","Schrägheck","gasoline",2017,8093,16.51,4.5,6,3,1.055,6.810048,41303000
"1444","Citroen","PSA","C3","Kleinwagen (z.B. Polo)","Schrägheck","gasoline",2012,2325,17.29,5.5,7,4,1.221,6.810048,39708000
"1445","Citroen","PSA","C3","Kleinwagen (z.B. Polo)","Schrägheck","gasoline",2013,257,17.29,5.5,7,4,1.221,6.810048,39931000
"1446","Citroen","PSA","C3","Kleinwagen (z.B. Polo)","Schrägheck","gasoline",2015,139,19.135,4.4,8.1,3,1.145,6.810048,40775000
"1447","Citroen","PSA","C3","Kleinwagen (z.B. Polo)","Schrägheck","gasoline",2016,343,18.44,4.6,8.1,3,1.145,6.989004,40959000
"1448","Citroen","PSA","C3","Kleinwagen (z.B. Polo)","Schrägheck","gasoline",2017,3484,18.49,4.7,8.1,3,1.135,6.989004,41303000
"1449","Citroen","PSA","C3","Kleinwagen (z.B. Polo)","Schrägheck","gasoline",2012,640,19.08,5.9,8.8,4,1.215,6.810048,39708000
"1450","Citroen","PSA","C3","Kleinwagen (z.B. Polo)","Schrägheck","gasoline",2013,227,19.08,5.9,8.8,4,1.215,6.810048,39931000
"1451","Citroen","PSA","C3","Kleinwagen (z.B. Polo)","Schrägheck","gasoline",2014,435,19.08,5.9,8.8,4,1.215,6.810048,40224000
"1452","Citroen","PSA","C4 Aircross","Untere Mittelklasse (z.B. Golf)","SUV","diesel",2012,698,33.24,5.6,11,4,1.57,7.8138,39708000
"1453","Citroen","PSA","C4 Aircross","Untere Mittelklasse (z.B. Golf)","SUV","diesel",2013,406,33.24,5.6,11,4,1.57,7.8138,39931000
"1454","Citroen","PSA","C4 Aircross","Untere Mittelklasse (z.B. Golf)","SUV","diesel",2014,344,33.24,5.6,11,4,1.57,7.8138,40224000
"1455","Citroen","PSA","C4 Aircross","Untere Mittelklasse (z.B. Golf)","SUV","diesel",2015,163,33.24,5.6,11,4,1.57,7.8138,40775000
"1456","Citroen","PSA","C4 Aircross","Untere Mittelklasse (z.B. Golf)","SUV","diesel",2012,215,31.99,4.9,8.4,4,1.5,7.8138,39708000
"1457","Citroen","PSA","C4 Aircross","Untere Mittelklasse (z.B. Golf)","SUV","diesel",2013,633,31.99,4.9,8.4,4,1.5,7.8138,39931000
"1458","Citroen","PSA","C4 Aircross","Untere Mittelklasse (z.B. Golf)","SUV","diesel",2014,665,31.99,4.9,8.4,4,1.5,7.8138,40224000
"1459","Citroen","PSA","C4 Aircross","Untere Mittelklasse (z.B. Golf)","SUV","diesel",2015,574,31.99,4.9,8.4,4,1.5,7.8138,40775000
"1460","Citroen","PSA","C4 Aircross","Untere Mittelklasse (z.B. Golf)","SUV","diesel",2016,330,31.99,4.9,8.4,4,1.5,7.8138,40959000
"1461","Citroen","PSA","C4 Aircross","Untere Mittelklasse (z.B. Golf)","SUV","diesel",2017,145,31.99,4.9,8.4,4,1.5,7.8138,41303000
"1462","Citroen","PSA","C4 Aircross","Untere Mittelklasse (z.B. Golf)","SUV","gasoline",2012,224,26.04,5.8,8.6,4,1.38,7.8138,39708000
"1463","Citroen","PSA","C4 Aircross","Untere Mittelklasse (z.B. Golf)","SUV","gasoline",2013,113,26.04,5.8,8.6,4,1.38,7.8138,39931000
"1464","Citroen","PSA","C4 Cactus","Kleinwagen (z.B. Polo)","SUV","diesel",2014,175,21.24,3.5,6.8,4,1.13,7.187453,40224000
"1465","Citroen","PSA","C4 Cactus","Kleinwagen (z.B. Polo)","SUV","diesel",2015,732,21.24,3.5,6.8,4,1.13,7.187453,40775000
"1466","Citroen","PSA","C4 Cactus","Kleinwagen (z.B. Polo)","SUV","diesel",2014,812,20.34,3.4,7.3,4,1.145,7.187453,40224000
"1467","Citroen","PSA","C4 Cactus","Kleinwagen (z.B. Polo)","SUV","diesel",2015,1672,20.34,3.4,7.3,4,1.145,7.187453,40775000
"1468","Citroen","PSA","C4 Cactus","Kleinwagen (z.B. Polo)","SUV","diesel",2016,2603,20.34,3.4,7.3,4,1.145,7.187453,40959000
"1469","Citroen","PSA","C4 Cactus","Kleinwagen (z.B. Polo)","SUV","diesel",2017,1175,20.79,3.4,7.3,4,1.155,7.187453,41303000
"1470","Citroen","PSA","C4 Cactus","Kleinwagen (z.B. Polo)","SUV","gasoline",2014,821,15.34,4.6,6,3,1.04,7.187453,40224000
"1471","Citroen","PSA","C4 Cactus","Kleinwagen (z.B. Polo)","SUV","gasoline",2015,2609,15.34,4.6,6,3,1.04,7.187453,40775000
"1472","Citroen","PSA","C4 Cactus","Kleinwagen (z.B. Polo)","SUV","gasoline",2016,1983,15.34,4.6,6,3,1.04,7.187453,40959000
"1473","Citroen","PSA","C4 Cactus","Kleinwagen (z.B. Polo)","SUV","gasoline",2017,1670,15.34,4.6,6,3,1.04,7.187453,41303000
"1474","Citroen","PSA","C4 Cactus","Kleinwagen (z.B. Polo)","SUV","gasoline",2014,151,20.99,4.3,8.1,3,1.095,7.187453,40224000
"1475","Citroen","PSA","C4 Cactus","Kleinwagen (z.B. Polo)","SUV","gasoline",2015,1221,20.99,4.3,8.1,3,1.095,7.187453,40775000
"1476","Citroen","PSA","C4 Cactus","Kleinwagen (z.B. Polo)","SUV","gasoline",2016,935,20.99,4.3,8.1,3,1.095,7.187453,40959000
"1477","Citroen","PSA","C4 Cactus","Kleinwagen (z.B. Polo)","SUV","gasoline",2017,735,20.715,4.6,8.1,3,1.105,7.14738,41303000
"1478","Citroen","PSA","C4 Picasso","Untere Mittelklasse (z.B. Golf)","Van","diesel",2014,141,23.49,3.8,6.8,4,1.364,8.085528,40224000
"1479","Citroen","PSA","C4 Picasso","Untere Mittelklasse (z.B. Golf)","Van","diesel",2013,2095,24.74,4,8.5,4,1.37,8.085528,39931000
"1480","Citroen","PSA","C4 Picasso","Untere Mittelklasse (z.B. Golf)","Van","diesel",2014,4138,24.74,4,8.5,4,1.37,8.085528,40224000
"1481","Citroen","PSA","C4 Picasso","Untere Mittelklasse (z.B. Golf)","Van","diesel",2015,565,24.74,4,8.5,4,1.37,8.085528,40775000
"1482","Citroen","PSA","C4 Spacetourer","Untere Mittelklasse (z.B. Golf)","Van","gasoline",2017,170,19.09,5.1,8.1,3,1.355,8.085528,41303000
"1483","Citroen","PSA","C4","Untere Mittelklasse (z.B. Golf)","Schrägheck","diesel",2012,248,27.04,4.9,11,4,1.395,7.744581,39708000
"1484","Citroen","PSA","C4","Untere Mittelklasse (z.B. Golf)","Schrägheck","diesel",2013,178,27.04,4.9,11,4,1.395,7.744581,39931000
"1485","Citroen","PSA","C4","Untere Mittelklasse (z.B. Golf)","Schrägheck","diesel",2014,123,27.04,4.9,11,4,1.395,7.744581,40224000
"1486","Citroen","PSA","C4","Untere Mittelklasse (z.B. Golf)","Schrägheck","diesel",2012,403,21.78,4.1,6.8,4,1.28,7.744581,39708000
"1487","Citroen","PSA","C4","Untere Mittelklasse (z.B. Golf)","Schrägheck","diesel",2013,260,21.78,4.1,6.8,4,1.28,7.744581,39931000
"1488","Citroen","PSA","C4","Untere Mittelklasse (z.B. Golf)","Schrägheck","diesel",2014,108,21.78,4.1,6.8,4,1.28,7.744581,40224000
"1489","Citroen","PSA","C4","Untere Mittelklasse (z.B. Golf)","Schrägheck","diesel",2015,152,22.84,3.45,7.3,4,1.2775,7.744581,40775000
"1490","Citroen","PSA","C4","Untere Mittelklasse (z.B. Golf)","Schrägheck","diesel",2016,247,22.84,3.45,7.3,4,1.2775,7.744581,40959000
"1491","Citroen","PSA","C4","Untere Mittelklasse (z.B. Golf)","Schrägheck","diesel",2017,143,22.84,3.45,7.3,4,1.2775,7.744581,41303000
"1492","Citroen","PSA","C4","Untere Mittelklasse (z.B. Golf)","Schrägheck","diesel",2012,3296,22.995,4.45,8.2,4,1.35,7.744581,39708000
"1493","Citroen","PSA","C4","Untere Mittelklasse (z.B. Golf)","Schrägheck","diesel",2013,153,22.995,4.45,8.2,4,1.35,7.744581,39931000
"1494","Citroen","PSA","C4","Untere Mittelklasse (z.B. Golf)","Schrägheck","diesel",2013,1519,23.885,3.85,8.4,4,1.44,7.744581,39931000
"1495","Citroen","PSA","C4","Untere Mittelklasse (z.B. Golf)","Schrägheck","diesel",2014,1437,23.885,3.85,8.4,4,1.44,7.744581,40224000
"1496","Citroen","PSA","C4","Untere Mittelklasse (z.B. Golf)","Schrägheck","diesel",2015,162,23.885,3.85,8.4,4,1.44,7.744581,40775000
"1497","Citroen","PSA","C4","Untere Mittelklasse (z.B. Golf)","Schrägheck","diesel",2015,838,25.74,3.8,8.8,4,1.355,7.744581,40775000
"1498","Citroen","PSA","C4","Untere Mittelklasse (z.B. Golf)","Schrägheck","diesel",2016,857,25.74,3.8,8.8,4,1.355,7.744581,40959000
"1499","Citroen","PSA","C4","Untere Mittelklasse (z.B. Golf)","Schrägheck","diesel",2017,344,25.74,3.8,8.8,4,1.355,7.744581,41303000
"1500","Citroen","PSA","C4","Untere Mittelklasse (z.B. Golf)","Schrägheck","gasoline",2012,117,25.73,6.4,11.5,4,1.35,7.744581,39708000
"1501","Citroen","PSA","C4","Untere Mittelklasse (z.B. Golf)","Schrägheck","gasoline",2012,946,18.225,6.1,7,4,1.275,7.744581,39708000
"1502","Citroen","PSA","C4","Untere Mittelklasse (z.B. Golf)","Schrägheck","gasoline",2013,1054,18.225,6.1,7,4,1.275,7.744581,39931000
"1503","Citroen","PSA","C4","Untere Mittelklasse (z.B. Golf)","Schrägheck","gasoline",2014,398,18.225,6.1,7,4,1.275,7.744581,40224000
"1504","Citroen","PSA","C4","Untere Mittelklasse (z.B. Golf)","Schrägheck","gasoline",2015,240,18.84,4.8,8.1,3,1.275,7.744581,40775000
"1505","Citroen","PSA","C4","Untere Mittelklasse (z.B. Golf)","Schrägheck","gasoline",2016,388,18.84,4.8,8.1,3,1.275,7.744581,40959000
"1506","Citroen","PSA","C4","Untere Mittelklasse (z.B. Golf)","Schrägheck","gasoline",2017,196,18.84,4.8,8.1,3,1.275,7.744581,41303000
"1507","Citroen","PSA","C4","Untere Mittelklasse (z.B. Golf)","Schrägheck","gasoline",2012,2221,20.94,6.2,8.8,4,1.28,7.744581,39708000
"1508","Citroen","PSA","C4","Untere Mittelklasse (z.B. Golf)","Schrägheck","gasoline",2013,1354,20.94,6.2,8.8,4,1.28,7.744581,39931000
"1509","Citroen","PSA","C4","Untere Mittelklasse (z.B. Golf)","Schrägheck","gasoline",2014,617,20.94,6.2,8.8,4,1.28,7.744581,40224000
"1510","Citroen","PSA","C4","Untere Mittelklasse (z.B. Golf)","Schrägheck","gasoline",2014,586,23.64,4.8,9.6,3,1.28,7.744581,40224000
"1511","Citroen","PSA","C4","Untere Mittelklasse (z.B. Golf)","Schrägheck","gasoline",2015,1209,23.64,4.8,9.6,3,1.28,7.744581,40775000
"1512","Citroen","PSA","C4","Untere Mittelklasse (z.B. Golf)","Schrägheck","gasoline",2016,826,23.64,4.8,9.6,3,1.28,7.744581,40959000
"1513","Citroen","PSA","C4","Untere Mittelklasse (z.B. Golf)","Schrägheck","gasoline",2017,505,23.64,4.8,9.6,3,1.28,7.744581,41303000
"1514","Citroen","PSA","C5","Mittelklasse (z.B. BMW 3er-Reihe)","Stufenheck","diesel",2012,1438,32.245,5.2,10.3,4,1.73,8.98194,39708000
"1515","Citroen","PSA","C5","Mittelklasse (z.B. BMW 3er-Reihe)","Stufenheck","diesel",2013,472,32.74,5.1,10.3,4,1.73,8.98194,39931000
"1516","Citroen","PSA","C5","Mittelklasse (z.B. BMW 3er-Reihe)","Stufenheck","diesel",2014,551,32.74,5.1,10.3,4,1.73,8.98194,40224000
"1517","Citroen","PSA","C5","Mittelklasse (z.B. BMW 3er-Reihe)","Kombi","diesel",2015,184,32.74,5.1,10.3,4,1.73,8.98194,40775000
"1518","Citroen","PSA","C5","Mittelklasse (z.B. BMW 3er-Reihe)","Stufenheck","diesel",2016,521,38.4,4.4,11,4,1.65,8.98194,40959000
"1519","Citroen","PSA","C5","Mittelklasse (z.B. BMW 3er-Reihe)","Stufenheck","diesel",2017,221,35.795,4.4,11,4,1.65,8.98194,41303000
"1520","Citroen","PSA","C5","Mittelklasse (z.B. BMW 3er-Reihe)","Stufenheck","diesel",2012,1643,35.445,5.65,12,4,1.6935,8.98194,39708000
"1521","Citroen","PSA","C5","Mittelklasse (z.B. BMW 3er-Reihe)","Stufenheck","diesel",2013,1115,35.97,5.65,12,4,1.6935,8.98194,39931000
"1522","Citroen","PSA","C5","Mittelklasse (z.B. BMW 3er-Reihe)","Stufenheck","diesel",2014,957,35.97,5.65,12,4,1.6935,8.98194,40224000
"1523","Citroen","PSA","C5","Mittelklasse (z.B. BMW 3er-Reihe)","Stufenheck","diesel",2015,542,35.97,5.65,12,4,1.6935,8.98194,40775000
"1524","Citroen","PSA","C5","Mittelklasse (z.B. BMW 3er-Reihe)","Stufenheck","diesel",2015,248,42.975,4.4,13.3,4,1.73,8.98194,40775000
"1525","Citroen","PSA","C5","Mittelklasse (z.B. BMW 3er-Reihe)","Stufenheck","diesel",2016,833,42.975,4.4,13.3,4,1.73,8.98194,40959000
"1526","Citroen","PSA","C5","Mittelklasse (z.B. BMW 3er-Reihe)","Stufenheck","diesel",2017,397,42.95,4.4,13.3,4,1.73,8.98194,41303000
"1527","Citroen","PSA","C5","Mittelklasse (z.B. BMW 3er-Reihe)","Stufenheck","diesel",2012,607,39.6,6.1,15,4,1.842,8.98194,39708000
"1528","Citroen","PSA","C5","Mittelklasse (z.B. BMW 3er-Reihe)","Stufenheck","diesel",2013,557,40.25,6.1,15,4,1.842,8.98194,39931000
"1529","Citroen","PSA","C5","Mittelklasse (z.B. BMW 3er-Reihe)","Stufenheck","diesel",2014,505,40.25,6.1,15,4,1.842,8.98194,40224000
"1530","Citroen","PSA","C5","Mittelklasse (z.B. BMW 3er-Reihe)","Stufenheck","diesel",2015,267,40.25,6.1,15,4,1.842,8.98194,40775000
"1531","Citroen","PSA","C5","Mittelklasse (z.B. BMW 3er-Reihe)","Stufenheck","diesel",2012,374,43.34,7.2,17.7,6,1.838,8.98194,39708000
"1532","Citroen","PSA","C5","Mittelklasse (z.B. BMW 3er-Reihe)","Stufenheck","diesel",2013,233,43.34,7.2,17.7,6,1.838,8.98194,39931000
"1533","Citroen","PSA","C5","Mittelklasse (z.B. BMW 3er-Reihe)","Stufenheck","diesel",2013,283,30.55,4.45,8.4,4,1.614,8.98194,39931000
"1534","Citroen","PSA","C5","Mittelklasse (z.B. BMW 3er-Reihe)","Stufenheck","gasoline",2012,285,32.695,7.05,11.5,4,1.5935,8.98194,39708000
"1535","Citroen","PSA","C5","Mittelklasse (z.B. BMW 3er-Reihe)","Stufenheck","gasoline",2013,227,32.695,7.05,11.5,4,1.5935,8.98194,39931000
"1536","Citroen","PSA","C5","Mittelklasse (z.B. BMW 3er-Reihe)","Stufenheck","gasoline",2014,118,32.695,7.05,11.5,4,1.5935,8.98194,40224000
"1537","Citroen","PSA","C8","Mittelklasse (z.B. BMW 3er-Reihe)","Van","diesel",2012,145,33.4,5.9,10,4,1.838,8.762004,39708000
"1538","Citroen","PSA","C8","Mittelklasse (z.B. BMW 3er-Reihe)","Van","diesel",2012,257,37.05,5.9,12,4,1.838,8.762004,39708000
"1539","Citroen","PSA","C8","Mittelklasse (z.B. BMW 3er-Reihe)","Van","diesel",2013,206,37.05,5.9,12,4,1.838,8.762004,39931000
"1540","Citroen","PSA","DS 3 Cabrio","Kleinwagen (z.B. Polo)","Cabrio","diesel",2013,143,23.42,3.6,6.8,4,1.25,6.77082,39931000
"1541","Citroen","PSA","DS 3 Cabrio","Kleinwagen (z.B. Polo)","Cabrio","diesel",2014,104,23.42,3.6,6.8,4,1.25,6.77082,40224000
"1542","Citroen","PSA","DS 3 Cabrio","Kleinwagen (z.B. Polo)","Cabrio","gasoline",2013,796,24.31,5.9,11.5,4,1.25,6.77082,39931000
"1543","Citroen","PSA","DS 3 Cabrio","Kleinwagen (z.B. Polo)","Cabrio","gasoline",2014,165,24.31,5.9,11.5,4,1.25,6.77082,40224000
"1544","Citroen","PSA","DS 3 Cabrio","Kleinwagen (z.B. Polo)","Cabrio","gasoline",2013,216,19.23,4.9,6,3,1.165,6.77082,39931000
"1545","Citroen","PSA","DS 3 Cabrio","Kleinwagen (z.B. Polo)","Cabrio","gasoline",2014,227,19.23,4.9,6,3,1.165,6.77082,40224000
"1546","Citroen","PSA","DS 3 Cabrio","Kleinwagen (z.B. Polo)","Cabrio","gasoline",2013,636,22.17,6.2,8.8,4,1.2175,6.77082,39931000
"1547","Citroen","PSA","DS 3 Cabrio","Kleinwagen (z.B. Polo)","Cabrio","gasoline",2014,335,22.17,6.2,8.8,4,1.2175,6.77082,40224000
"1548","Citroen","PSA","DS 3 Racing","Kleinwagen (z.B. Polo)","Schrägheck","gasoline",2012,185,31.21,6.4,15.2,4,1.24,6.802754,39708000
"1549","Citroen","PSA","DS 3","Kleinwagen (z.B. Polo)","Schrägheck","diesel",2012,848,20.27,3.65,6.8,4,1.1625,6.77082,39708000
"1550","Citroen","PSA","DS 3","Kleinwagen (z.B. Polo)","Schrägheck","diesel",2013,810,20.27,3.65,6.8,4,1.1625,6.77082,39931000
"1551","Citroen","PSA","DS 3","Kleinwagen (z.B. Polo)","Schrägheck","diesel",2014,637,20.27,3.65,6.8,4,1.1625,6.77082,40224000
"1552","Citroen","PSA","DS 3","Kleinwagen (z.B. Polo)","Schrägheck","diesel",2012,801,21.8,3.9,8.2,4,1.256,6.77082,39708000
"1553","Citroen","PSA","DS 3","Kleinwagen (z.B. Polo)","Schrägheck","diesel",2013,783,24.985,3.9,8.4,4,1.2105,6.77082,39931000
"1554","Citroen","PSA","DS 3","Kleinwagen (z.B. Polo)","Schrägheck","diesel",2014,511,24.985,3.9,8.4,4,1.2105,6.77082,40224000
"1555","Citroen","PSA","DS 3","Kleinwagen (z.B. Polo)","Schrägheck","gasoline",2012,1279,21.81,5.8,11.5,4,1.223,6.77082,39708000
"1556","Citroen","PSA","DS 3","Kleinwagen (z.B. Polo)","Schrägheck","gasoline",2013,748,21.81,5.8,11.5,4,1.223,6.77082,39931000
"1557","Citroen","PSA","DS 3","Kleinwagen (z.B. Polo)","Schrägheck","gasoline",2014,537,21.81,5.8,11.5,4,1.223,6.77082,40224000
"1558","Citroen","PSA","DS 3","Kleinwagen (z.B. Polo)","Schrägheck","gasoline",2013,840,16.39,4.5,6,3,1.05,6.77082,39931000
"1559","Citroen","PSA","DS 3","Kleinwagen (z.B. Polo)","Schrägheck","gasoline",2014,1082,16.39,4.5,6,3,1.05,6.77082,40224000
"1560","Citroen","PSA","DS 3","Kleinwagen (z.B. Polo)","Schrägheck","gasoline",2015,605,16.39,4.5,6,3,1.05,6.77082,40775000
"1561","Citroen","PSA","DS 3","Kleinwagen (z.B. Polo)","Schrägheck","gasoline",2016,496,15.49,4.5,6,3,1.05,6.77082,40959000
"1562","Citroen","PSA","DS 3","Kleinwagen (z.B. Polo)","Schrägheck","gasoline",2017,455,15.49,4.5,6,3,1.05,6.77082,41303000
"1563","Citroen","PSA","DS 3","Kleinwagen (z.B. Polo)","Schrägheck","gasoline",2012,570,16.235,5.65,7,4,1.2045,6.77082,39708000
"1564","Citroen","PSA","DS 3","Kleinwagen (z.B. Polo)","Schrägheck","gasoline",2013,107,16.235,5.65,7,4,1.2045,6.77082,39931000
"1565","Citroen","PSA","DS 3","Kleinwagen (z.B. Polo)","Schrägheck","gasoline",2012,2406,19.37,6.15,8.8,4,1.157,6.77082,39708000
"1566","Citroen","PSA","DS 3","Kleinwagen (z.B. Polo)","Schrägheck","gasoline",2013,1265,19.37,6.15,8.8,4,1.157,6.77082,39931000
"1567","Citroen","PSA","DS 3","Kleinwagen (z.B. Polo)","Schrägheck","gasoline",2014,1170,19.37,6.15,8.8,4,1.157,6.77082,40224000
"1568","Citroen","PSA","DS 4","Untere Mittelklasse (z.B. Golf)","Schrägheck","diesel",2012,662,29.5,4.9,12,4,1.395,7.73775,39708000
"1569","Citroen","PSA","DS 4","Untere Mittelklasse (z.B. Golf)","Schrägheck","diesel",2013,419,29.5,4.9,12,4,1.395,7.73775,39931000
"1570","Citroen","PSA","DS 4","Untere Mittelklasse (z.B. Golf)","Schrägheck","diesel",2014,332,29.5,4.9,12,4,1.395,7.73775,40224000
"1571","Citroen","PSA","DS 4","Untere Mittelklasse (z.B. Golf)","Schrägheck","diesel",2015,213,31.45,4.3,13.3,4,1.495,7.73775,40775000
"1572","Citroen","PSA","DS 4","Untere Mittelklasse (z.B. Golf)","Schrägheck","diesel",2016,320,31.45,4.3,13.3,4,1.495,7.73775,40959000
"1573","Citroen","PSA","DS 4","Untere Mittelklasse (z.B. Golf)","Schrägheck","diesel",2017,244,31.45,4.3,13.3,4,1.495,7.73775,41303000
"1574","Citroen","PSA","DS 4","Untere Mittelklasse (z.B. Golf)","Schrägheck","diesel",2012,1128,25.25,4.5,8.2,4,1.428,7.73775,39708000
"1575","Citroen","PSA","DS 4","Untere Mittelklasse (z.B. Golf)","Schrägheck","diesel",2013,719,26.5,4.4,8.4,4,1.417,7.73775,39931000
"1576","Citroen","PSA","DS 4","Untere Mittelklasse (z.B. Golf)","Schrägheck","diesel",2014,878,26.5,4.4,8.4,4,1.417,7.73775,40224000
"1577","Citroen","PSA","DS 4","Untere Mittelklasse (z.B. Golf)","Schrägheck","diesel",2015,429,27.25,3.8,8.8,4,1.365,7.73775,40775000
"1578","Citroen","PSA","DS 4","Untere Mittelklasse (z.B. Golf)","Schrägheck","diesel",2016,344,27.25,3.8,8.8,4,1.365,7.73775,40959000
"1579","Citroen","PSA","DS 4","Untere Mittelklasse (z.B. Golf)","Schrägheck","diesel",2017,212,25.95,3.7,8.8,4,1.365,7.73775,41303000
"1580","Citroen","PSA","DS 4","Untere Mittelklasse (z.B. Golf)","Schrägheck","gasoline",2012,107,27.1,7.7,12,4,1.438,7.73775,39708000
"1581","Citroen","PSA","DS 4","Untere Mittelklasse (z.B. Golf)","Schrägheck","gasoline",2012,185,29.8,6.4,14.7,4,1.391,7.73775,39708000
"1582","Citroen","PSA","DS 4","Untere Mittelklasse (z.B. Golf)","Schrägheck","gasoline",2012,585,24.4,6.2,8.8,4,1.28,7.73775,39708000
"1583","Citroen","PSA","DS 4","Untere Mittelklasse (z.B. Golf)","Schrägheck","gasoline",2013,302,24.4,6.2,8.8,4,1.28,7.73775,39931000
"1584","Citroen","PSA","DS 4","Untere Mittelklasse (z.B. Golf)","Schrägheck","gasoline",2014,344,24.4,6.2,8.8,4,1.28,7.73775,40224000
"1585","Citroen","PSA","DS 4","Untere Mittelklasse (z.B. Golf)","Schrägheck","gasoline",2015,253,25.75,5.1,9.6,3,1.33,7.73775,40775000
"1586","Citroen","PSA","DS 4","Untere Mittelklasse (z.B. Golf)","Schrägheck","gasoline",2016,217,25.75,5.1,9.6,3,1.33,7.73775,40959000
"1587","Citroen","PSA","DS 4","Untere Mittelklasse (z.B. Golf)","Schrägheck","gasoline",2017,134,24.24,5,9.6,3,1.33,7.73775,41303000
"1588","Citroen","PSA","DS 5","Mittelklasse (z.B. BMW 3er-Reihe)","Schrägheck","diesel",2012,1366,34.59,5.4,12,4,1.6965,8.47563,39708000
"1589","Citroen","PSA","DS 5","Mittelklasse (z.B. BMW 3er-Reihe)","Schrägheck","diesel",2013,604,34.59,5.4,12,4,1.6965,8.47563,39931000
"1590","Citroen","PSA","DS 5","Mittelklasse (z.B. BMW 3er-Reihe)","Schrägheck","diesel",2014,383,34.59,5.4,12,4,1.6965,8.47563,40224000
"1591","Citroen","PSA","DS 5","Mittelklasse (z.B. BMW 3er-Reihe)","Schrägheck","diesel",2014,200,37.04,4.5,13.3,4,1.615,8.47563,40224000
"1592","Citroen","PSA","DS 5","Mittelklasse (z.B. BMW 3er-Reihe)","Schrägheck","diesel",2015,525,37.04,4.5,13.3,4,1.615,8.47563,40775000
"1593","Citroen","PSA","DS 5","Mittelklasse (z.B. BMW 3er-Reihe)","Schrägheck","diesel",2016,336,37.04,4.5,13.3,4,1.615,8.47563,40959000
"1594","Citroen","PSA","DS 5","Mittelklasse (z.B. BMW 3er-Reihe)","Schrägheck","diesel",2017,196,40.54,4.5,13.3,4,1.615,8.47563,41303000
"1595","Citroen","PSA","DS 5","Mittelklasse (z.B. BMW 3er-Reihe)","Schrägheck","gasoline",2012,191,35.9,6.7,14.7,4,1.546,8.47563,39708000
"1596","Citroen","PSA","Grand C4 Picasso","Untere Mittelklasse (z.B. Golf)","Van","diesel",2012,762,29.53,5.7,11,4,1.688,8.385965,39708000
"1597","Citroen","PSA","Grand C4 Picasso","Untere Mittelklasse (z.B. Golf)","Van","diesel",2013,477,29.26,5.7,11,4,1.688,8.385965,39931000
"1598","Citroen","PSA","Grand C4 Picasso","Untere Mittelklasse (z.B. Golf)","Van","diesel",2014,2739,30.74,4.2,11,4,1.503,8.239825,40224000
"1599","Citroen","PSA","Grand C4 Picasso","Untere Mittelklasse (z.B. Golf)","Van","diesel",2015,1758,30.74,4.2,11,4,1.503,8.239825,40775000
"1600","Citroen","PSA","Grand C4 Picasso","Untere Mittelklasse (z.B. Golf)","Van","diesel",2016,3042,30.49,4.2,11,4,1.503,8.394122,40959000
"1601","Citroen","PSA","Grand C4 Picasso","Untere Mittelklasse (z.B. Golf)","Van","diesel",2017,1968,30.49,4.2,11,4,1.503,8.394122,41303000
"1602","Citroen","PSA","Grand C4 Picasso","Untere Mittelklasse (z.B. Golf)","Van","diesel",2012,244,29.26,5.7,12,4,1.688,8.385965,39708000
"1603","Citroen","PSA","Grand C4 Picasso","Untere Mittelklasse (z.B. Golf)","Van","diesel",2013,119,29.26,5.7,12,4,1.688,8.385965,39931000
"1604","Citroen","PSA","Grand C4 Picasso","Untere Mittelklasse (z.B. Golf)","Van","diesel",2012,2401,27.745,5.05,8.2,4,1.595,8.385965,39708000
"1605","Citroen","PSA","Grand C4 Picasso","Untere Mittelklasse (z.B. Golf)","Van","diesel",2013,1105,26.76,5.1,8.2,4,1.505,8.385965,39931000
"1606","Citroen","PSA","Grand C4 Picasso","Untere Mittelklasse (z.B. Golf)","Van","diesel",2015,2238,28.79,3.9,8.8,4,1.395,8.085528,40775000
"1607","Citroen","PSA","Grand C4 Picasso","Untere Mittelklasse (z.B. Golf)","Van","diesel",2016,2416,28.79,3.9,8.8,4,1.395,8.085528,40959000
"1608","Citroen","PSA","Grand C4 Picasso","Untere Mittelklasse (z.B. Golf)","Van","gasoline",2012,293,26.91,6.7,11.5,4,1.505,8.385965,39708000
"1609","Citroen","PSA","Grand C4 Picasso","Untere Mittelklasse (z.B. Golf)","Van","gasoline",2013,461,26.99,5.9,11.5,4,1.3785,8.239825,39931000
"1610","Citroen","PSA","Grand C4 Picasso","Untere Mittelklasse (z.B. Golf)","Van","gasoline",2014,578,26.99,5.9,11.5,4,1.3785,8.239825,40224000
"1611","Citroen","PSA","Grand C4 Picasso","Untere Mittelklasse (z.B. Golf)","Van","gasoline",2015,118,26.99,5.9,11.5,4,1.3785,8.239825,40775000
"1612","Citroen","PSA","Grand C4 Picasso","Untere Mittelklasse (z.B. Golf)","Van","gasoline",2015,373,29.74,5.6,12.1,4,1.389,8.239825,40775000
"1613","Citroen","PSA","Grand C4 Picasso","Untere Mittelklasse (z.B. Golf)","Van","gasoline",2016,371,29.74,5.6,12.1,4,1.389,8.239825,40959000
"1614","Citroen","PSA","Grand C4 Picasso","Untere Mittelklasse (z.B. Golf)","Van","gasoline",2012,614,23.27,6.9,8.8,4,1.519,8.385965,39708000
"1615","Citroen","PSA","Grand C4 Picasso","Untere Mittelklasse (z.B. Golf)","Van","gasoline",2013,544,23.79,6.3,8.8,4,1.327,8.085528,39931000
"1616","Citroen","PSA","Grand C4 Picasso","Untere Mittelklasse (z.B. Golf)","Van","gasoline",2014,869,23.79,6.3,8.8,4,1.327,8.085528,40224000
"1617","Citroen","PSA","Grand C4 Picasso","Untere Mittelklasse (z.B. Golf)","Van","gasoline",2015,184,23.79,6.3,8.8,4,1.327,8.085528,40775000
"1618","Citroen","PSA","Grand C4 Picasso","Untere Mittelklasse (z.B. Golf)","Van","gasoline",2015,756,26.19,5,9.6,3,1.37,8.085528,40775000
"1619","Citroen","PSA","Grand C4 Picasso","Untere Mittelklasse (z.B. Golf)","Van","gasoline",2016,1298,26.19,5,9.6,3,1.37,8.085528,40959000
"1620","Citroen","PSA","Grand C4 Spacetourer","Untere Mittelklasse (z.B. Golf)","Van","diesel",2017,2117,28.79,3.9,8.8,4,1.395,8.103788,41303000
"1621","Citroen","PSA","Grand C4 Spacetourer","Untere Mittelklasse (z.B. Golf)","Van","gasoline",2017,657,29.74,5.6,12.1,4,1.389,8.248955,41303000
"1622","Citroen","PSA","Grand C4 Spacetourer","Untere Mittelklasse (z.B. Golf)","Van","gasoline",2017,2115,26.09,5,9.6,3,1.37,8.103788,41303000
"1623","Citroen","PSA","Jumpy","Mittelklasse (z.B. BMW 3er-Reihe)","Van","diesel",2012,520,36.866,7,12,4,2.0255,9.730825,39708000
"1624","Citroen","PSA","Jumpy","Mittelklasse (z.B. BMW 3er-Reihe)","Van","diesel",2012,588,35.4625,6.6,9.4,4,2.013,9.41815,39708000
"1625","Citroen","PSA","Nemo Kombi","Kleinwagen (z.B. Polo)","Hochdach-Kombi","diesel",2012,217,16.42,4.35,5.5,4,1.275,6.793644,39708000
"1626","Citroen","PSA","Nemo Kombi","Kleinwagen (z.B. Polo)","Hochdach-Kombi","diesel",2013,108,16.42,4.35,5.5,4,1.275,6.793644,39931000
"1627","DS Automobiles","PSA","DS 3 Performance","Kleinwagen (z.B. Polo)","Schrägheck","gasoline",2017,110,28.99,5.4,15.3,4,1.25,6.813056,41303000
"1628","DS Automobiles","PSA","DS 3","Kleinwagen (z.B. Polo)","Schrägheck","diesel",2014,112,22.29,3.4,7.3,4,1.16,6.77082,40224000
"1629","DS Automobiles","PSA","DS 3","Kleinwagen (z.B. Polo)","Schrägheck","diesel",2015,670,22.84,3.4,7.3,4,1.16,6.78111,40775000
"1630","DS Automobiles","PSA","DS 3","Kleinwagen (z.B. Polo)","Schrägheck","diesel",2016,401,22.84,3.4,7.3,4,1.16,6.78111,40959000
"1631","DS Automobiles","PSA","DS 3","Kleinwagen (z.B. Polo)","Schrägheck","diesel",2017,157,22.84,3.4,7.3,4,1.16,6.78111,41303000
"1632","DS Automobiles","PSA","DS 3","Kleinwagen (z.B. Polo)","Schrägheck","diesel",2014,205,25.29,3.6,8.8,4,1.165,6.77082,40224000
"1633","DS Automobiles","PSA","DS 3","Kleinwagen (z.B. Polo)","Schrägheck","diesel",2015,515,24.44,3.6,8.8,4,1.165,6.77082,40775000
"1634","DS Automobiles","PSA","DS 3","Kleinwagen (z.B. Polo)","Schrägheck","diesel",2016,242,24.44,3.6,8.8,4,1.165,6.77082,40959000
"1635","DS Automobiles","PSA","DS 3","Kleinwagen (z.B. Polo)","Schrägheck","gasoline",2015,256,24.14,5.6,12.1,4,1.215,6.77082,40775000
"1636","DS Automobiles","PSA","DS 3","Kleinwagen (z.B. Polo)","Schrägheck","gasoline",2016,276,24.14,5.6,12.1,4,1.215,6.77082,40959000
"1637","DS Automobiles","PSA","DS 3","Kleinwagen (z.B. Polo)","Schrägheck","gasoline",2015,856,22.615,4.6,8.1,3,1.165,6.78111,40775000
"1638","DS Automobiles","PSA","DS 3","Kleinwagen (z.B. Polo)","Schrägheck","gasoline",2016,747,22.615,4.6,8.1,3,1.165,6.78111,40959000
"1639","DS Automobiles","PSA","DS 3","Kleinwagen (z.B. Polo)","Schrägheck","gasoline",2017,771,22.615,4.6,8.1,3,1.165,6.78111,41303000
"1640","DS Automobiles","PSA","DS 3","Kleinwagen (z.B. Polo)","Schrägheck","gasoline",2016,380,22.615,4.3,9.6,3,1.165,6.78111,40959000
"1641","DS Automobiles","PSA","DS 3","Kleinwagen (z.B. Polo)","Schrägheck","gasoline",2017,349,22.615,4.3,9.6,3,1.165,6.78111,41303000
"1642","Dacia","Dacia","Dokker","Untere Mittelklasse (z.B. Golf)","Hochdach-Kombi","diesel",2013,394,11.89,4.5,5.5,4,1.28,7.639613,39931000
"1643","Dacia","Dacia","Dokker","Untere Mittelklasse (z.B. Golf)","Hochdach-Kombi","diesel",2014,380,11.82,4.35,5.5,4,1.2785,7.639613,40224000
"1644","Dacia","Dacia","Dokker","Untere Mittelklasse (z.B. Golf)","Hochdach-Kombi","diesel",2015,237,11.82,4.35,5.5,4,1.2785,7.639613,40775000
"1645","Dacia","Dacia","Dokker","Untere Mittelklasse (z.B. Golf)","Hochdach-Kombi","diesel",2016,331,11.82,4.35,5.5,4,1.2785,7.639613,40959000
"1646","Dacia","Dacia","Dokker","Untere Mittelklasse (z.B. Golf)","Hochdach-Kombi","diesel",2017,253,11.75,4.2,5.5,4,1.277,7.639613,41303000
"1647","Dacia","Dacia","Duster","Untere Mittelklasse (z.B. Golf)","SUV","diesel",2012,102,16.29,5.3,6.6,4,1.438,7.86193,39708000
"1648","Dacia","Dacia","Duster","Untere Mittelklasse (z.B. Golf)","SUV","diesel",2013,326,17.79,4.95,8,4,1.395,7.86193,39931000
"1649","Dacia","Dacia","Duster","Untere Mittelklasse (z.B. Golf)","SUV","diesel",2014,5329,17.79,4.95,8,4,1.395,7.86193,40224000
"1650","Dacia","Dacia","Duster","Untere Mittelklasse (z.B. Golf)","SUV","diesel",2015,5595,17.79,4.95,8,4,1.395,7.86193,40775000
"1651","Dacia","Dacia","Duster","Untere Mittelklasse (z.B. Golf)","SUV","diesel",2016,2408,17.79,4.95,8,4,1.395,7.86193,40959000
"1652","Dacia","Renault","Duster","Untere Mittelklasse (z.B. Golf)","SUV","diesel",2017,1596,17.79,4.95,8,4,1.395,7.86193,41303000
"1653","Dacia","Dacia","Duster","Untere Mittelklasse (z.B. Golf)","SUV","diesel",2012,4165,18.09,5.6,8.1,4,1.369,7.86193,39708000
"1654","Dacia","Dacia","Duster","Untere Mittelklasse (z.B. Golf)","SUV","diesel",2013,2636,18.09,5.6,8.1,4,1.369,7.86193,39931000
"1655","Dacia","Dacia","Duster","Untere Mittelklasse (z.B. Golf)","SUV","diesel",2014,158,18.09,5.6,8.1,4,1.369,7.86193,40224000
"1656","Dacia","Dacia","Duster","Untere Mittelklasse (z.B. Golf)","SUV","gasoline",2012,3452,15.79,8.15,7.7,4,1.343,7.86193,39708000
"1657","Dacia","Dacia","Duster","Untere Mittelklasse (z.B. Golf)","SUV","gasoline",2013,1847,15.79,8.15,7.7,4,1.343,7.86193,39931000
"1658","Dacia","Dacia","Duster","Untere Mittelklasse (z.B. Golf)","SUV","gasoline",2014,839,15.79,8.15,7.7,4,1.343,7.86193,40224000
"1659","Dacia","Dacia","Duster","Untere Mittelklasse (z.B. Golf)","SUV","gasoline",2015,2131,12.49,7.1,7.7,4,1.246,7.86193,40775000
"1660","Dacia","Dacia","Duster","Untere Mittelklasse (z.B. Golf)","SUV","gasoline",2015,1277,12.3,6.4,8.4,4,1.165,7.86193,40775000
"1661","Dacia","Dacia","Duster","Untere Mittelklasse (z.B. Golf)","SUV","gasoline",2016,4940,12.3,6.4,8.4,4,1.165,7.86193,40959000
"1662","Dacia","Dacia","Duster","Untere Mittelklasse (z.B. Golf)","SUV","gasoline",2017,4310,12.3,6.4,8.4,4,1.165,7.86193,41303000
"1663","Dacia","Dacia","Duster","Untere Mittelklasse (z.B. Golf)","SUV","gasoline",2014,4341,14.99,6.1,9.2,4,1.276,7.86193,40224000
"1664","Dacia","Dacia","Duster","Untere Mittelklasse (z.B. Golf)","SUV","gasoline",2015,4400,14.99,6.1,9.2,4,1.276,7.86193,40775000
"1665","Dacia","Dacia","Duster","Untere Mittelklasse (z.B. Golf)","SUV","gasoline",2016,5049,14.99,6.1,9.2,4,1.276,7.86193,40959000
"1666","Dacia","Renault","Duster","Untere Mittelklasse (z.B. Golf)","SUV","gasoline",2017,7071,14.99,6.1,9.2,4,1.276,7.86193,41303000
"1667","Dacia","Dacia","Lodgy","Untere Mittelklasse (z.B. Golf)","Van","diesel",2012,4685,15.94,4.4,7.9,4,1.28,7.875998,39708000
"1668","Dacia","Dacia","Lodgy","Untere Mittelklasse (z.B. Golf)","Van","diesel",2013,3542,15.94,4.4,7.9,4,1.28,7.875998,39931000
"1669","Dacia","Dacia","Lodgy","Untere Mittelklasse (z.B. Golf)","Van","diesel",2014,1245,15.49,4.4,7.9,4,1.28,7.875998,40224000
"1670","Dacia","Dacia","Lodgy","Untere Mittelklasse (z.B. Golf)","Van","diesel",2015,736,15.49,4.4,7.9,4,1.28,7.875998,40775000
"1671","Dacia","Dacia","Lodgy","Untere Mittelklasse (z.B. Golf)","Van","diesel",2016,3319,15.82,4.6,8,4,1.28,7.86193,40959000
"1672","Dacia","Dacia","Lodgy","Untere Mittelklasse (z.B. Golf)","Van","diesel",2017,2869,15.75,4.4,8,4,1.28,7.86193,41303000
"1673","Dacia","Dacia","Lodgy","Untere Mittelklasse (z.B. Golf)","Van","gasoline",2012,1850,10.49,7,6.1,4,1.165,7.875998,39708000
"1674","Dacia","Dacia","Lodgy","Untere Mittelklasse (z.B. Golf)","Van","gasoline",2013,2841,10.49,7,6.1,4,1.165,7.875998,39931000
"1675","Dacia","Dacia","Lodgy","Untere Mittelklasse (z.B. Golf)","Van","gasoline",2014,1342,9.99,7,6.1,4,1.165,7.875998,40224000
"1676","Dacia","Dacia","Lodgy","Untere Mittelklasse (z.B. Golf)","Van","gasoline",2015,725,9.99,7,6.1,4,1.165,7.875998,40775000
"1677","Dacia","Dacia","Lodgy","Untere Mittelklasse (z.B. Golf)","Van","gasoline",2015,183,9.99,6.1,7.5,4,1.211,7.875998,40775000
"1678","Dacia","Dacia","Lodgy","Untere Mittelklasse (z.B. Golf)","Van","gasoline",2016,2661,9.99,6.1,7.5,4,1.211,7.875998,40959000
"1679","Dacia","Dacia","Lodgy","Untere Mittelklasse (z.B. Golf)","Van","gasoline",2017,3765,9.99,6.7,7.5,4,1.214,7.875998,41303000
"1680","Dacia","Dacia","Lodgy","Untere Mittelklasse (z.B. Golf)","Van","gasoline",2013,3535,13.39,5.7,8.5,4,1.278,7.875998,39931000
"1681","Dacia","Dacia","Lodgy","Untere Mittelklasse (z.B. Golf)","Van","gasoline",2014,2221,13.39,5.7,8.5,4,1.278,7.875998,40224000
"1682","Dacia","Dacia","Lodgy","Untere Mittelklasse (z.B. Golf)","Van","gasoline",2015,3355,13.395,5.7,8.5,4,1.2785,7.781444,40775000
"1683","Dacia","Dacia","Lodgy","Untere Mittelklasse (z.B. Golf)","Van","gasoline",2016,3598,13.545,5.7,8.5,4,1.2785,7.781444,40959000
"1684","Dacia","Dacia","Lodgy","Untere Mittelklasse (z.B. Golf)","Van","gasoline",2017,7385,13.6,5.7,8.5,4,1.2785,7.852548,41303000
"1685","Dacia","Dacia","Logan","Untere Mittelklasse (z.B. Golf)","Kombi","diesel",2012,1611,12.84,4.6,6.5,4,1.28,7.743,39708000
"1686","Dacia","Dacia","Logan","Untere Mittelklasse (z.B. Golf)","Kombi","diesel",2013,371,12.84,4.6,6.5,4,1.28,7.743,39931000
"1687","Dacia","Dacia","Logan","Untere Mittelklasse (z.B. Golf)","Van","diesel",2012,1209,13.87,4,6.6,4,1.215,7.828548,39708000
"1688","Dacia","Dacia","Logan","Untere Mittelklasse (z.B. Golf)","Van","diesel",2013,2581,13.89,4.2,6.6,4,1.265,7.868994,39931000
"1689","Dacia","Dacia","Logan","Untere Mittelklasse (z.B. Golf)","Van","diesel",2014,3091,13.89,4.2,6.6,4,1.28,7.868994,40224000
"1690","Dacia","Dacia","Logan","Untere Mittelklasse (z.B. Golf)","Van","diesel",2015,3104,13.7,4,6.6,4,1.28,7.868994,40775000
"1691","Dacia","Dacia","Logan","Untere Mittelklasse (z.B. Golf)","Van","diesel",2016,3318,13.745,4,6.6,4,1.28,7.868994,40959000
"1692","Dacia","Dacia","Logan","Untere Mittelklasse (z.B. Golf)","Van","diesel",2017,2587,13.49,3.8,6.6,4,1.165,7.788102,41303000
"1693","Dacia","Dacia","Logan","Untere Mittelklasse (z.B. Golf)","Kombi","gasoline",2015,831,9.59,5.8,5.4,4,1.091,7.788102,40775000
"1694","Dacia","Dacia","Logan","Untere Mittelklasse (z.B. Golf)","Stufenheck","gasoline",2016,1986,9.59,5.8,5.4,4,1.091,7.788102,40959000
"1695","Dacia","Dacia","Logan","Untere Mittelklasse (z.B. Golf)","Stufenheck","gasoline",2017,1418,9.05,5.4,5.4,3,1.091,7.788102,41303000
"1696","Dacia","Dacia","Logan","Untere Mittelklasse (z.B. Golf)","Stufenheck","gasoline",2013,868,9.34,5.8,5.5,4,1.091,7.788102,39931000
"1697","Dacia","Dacia","Logan","Untere Mittelklasse (z.B. Golf)","Stufenheck","gasoline",2014,2205,9.34,5.8,5.5,4,1.091,7.788102,40224000
"1698","Dacia","Dacia","Logan","Untere Mittelklasse (z.B. Golf)","Kombi","gasoline",2015,1162,9.34,5.8,5.5,4,1.091,7.788102,40775000
"1699","Dacia","Dacia","Logan","Untere Mittelklasse (z.B. Golf)","Kombi","gasoline",2012,3397,9.99,7.3,6.2,4,1.24,7.743,39708000
"1700","Dacia","Dacia","Logan","Untere Mittelklasse (z.B. Golf)","Kombi","gasoline",2013,1055,9.99,7.3,6.2,4,1.24,7.743,39931000
"1701","Dacia","Dacia","Logan","Untere Mittelklasse (z.B. Golf)","Kombi","gasoline",2013,1481,11.79,4.9,6.6,3,1.113,7.788102,39931000
"1702","Dacia","Dacia","Logan","Untere Mittelklasse (z.B. Golf)","Kombi","gasoline",2014,3211,11.79,4.9,6.6,3,1.113,7.788102,40224000
"1703","Dacia","Dacia","Logan","Untere Mittelklasse (z.B. Golf)","Kombi","gasoline",2015,3198,11.79,4.9,6.6,3,1.113,7.788102,40775000
"1704","Dacia","Dacia","Logan","Untere Mittelklasse (z.B. Golf)","Kombi","gasoline",2016,2788,11.85,4.9,6.6,3,1.113,7.788102,40959000
"1705","Dacia","Dacia","Logan","Untere Mittelklasse (z.B. Golf)","Kombi","gasoline",2017,4984,11.82,4.9,6.6,3,1.148,7.788102,41303000
"1706","Dacia","Dacia","Logan","Untere Mittelklasse (z.B. Golf)","SUV","gasoline",2012,7225,11.65,7.1,7.7,4,1.246,7.86193,39708000
"1707","Dacia","Dacia","Logan","Untere Mittelklasse (z.B. Golf)","SUV","gasoline",2013,4530,11.65,7.1,7.7,4,1.246,7.86193,39931000
"1708","Dacia","Dacia","Logan","Untere Mittelklasse (z.B. Golf)","SUV","gasoline",2014,3197,11.65,7.1,7.7,4,1.246,7.86193,40224000
"1709","Dacia","Dacia","Sandero","Kleinwagen (z.B. Polo)","Schrägheck","diesel",2012,195,11.29,4,5.5,4,1.165,7.01892,39708000
"1710","Dacia","Dacia","Sandero","Kleinwagen (z.B. Polo)","Schrägheck","diesel",2012,1306,11.94,4.5,6.5,4,1.177,7.036489,39708000
"1711","Dacia","Dacia","Sandero","Kleinwagen (z.B. Polo)","Schrägheck","diesel",2012,125,11.99,3.8,6.6,4,1.108,7.030781,39708000
"1712","Dacia","Dacia","Sandero","Kleinwagen (z.B. Polo)","Schrägheck","diesel",2013,2670,11.99,3.8,6.6,4,1.108,7.030781,39931000
"1713","Dacia","Dacia","Sandero","Kleinwagen (z.B. Polo)","Schrägheck","diesel",2014,2576,11.99,3.8,6.6,4,1.108,7.030781,40224000
"1714","Dacia","Dacia","Sandero","Kleinwagen (z.B. Polo)","Schrägheck","diesel",2015,2222,11.99,3.6,6.6,4,1.108,7.030781,40775000
"1715","Dacia","Dacia","Sandero","Kleinwagen (z.B. Polo)","Schrägheck","diesel",2016,2456,11.99,3.6,6.6,4,1.108,7.030781,40959000
"1716","Dacia","Dacia","Sandero","Kleinwagen (z.B. Polo)","Schrägheck","diesel",2017,1699,11.99,3.6,6.6,4,1.108,7.030781,41303000
"1717","Dacia","Dacia","Sandero","Kleinwagen (z.B. Polo)","Schrägheck","gasoline",2015,1507,8.49,5.8,5.4,4,1.016,7.030781,40775000
"1718","Dacia","Dacia","Sandero","Kleinwagen (z.B. Polo)","Schrägheck","gasoline",2016,4238,8.49,5.8,5.4,4,1.016,7.030781,40959000
"1719","Dacia","Dacia","Sandero","Kleinwagen (z.B. Polo)","Schrägheck","gasoline",2017,4983,8,5.2,5.4,3,1.0445,7.030781,41303000
"1720","Dacia","Dacia","Sandero","Kleinwagen (z.B. Polo)","Schrägheck","gasoline",2012,3792,8.44,5.9,5.5,4,1.05,7.01892,39708000
"1721","Dacia","Dacia","Sandero","Kleinwagen (z.B. Polo)","Schrägheck","gasoline",2013,4530,8.44,5.9,5.5,4,1.05,7.01892,39931000
"1722","Dacia","Dacia","Sandero","Kleinwagen (z.B. Polo)","Schrägheck","gasoline",2014,4415,8.29,5.8,5.5,4,1.016,7.030781,40224000
"1723","Dacia","Dacia","Sandero","Kleinwagen (z.B. Polo)","Schrägheck","gasoline",2015,2367,8.29,5.8,5.5,4,1.016,7.030781,40775000
"1724","Dacia","Dacia","Sandero","Kleinwagen (z.B. Polo)","Schrägheck","gasoline",2012,4972,9.94,7,6.2,4,1.096,7.036489,39708000
"1725","Dacia","Dacia","Sandero","Kleinwagen (z.B. Polo)","Schrägheck","gasoline",2013,235,9.94,7,6.2,4,1.096,7.036489,39931000
"1726","Dacia","Dacia","Sandero","Kleinwagen (z.B. Polo)","Schrägheck","gasoline",2012,164,10.59,5,6.6,3,1.055,7.030781,39708000
"1727","Dacia","Dacia","Sandero","Kleinwagen (z.B. Polo)","Schrägheck","gasoline",2013,8619,10.59,5,6.6,3,1.055,7.030781,39931000
"1728","Dacia","Dacia","Sandero","Kleinwagen (z.B. Polo)","Schrägheck","gasoline",2014,10687,10.59,5,6.6,3,1.055,7.030781,40224000
"1729","Dacia","Dacia","Sandero","Kleinwagen (z.B. Polo)","Schrägheck","gasoline",2015,10006,10.64,5,6.6,3,1.055,7.030781,40775000
"1730","Dacia","Dacia","Sandero","Kleinwagen (z.B. Polo)","Schrägheck","gasoline",2016,10613,10.72,5.05,6.6,3,1.0765,7.0995325,40959000
"1731","Dacia","Dacia","Sandero","Kleinwagen (z.B. Polo)","Schrägheck","gasoline",2017,16780,10.72,5.1,6.6,3,1.0895,7.0995325,41303000
"1732","Dacia","Dacia","Sandero","Kleinwagen (z.B. Polo)","Schrägheck","gasoline",2012,757,10.59,6.9,7.7,4,1.103,7.054072,39708000
"1733","Dacia","Dacia","Sandero","Kleinwagen (z.B. Polo)","Schrägheck","gasoline",2013,105,10.59,6.9,7.7,4,1.103,7.054072,39931000
"1734","Daihatsu","Toyota","Charade","Kleinwagen (z.B. Polo)","Schrägheck","gasoline",2012,1063,14.74,5.4,7.3,4,1.115,6.415575,39708000
"1735","Fiat","FCA","124 Spider","Untere Mittelklasse (z.B. Golf)","Roadster","gasoline",2016,512,32.26,6.4,10.3,4,1.125,7.0557,40959000
"1736","Fiat","FCA","124 Spider","Untere Mittelklasse (z.B. Golf)","Roadster","gasoline",2017,1750,32.26,6.4,10.3,4,1.125,7.0557,41303000
"1737","Fiat","FCA","500","Kleinstwagen (z.B. Twingo)","Schrägheck","diesel",2013,414,14.4,3.9,7,4,1.056,5.769342,39931000
"1738","Fiat","FCA","500","Kleinstwagen (z.B. Twingo)","Schrägheck","gasoline",2013,16663,10.9,5.1,5.1,4,0.94,5.769342,39931000
"1739","Fiat","FCA","500","Kleinstwagen (z.B. Twingo)","Schrägheck","gasoline",2013,3897,12.9,4.1,6.3,2,1.005,5.769342,39931000
"1740","Fiat","FCA","500","Kleinstwagen (z.B. Twingo)","Schrägheck","gasoline",2013,785,12.9,6.3,7.4,4,1.005,5.769342,39931000
"1741","Fiat","FCA","500C","Kleinstwagen (z.B. Twingo)","Schrägheck","diesel",2012,318,18.825,3.7,7,4,1.056,5.769342,39708000
"1742","Fiat","FCA","500C","Kleinstwagen (z.B. Twingo)","Schrägheck","diesel",2014,470,18.825,3.7,7,4,1.056,5.769342,40224000
"1743","Fiat","FCA","500C","Kleinstwagen (z.B. Twingo)","Schrägheck","diesel",2015,203,18.825,3.7,7,4,1.056,5.769342,40775000
"1744","Fiat","FCA","500C","Kleinstwagen (z.B. Twingo)","Schrägheck","diesel",2016,461,21.58,3.4,7,4,1.075,5.810017,40959000
"1745","Fiat","FCA","500C","Kleinstwagen (z.B. Twingo)","Schrägheck","diesel",2017,225,21.33,3.4,7,4,1.055,5.810017,41303000
"1746","Fiat","FCA","500C","Kleinstwagen (z.B. Twingo)","Schrägheck","gasoline",2012,13080,14.25,5,5.1,4,0.9775,5.769342,39708000
"1747","Fiat","FCA","500C","Kleinstwagen (z.B. Twingo)","Schrägheck","gasoline",2014,19163,14.25,5,5.1,4,0.9775,5.769342,40224000
"1748","Fiat","FCA","500C","Kleinstwagen (z.B. Twingo)","Schrägheck","gasoline",2015,17447,14.25,5,5.1,4,0.9775,5.769342,40775000
"1749","Fiat","FCA","500C","Kleinstwagen (z.B. Twingo)","Schrägheck","gasoline",2016,15590,15.585,4.8,5.1,4,0.9775,5.810017,40959000
"1750","Fiat","FCA","500C","Kleinstwagen (z.B. Twingo)","Schrägheck","gasoline",2017,14447,15.515,4.8,5.1,4,0.9775,5.810017,41303000
"1751","Fiat","FCA","500C","Kleinstwagen (z.B. Twingo)","Schrägheck","gasoline",2012,3005,16.6,4,6.3,2,1.015,5.769342,39708000
"1752","Fiat","FCA","500C","Kleinstwagen (z.B. Twingo)","Schrägheck","gasoline",2014,2478,16.6,4,6.3,2,1.015,5.769342,40224000
"1753","Fiat","FCA","500C","Kleinstwagen (z.B. Twingo)","Schrägheck","gasoline",2015,1633,19.48,3.8,6.3,2,1.045,5.810017,40775000
"1754","Fiat","FCA","500C","Kleinstwagen (z.B. Twingo)","Schrägheck","gasoline",2016,2210,19.48,3.8,6.3,2,1.045,5.810017,40959000
"1755","Fiat","FCA","500C","Kleinstwagen (z.B. Twingo)","Schrägheck","gasoline",2017,2548,18.64,3.8,6.3,2,1.005,5.810017,41303000
"1756","Fiat","FCA","500C","Kleinstwagen (z.B. Twingo)","Cabrio","gasoline",2012,892,19.4,5.7,7.4,4,1.055,5.769342,39708000
"1757","Fiat","FCA","500C","Kleinstwagen (z.B. Twingo)","Schrägheck","gasoline",2014,2151,18.3,4.2,7.7,2,1.035,5.769342,40224000
"1758","Fiat","FCA","500C","Kleinstwagen (z.B. Twingo)","Schrägheck","gasoline",2015,1278,18.3,4.2,7.7,2,1.035,5.769342,40775000
"1759","Fiat","FCA","500C","Kleinstwagen (z.B. Twingo)","Schrägheck","gasoline",2016,1361,20.43,4.2,7.7,2,1.015,5.810017,40959000
"1760","Fiat","FCA","500C","Kleinstwagen (z.B. Twingo)","Schrägheck","gasoline",2017,2132,20.18,4.2,7.7,2,1.015,5.810017,41303000
"1761","Fiat","FCA","500L","Kleinwagen (z.B. Polo)","Van","diesel",2012,204,21.05,4.1,6.2,4,1.39,7.398248,39708000
"1762","Fiat","FCA","500L","Kleinwagen (z.B. Polo)","Van","diesel",2013,878,21.05,4.1,6.2,4,1.39,7.398248,39931000
"1763","Fiat","FCA","500L","Kleinwagen (z.B. Polo)","Van","diesel",2014,275,21.05,4.1,6.2,4,1.39,7.398248,40224000
"1764","Fiat","FCA","500L","Kleinwagen (z.B. Polo)","Van","diesel",2015,333,21.05,4.1,6.2,4,1.39,7.398248,40775000
"1765","Fiat","FCA","500L","Kleinwagen (z.B. Polo)","Van","diesel",2016,204,20.69,4.1,7,4,1.38,7.567728,40959000
"1766","Fiat","FCA","500L","Kleinwagen (z.B. Polo)","Van","diesel",2013,1750,21.3,4.5,7.7,4,1.44,7.507964,39931000
"1767","Fiat","FCA","500L","Kleinwagen (z.B. Polo)","Van","diesel",2014,1449,21.3,4.5,7.7,4,1.44,7.507964,40224000
"1768","Fiat","FCA","500L","Kleinwagen (z.B. Polo)","Van","diesel",2015,134,21.3,4.5,7.7,4,1.44,7.507964,40775000
"1769","Fiat","FCA","500L","Kleinwagen (z.B. Polo)","Van","diesel",2014,579,22.25,4.6,8.8,4,1.455,7.398248,40224000
"1770","Fiat","FCA","500L","Kleinwagen (z.B. Polo)","Van","diesel",2015,1511,22.25,4.6,8.8,4,1.455,7.398248,40775000
"1771","Fiat","FCA","500L","Kleinwagen (z.B. Polo)","Van","diesel",2016,928,21.24,4.2,8.8,4,1.46,7.567728,40959000
"1772","Fiat","FCA","500L","Kleinwagen (z.B. Polo)","Van","diesel",2017,535,21.74,4.2,8.8,4,1.465,7.567728,41303000
"1773","Fiat","FCA","500L","Kleinwagen (z.B. Polo)","Van","gasoline",2012,1346,17.99,6.1,7,4,1.32,7.398248,39708000
"1774","Fiat","FCA","500L","Kleinwagen (z.B. Polo)","Van","gasoline",2013,2184,17.99,6.1,7,4,1.32,7.398248,39931000
"1775","Fiat","FCA","500L","Kleinwagen (z.B. Polo)","Van","gasoline",2014,372,17.99,6.1,7,4,1.32,7.398248,40224000
"1776","Fiat","FCA","500L","Kleinwagen (z.B. Polo)","Van","gasoline",2015,226,17.99,6.1,7,4,1.32,7.398248,40775000
"1777","Fiat","FCA","500L","Kleinwagen (z.B. Polo)","Van","gasoline",2016,1076,16.99,6.1,7,4,1.33,7.567728,40959000
"1778","Fiat","FCA","500L","Kleinwagen (z.B. Polo)","Van","gasoline",2017,1207,17.69,6.2,7,4,1.35,7.567728,41303000
"1779","Fiat","FCA","500L","Kleinwagen (z.B. Polo)","Van","gasoline",2013,1343,20.365,4.8,7.7,2,1.34,7.507964,39931000
"1780","Fiat","FCA","500L","Kleinwagen (z.B. Polo)","Van","gasoline",2014,581,20.365,4.8,7.7,2,1.34,7.507964,40224000
"1781","Fiat","FCA","500L","Kleinwagen (z.B. Polo)","Van","gasoline",2014,1247,21.79,6.7,8.8,4,1.375,7.61768,40224000
"1782","Fiat","FCA","500L","Kleinwagen (z.B. Polo)","Van","gasoline",2015,1457,21.79,6.7,8.8,4,1.375,7.61768,40775000
"1783","Fiat","FCA","500L","Kleinwagen (z.B. Polo)","Van","gasoline",2016,1129,19.24,6.7,8.8,4,1.365,7.567728,40959000
"1784","Fiat","FCA","500L","Kleinwagen (z.B. Polo)","Van","gasoline",2017,1061,19.24,6.7,8.8,4,1.365,7.567728,41303000
"1785","Fiat","FCA","500X","Kleinwagen (z.B. Polo)","SUV","diesel",2015,1235,27.79,4.9,10.3,4,1.505,7.674308,40775000
"1786","Fiat","FCA","500X","Kleinwagen (z.B. Polo)","SUV","diesel",2016,765,27.79,4.9,10.3,4,1.505,7.674308,40959000
"1787","Fiat","FCA","500X","Kleinwagen (z.B. Polo)","SUV","diesel",2015,1275,24.09,4.1,8.8,4,1.395,7.629408,40775000
"1788","Fiat","FCA","500X","Kleinwagen (z.B. Polo)","SUV","diesel",2016,936,24.09,4.1,8.8,4,1.395,7.629408,40959000
"1789","Fiat","FCA","500X","Kleinwagen (z.B. Polo)","SUV","diesel",2017,340,24.14,4.3,8.8,4,1.395,7.663532,41303000
"1790","Fiat","FCA","500X","Kleinwagen (z.B. Polo)","SUV","gasoline",2015,4183,23.44,5.85,10.3,4,1.395,7.674308,40775000
"1791","Fiat","FCA","500X","Kleinwagen (z.B. Polo)","SUV","gasoline",2016,3069,23.44,5.85,10.3,4,1.395,7.674308,40959000
"1792","Fiat","FCA","500X","Kleinwagen (z.B. Polo)","SUV","gasoline",2017,1691,23.44,5.85,10.3,4,1.395,7.674308,41303000
"1793","Fiat","FCA","500X","Kleinwagen (z.B. Polo)","SUV","gasoline",2015,116,28.59,6.7,12.5,4,1.505,7.674308,40775000
"1794","Fiat","FCA","500X","Kleinwagen (z.B. Polo)","SUV","gasoline",2016,198,28.59,6.7,12.5,4,1.505,7.674308,40959000
"1795","Fiat","FCA","500X","Kleinwagen (z.B. Polo)","SUV","gasoline",2017,147,28.59,6.7,12.5,4,1.505,7.674308,41303000
"1796","Fiat","FCA","500X","Kleinwagen (z.B. Polo)","SUV","gasoline",2015,858,19.84,6.2,8.1,4,1.35,7.629408,40775000
"1797","Fiat","FCA","500X","Kleinwagen (z.B. Polo)","SUV","gasoline",2016,2049,19.84,6.2,8.1,4,1.35,7.629408,40959000
"1798","Fiat","FCA","500X","Kleinwagen (z.B. Polo)","SUV","gasoline",2017,2048,19.79,6.4,8.1,4,1.35,7.629408,41303000
"1799","Fiat","FCA","Bravo","Untere Mittelklasse (z.B. Golf)","Schrägheck","diesel",2012,120,22.44,4.8,8.8,4,1.395,7.770112,39708000
"1800","Fiat","FCA","Bravo","Untere Mittelklasse (z.B. Golf)","Schrägheck","diesel",2014,212,22.44,4.8,8.8,4,1.395,7.770112,40224000
"1801","Fiat","FCA","Bravo","Untere Mittelklasse (z.B. Golf)","Schrägheck","gasoline",2012,172,17.595,6.3,6.6,4,1.28,7.770112,39708000
"1802","Fiat","FCA","Bravo","Untere Mittelklasse (z.B. Golf)","Schrägheck","gasoline",2012,341,19.49,6.5,8.8,4,1.335,7.770112,39708000
"1803","Fiat","FCA","Bravo","Untere Mittelklasse (z.B. Golf)","Schrägheck","gasoline",2014,112,19.49,6.5,8.8,4,1.335,7.770112,40224000
"1804","Fiat","FCA","Doblo","Untere Mittelklasse (z.B. Golf)","Hochdach-Kombi","diesel",2012,277,21.125,5.35,6.6,4,1.495,8.04248,39708000
"1805","Fiat","FCA","Doblo","Untere Mittelklasse (z.B. Golf)","Hochdach-Kombi","diesel",2014,118,21.9,5.5,6.6,4,1.485,8.04248,40224000
"1806","Fiat","FCA","Doblo","Untere Mittelklasse (z.B. Golf)","Hochdach-Kombi","diesel",2015,118,21.9,5.5,6.6,4,1.485,8.04248,40775000
"1807","Fiat","FCA","Doblo","Untere Mittelklasse (z.B. Golf)","Hochdach-Kombi","diesel",2016,195,21.48,5.2,7,4,1.43,8.071792,40959000
"1808","Fiat","FCA","Doblo","Untere Mittelklasse (z.B. Golf)","Hochdach-Kombi","diesel",2017,142,25.59,6,7,4,1.6,8.071792,41303000
"1809","Fiat","FCA","Doblo","Untere Mittelklasse (z.B. Golf)","Hochdach-Kombi","diesel",2012,362,22.15,5.2,7.7,4,1.505,8.04248,39708000
"1810","Fiat","FCA","Doblo","Untere Mittelklasse (z.B. Golf)","Hochdach-Kombi","diesel",2013,291,21.1,5.2,7.7,4,1.485,8.04248,39931000
"1811","Fiat","FCA","Doblo","Untere Mittelklasse (z.B. Golf)","Hochdach-Kombi","diesel",2014,389,22.9,5.2,7.7,4,1.505,8.04248,40224000
"1812","Fiat","FCA","Doblo","Untere Mittelklasse (z.B. Golf)","Hochdach-Kombi","diesel",2015,496,22.9,5.2,7.7,4,1.505,8.04248,40775000
"1813","Fiat","FCA","Doblo","Untere Mittelklasse (z.B. Golf)","Hochdach-Kombi","diesel",2016,679,25.25,5,8.8,4,1.43,8.071792,40959000
"1814","Fiat","FCA","Doblo","Untere Mittelklasse (z.B. Golf)","Hochdach-Kombi","diesel",2017,542,26.89,6,8.8,4,1.6,8.071792,41303000
"1815","Fiat","FCA","Doblo","Untere Mittelklasse (z.B. Golf)","Hochdach-Kombi","diesel",2012,271,22.8,5.7,9.9,4,1.525,8.04248,39708000
"1816","Fiat","FCA","Doblo","Untere Mittelklasse (z.B. Golf)","Hochdach-Kombi","diesel",2013,220,22.5,5.9,9.9,4,1.525,8.04248,39931000
"1817","Fiat","FCA","Doblo","Untere Mittelklasse (z.B. Golf)","Hochdach-Kombi","diesel",2014,292,23.05,5.7,9.9,4,1.525,8.04248,40224000
"1818","Fiat","FCA","Doblo","Untere Mittelklasse (z.B. Golf)","Hochdach-Kombi","diesel",2015,352,23.05,5.7,9.9,4,1.525,8.04248,40775000
"1819","Fiat","FCA","Doblo","Untere Mittelklasse (z.B. Golf)","Hochdach-Kombi","gasoline",2012,231,18.83,7.2,7,4,1.445,8.04248,39708000
"1820","Fiat","FCA","Doblo","Untere Mittelklasse (z.B. Golf)","Hochdach-Kombi","gasoline",2013,107,16.75,7.4,7,4,1.415,8.04248,39931000
"1821","Fiat","FCA","Doblo","Untere Mittelklasse (z.B. Golf)","Hochdach-Kombi","gasoline",2014,143,18.83,7.2,7,4,1.415,8.04248,40224000
"1822","Fiat","FCA","Doblo","Untere Mittelklasse (z.B. Golf)","Hochdach-Kombi","gasoline",2015,144,18.83,7.2,7,4,1.415,8.04248,40775000
"1823","Fiat","FCA","Doblo","Untere Mittelklasse (z.B. Golf)","Hochdach-Kombi","gasoline",2012,293,20.425,7.2,8.8,4,1.49,8.04248,39708000
"1824","Fiat","FCA","Doblo","Untere Mittelklasse (z.B. Golf)","Hochdach-Kombi","gasoline",2013,146,20.3,7.2,8.8,4,1.49,8.04248,39931000
"1825","Fiat","FCA","Doblo","Untere Mittelklasse (z.B. Golf)","Hochdach-Kombi","gasoline",2014,182,20.55,7.2,8.8,4,1.49,8.04248,40224000
"1826","Fiat","FCA","Doblo","Untere Mittelklasse (z.B. Golf)","Hochdach-Kombi","gasoline",2015,219,20.55,7.2,8.8,4,1.49,8.04248,40775000
"1827","Fiat","FCA","Doblo","Untere Mittelklasse (z.B. Golf)","Hochdach-Kombi","gasoline",2016,219,21.225,7.2,8.8,4,1.4525,8.057136,40959000
"1828","Fiat","FCA","Doblo","Untere Mittelklasse (z.B. Golf)","Hochdach-Kombi","gasoline",2017,266,19.49,8.8,8.8,4,1.49,8.071792,41303000
"1829","Fiat","FCA","Fiorino","Kleinwagen (z.B. Polo)","Hochdach-Kombi","gasoline",2015,106,15.518,6.9,5.7,4,1.255,6.790212,40775000
"1830","Fiat","FCA","Freemont","Mittelklasse (z.B. BMW 3er-Reihe)","Van","diesel",2012,2574,31.79,6.4,12.5,4,1.949,9.179664,39708000
"1831","Fiat","FCA","Freemont","Mittelklasse (z.B. BMW 3er-Reihe)","Van","diesel",2013,1998,35.29,7.3,12.5,4,2.019,9.179664,39931000
"1832","Fiat","FCA","Freemont","Mittelklasse (z.B. BMW 3er-Reihe)","Van","diesel",2014,2330,35.29,7.3,12.5,4,2.019,9.179664,40224000
"1833","Fiat","FCA","Freemont","Mittelklasse (z.B. BMW 3er-Reihe)","Van","diesel",2015,2093,35.29,7.3,12.5,4,2.019,9.179664,40775000
"1834","Fiat","FCA","Freemont","Mittelklasse (z.B. BMW 3er-Reihe)","Van","diesel",2016,286,35.29,7.3,12.5,4,2.019,9.179664,40959000
"1835","Fiat","FCA","Panda","Kleinstwagen  (z.B. Twingo)","Schrägheck","diesel",2012,708,16.29,4.9,5.5,4,1.15,5.73627,39708000
"1836","Fiat","FCA","Panda","Kleinstwagen  (z.B. Twingo)","Schrägheck","diesel",2014,1184,17.49,4.7,5.5,4,1.19,6.162992,40224000
"1837","Fiat","FCA","Panda","Kleinstwagen  (z.B. Twingo)","Schrägheck","diesel",2015,170,14.89,4.05,5.5,4,1.11,6.08219625,40775000
"1838","Fiat","FCA","Panda","Kleinstwagen  (z.B. Twingo)","Schrägheck","diesel",2014,205,19.99,4.7,5.9,4,1.155,6.15771,40224000
"1839","Fiat","FCA","Panda","Kleinstwagen  (z.B. Twingo)","Schrägheck","diesel",2015,512,19.99,4.7,5.9,4,1.155,6.15771,40775000
"1840","Fiat","FCA","Panda","Kleinstwagen (z.B. Twingo)","Schrägheck","diesel",2015,380,19.29,4.4,7,4,1.2,6.162992,40775000
"1841","Fiat","FCA","Panda","Kleinstwagen (z.B. Twingo)","Schrägheck","diesel",2016,539,18.39,4.4,7,4,1.2,6.162992,40959000
"1842","Fiat","FCA","Panda","Kleinstwagen (z.B. Twingo)","Schrägheck","diesel",2017,295,18.39,4.4,7,4,1.2,6.162992,41303000
"1843","Fiat","FCA","Panda","Kleinstwagen (z.B. Twingo)","Schrägheck","gasoline",2012,14412,10.44,4.9,5.1,4,0.935,5.621882,39708000
"1844","Fiat","FCA","Panda","Kleinstwagen (z.B. Twingo)","Schrägheck","gasoline",2013,7211,9.09,5.2,5.1,4,1.015,6.001879,39931000
"1845","Fiat","FCA","Panda","Kleinstwagen (z.B. Twingo)","Schrägheck","gasoline",2014,5103,9.79,5.2,5.1,4,1.015,6.001879,40224000
"1846","Fiat","FCA","Panda","Kleinstwagen (z.B. Twingo)","Schrägheck","gasoline",2015,5564,9.79,5.2,5.1,4,1.015,6.001879,40775000
"1847","Fiat","FCA","Panda","Kleinstwagen (z.B. Twingo)","Schrägheck","gasoline",2016,7093,9.79,5.2,5.1,4,1.015,6.001879,40959000
"1848","Fiat","FCA","Panda","Kleinstwagen (z.B. Twingo)","Schrägheck","gasoline",2017,7333,9.85,5.1,5.1,4,1.015,6.001879,41303000
"1849","Fiat","FCA","Panda","Kleinstwagen (z.B. Twingo)","Schrägheck","gasoline",2012,804,13.99,4.2,6.3,2,1.05,6.001879,39708000
"1850","Fiat","FCA","Panda","Kleinstwagen (z.B. Twingo)","Schrägheck","gasoline",2013,1327,13.09,4.2,6.3,2,1.05,6.001879,39931000
"1851","Fiat","FCA","Panda","Kleinstwagen (z.B. Twingo)","Schrägheck","gasoline",2014,720,13.99,4.2,6.3,2,1.05,6.001879,40224000
"1852","Fiat","FCA","Panda","Kleinstwagen (z.B. Twingo)","Schrägheck","gasoline",2015,488,14.99,4.6,6.3,2,1.05,6.162992,40775000
"1853","Fiat","FCA","Panda","Kleinstwagen (z.B. Twingo)","Schrägheck","gasoline",2016,433,14.99,4.6,6.3,2,1.05,6.162992,40959000
"1854","Fiat","FCA","Panda","Kleinstwagen (z.B. Twingo)","Schrägheck","gasoline",2017,578,13.84,4.15,6.3,2,1.05,6.001879,41303000
"1855","Fiat","FCA","Panda","Kleinstwagen (z.B. Twingo)","Schrägheck","gasoline",2015,185,18.49,4.9,6.6,2,1.09,6.15771,40775000
"1856","Fiat","FCA","Panda","Kleinstwagen (z.B. Twingo)","Schrägheck","gasoline",2016,139,18.49,4.9,6.6,2,1.09,6.15771,40959000
"1857","Fiat","FCA","Panda","Kleinstwagen (z.B. Twingo)","Schrägheck","gasoline",2017,147,18.74,5.8,6.6,2,1.165,6.15771,41303000
"1858","Fiat","FCA","Punto","Kleinwagen (z.B. Polo)","Schrägheck","diesel",2012,110,18.4,4.2,7,4,1.22,6.857655,39708000
"1859","Fiat","FCA","Punto","Kleinwagen (z.B. Polo)","Schrägheck","gasoline",2012,4661,13.02,5.2,5.1,4,1.0975,6.857655,39708000
"1860","Fiat","FCA","Punto","Kleinwagen (z.B. Polo)","Schrägheck","gasoline",2013,3766,11.59,5.4,5.1,4,1.09,6.857655,39931000
"1861","Fiat","FCA","Punto","Kleinwagen (z.B. Polo)","Schrägheck","gasoline",2014,3750,11.59,5.4,5.1,4,1.09,6.857655,40224000
"1862","Fiat","FCA","Punto","Kleinwagen (z.B. Polo)","Schrägheck","gasoline",2015,2313,11.59,5.4,5.1,4,1.09,6.857655,40775000
"1863","Fiat","FCA","Punto","Kleinwagen (z.B. Polo)","Schrägheck","gasoline",2016,2197,13.09,5.4,5.1,4,1.09,6.857655,40959000
"1864","Fiat","FCA","Punto","Kleinwagen (z.B. Polo)","Schrägheck","gasoline",2017,1279,13.09,5.4,5.1,4,1.09,6.857655,41303000
"1865","Fiat","FCA","Punto","Kleinwagen (z.B. Polo)","Schrägheck","gasoline",2012,4028,14.75,5.7,5.7,4,1.1075,6.857655,39708000
"1866","Fiat","FCA","Punto","Kleinwagen (z.B. Polo)","Schrägheck","gasoline",2013,997,12.8,5.7,5.7,4,1.1075,6.857655,39931000
"1867","Fiat","FCA","Punto","Kleinwagen (z.B. Polo)","Schrägheck","gasoline",2014,536,12.8,5.7,5.7,4,1.1075,6.857655,40224000
"1868","Fiat","FCA","Punto","Kleinwagen (z.B. Polo)","Schrägheck","gasoline",2015,389,12.8,5.7,5.7,4,1.1075,6.857655,40775000
"1869","Fiat","FCA","Punto","Kleinwagen (z.B. Polo)","Schrägheck","gasoline",2016,283,14.34,5.7,5.7,4,1.1,6.857655,40959000
"1870","Fiat","FCA","Punto","Kleinwagen (z.B. Polo)","Schrägheck","gasoline",2017,278,14.34,5.7,5.7,4,1.1,6.857655,41303000
"1871","Fiat","FCA","Punto","Kleinwagen (z.B. Polo)","Schrägheck","gasoline",2012,308,15.79,4.2,6.3,2,1.1575,6.857655,39708000
"1872","Fiat","FCA","Punto","Kleinwagen (z.B. Polo)","Schrägheck","gasoline",2013,116,15.2,4.2,6.3,2,1.1575,6.857655,39931000
"1873","Fiat","FCA","Punto","Kleinwagen (z.B. Polo)","Schrägheck","gasoline",2012,311,16.22,5.7,7.7,4,1.1425,6.857655,39708000
"1874","Fiat","FCA","Punto","Kleinwagen (z.B. Polo)","Schrägheck","gasoline",2013,210,15.7,5.7,7.7,4,1.1425,6.857655,39931000
"1875","Fiat","FCA","Punto","Kleinwagen (z.B. Polo)","Schrägheck","gasoline",2014,157,15.7,5.7,7.7,4,1.1425,6.857655,40224000
"1876","Fiat","FCA","Punto","Kleinwagen (z.B. Polo)","Schrägheck","gasoline",2012,191,18.1,5.6,9.9,4,1.2375,6.857655,39708000
"1877","Fiat","FCA","Qubo","Kleinwagen (z.B. Polo)","Hochdach-Kombi","diesel",2012,285,16.536,4.4,5.5,4,1.26,6.793644,39708000
"1878","Fiat","FCA","Qubo","Kleinwagen (z.B. Polo)","Hochdach-Kombi","diesel",2013,161,16.536,4.4,5.5,4,1.26,6.793644,39931000
"1879","Fiat","FCA","Qubo","Kleinwagen (z.B. Polo)","Hochdach-Kombi","diesel",2014,223,16.536,4.4,5.5,4,1.26,6.793644,40224000
"1880","Fiat","FCA","Qubo","Kleinwagen (z.B. Polo)","Hochdach-Kombi","diesel",2015,156,16.536,4.4,5.5,4,1.26,6.793644,40775000
"1881","Fiat","FCA","Qubo","Kleinwagen (z.B. Polo)","Hochdach-Kombi","diesel",2016,166,17.65,4,5.9,4,1.275,6.790212,40959000
"1882","Fiat","FCA","Qubo","Kleinwagen (z.B. Polo)","Hochdach-Kombi","diesel",2017,168,17.65,4,5.9,4,1.275,6.790212,41303000
"1883","Fiat","FCA","Qubo","Kleinwagen (z.B. Polo)","Hochdach-Kombi","diesel",2012,272,18.475,4.1,7,4,1.275,6.793644,39708000
"1884","Fiat","FCA","Qubo","Kleinwagen (z.B. Polo)","Hochdach-Kombi","diesel",2013,182,18.475,4.1,7,4,1.275,6.793644,39931000
"1885","Fiat","FCA","Qubo","Kleinwagen (z.B. Polo)","Hochdach-Kombi","diesel",2014,150,18.475,4.1,7,4,1.275,6.793644,40224000
"1886","Fiat","FCA","Qubo","Kleinwagen (z.B. Polo)","Hochdach-Kombi","diesel",2015,137,18.752,4.1,7,4,1.275,6.790212,40775000
"1887","Fiat","FCA","Qubo","Kleinwagen (z.B. Polo)","Hochdach-Kombi","diesel",2016,129,18.752,4.1,7,4,1.275,6.790212,40959000
"1888","Fiat","FCA","Qubo","Kleinwagen (z.B. Polo)","Hochdach-Kombi","diesel",2017,156,19.04,4,7,4,1.275,6.802224,41303000
"1889","Fiat","FCA","Qubo","Kleinwagen (z.B. Polo)","Hochdach-Kombi","gasoline",2012,443,14.816,6.6,5.4,4,1.255,6.793644,39708000
"1890","Fiat","FCA","Qubo","Kleinwagen (z.B. Polo)","Hochdach-Kombi","gasoline",2013,294,14.816,6.6,5.4,4,1.255,6.793644,39931000
"1891","Fiat","FCA","Qubo","Kleinwagen (z.B. Polo)","Hochdach-Kombi","gasoline",2016,105,14.49,6.9,5.7,4,1.255,6.790212,40959000
"1892","Fiat","FCA","Qubo","Kleinwagen (z.B. Polo)","Hochdach-Kombi","gasoline",2017,327,14.49,6.9,5.7,4,1.255,6.790212,41303000
"1893","Fiat","FCA","Scudo","Mittelklasse (z.B. BMW 3er-Reihe)","Van","diesel",2012,376,33.7365,7,12,4,1.993,9.41815,39708000
"1894","Fiat","FCA","Scudo","Mittelklasse (z.B. BMW 3er-Reihe)","Van","diesel",2013,299,29.869,7.4,12,4,1.938,9.730825,39931000
"1895","Fiat","FCA","Scudo","Mittelklasse (z.B. BMW 3er-Reihe)","Van","diesel",2014,346,33.7365,7,12,4,1.993,9.41815,40224000
"1896","Fiat","FCA","Scudo","Mittelklasse (z.B. BMW 3er-Reihe)","Van","diesel",2015,452,33.7365,7,12,4,1.993,9.41815,40775000
"1897","Fiat","FCA","Scudo","Mittelklasse (z.B. BMW 3er-Reihe)","Van","diesel",2012,451,30.702,7,9.4,4,1.931,9.41815,39708000
"1898","Fiat","FCA","Scudo","Mittelklasse (z.B. BMW 3er-Reihe)","Van","diesel",2013,539,28.441,7,9.4,4,1.846,9.105475,39931000
"1899","Fiat","FCA","Scudo","Mittelklasse (z.B. BMW 3er-Reihe)","Van","diesel",2014,673,30.702,7,9.4,4,1.931,9.41815,40224000
"1900","Fiat","FCA","Scudo","Mittelklasse (z.B. BMW 3er-Reihe)","Van","diesel",2015,599,30.702,7,9.4,4,1.931,9.41815,40775000
"1901","Fiat","FCA","Sedici","Untere Mittelklasse (z.B. Golf)","Schrägheck","diesel",2012,229,21.59,5.3,9.9,4,1.425,7.221825,39708000
"1902","Fiat","FCA","Sedici","Untere Mittelklasse (z.B. Golf)","Schrägheck","diesel",2013,119,21.59,5.3,9.9,4,1.425,7.221825,39931000
"1903","Fiat","FCA","Sedici","Untere Mittelklasse (z.B. Golf)","Schrägheck","gasoline",2012,952,15.79,6.2,8.8,4,1.215,7.221825,39708000
"1904","Fiat","FCA","Sedici","Untere Mittelklasse (z.B. Golf)","Schrägheck","gasoline",2013,654,15.79,6.2,8.8,4,1.215,7.221825,39931000
"1905","Fiat","FCA","Sedici","Untere Mittelklasse (z.B. Golf)","Schrägheck","gasoline",2014,626,15.79,6.2,8.8,4,1.215,7.221825,40224000
"1906","Fiat","FCA","Tipo","Untere Mittelklasse (z.B. Golf)","Stufenheck","diesel",2016,292,17.45,4.1,7,4,1.28,8.121344,40959000
"1907","Fiat","FCA","Tipo","Untere Mittelklasse (z.B. Golf)","Stufenheck","diesel",2017,294,19.74,3.7,7,4,1.375,8.009344,41303000
"1908","Fiat","FCA","Tipo","Untere Mittelklasse (z.B. Golf)","Stufenheck","diesel",2016,1648,20.57,3.7,8.8,4,1.3825,7.827456,40959000
"1909","Fiat","FCA","Tipo","Untere Mittelklasse (z.B. Golf)","Stufenheck","diesel",2017,2546,20.49,3.7,8.8,4,1.395,7.827456,41303000
"1910","Fiat","FCA","Tipo","Untere Mittelklasse (z.B. Golf)","Stufenheck","gasoline",2016,2834,14.99,5.7,7,4,1.27,7.827456,40959000
"1911","Fiat","FCA","Tipo","Untere Mittelklasse (z.B. Golf)","Stufenheck","gasoline",2017,4536,15.14,6.45,7,4,1.27,7.827456,41303000
"1912","Fiat","FCA","Tipo","Untere Mittelklasse (z.B. Golf)","Stufenheck","gasoline",2016,128,19.44,6.3,8.1,4,1.28,8.121344,40959000
"1913","Fiat","FCA","Tipo","Untere Mittelklasse (z.B. Golf)","Stufenheck","gasoline",2017,576,21.69,6.3,8.1,4,1.39,8.009344,41303000
"1914","Fiat","FCA","Tipo","Untere Mittelklasse (z.B. Golf)","Schrägheck","gasoline",2016,1429,17.69,6,8.8,4,1.35,7.827456,40959000
"1915","Fiat","FCA","Tipo","Untere Mittelklasse (z.B. Golf)","Schrägheck","gasoline",2017,3851,17.84,6.55,8.8,4,1.35,7.827456,41303000
"1916","Ford","Ford","B-MAX","Kleinwagen (z.B. Polo)","Van","diesel",2013,417,17.75,4.1,5.5,4,1.307,7.138827,39931000
"1917","Ford","Ford","B-MAX","Kleinwagen (z.B. Polo)","Van","diesel",2014,318,17.75,4.1,5.5,4,1.307,7.138827,40224000
"1918","Ford","Ford","B-MAX","Kleinwagen (z.B. Polo)","Van","diesel",2012,323,21,4,7,4,1.31,7.138827,39708000
"1919","Ford","Ford","B-MAX","Kleinwagen (z.B. Polo)","Van","diesel",2013,1553,21,4,7,4,1.31,7.138827,39931000
"1920","Ford","Ford","B-MAX","Kleinwagen (z.B. Polo)","Van","diesel",2014,1137,21,4,7,4,1.31,7.138827,40224000
"1921","Ford","Ford","B-MAX","Kleinwagen (z.B. Polo)","Van","diesel",2015,932,21,4,7,4,1.31,7.138827,40775000
"1922","Ford","Ford","B-MAX","Kleinwagen (z.B. Polo)","Van","diesel",2016,632,21.3,3.8,7,4,1.31,7.138827,40959000
"1923","Ford","Ford","B-MAX","Kleinwagen (z.B. Polo)","Van","diesel",2017,339,21.3,3.8,7,4,1.31,7.138827,41303000
"1924","Ford","Ford","B-MAX","Kleinwagen (z.B. Polo)","Van","gasoline",2016,183,22.35,5,10.3,3,1.279,7.138827,40959000
"1925","Ford","Ford","B-MAX","Kleinwagen (z.B. Polo)","Van","gasoline",2017,118,22.35,5,10.3,3,1.279,7.138827,41303000
"1926","Ford","Ford","B-MAX","Kleinwagen (z.B. Polo)","Van","gasoline",2012,770,18.75,6,6.6,4,1.275,7.138827,39708000
"1927","Ford","Ford","B-MAX","Kleinwagen (z.B. Polo)","Van","gasoline",2013,2085,18.75,6,6.6,4,1.275,7.138827,39931000
"1928","Ford","Ford","B-MAX","Kleinwagen (z.B. Polo)","Van","gasoline",2014,735,18.75,6,6.6,4,1.275,7.138827,40224000
"1929","Ford","Ford","B-MAX","Kleinwagen (z.B. Polo)","Van","gasoline",2015,531,18.75,6,6.6,4,1.275,7.138827,40775000
"1930","Ford","Ford","B-MAX","Kleinwagen (z.B. Polo)","Van","gasoline",2016,457,18.75,6,6.6,4,1.275,7.138827,40959000
"1931","Ford","Ford","B-MAX","Kleinwagen (z.B. Polo)","Van","gasoline",2017,806,18.75,6,6.6,4,1.275,7.138827,41303000
"1932","Ford","Ford","B-MAX","Kleinwagen (z.B. Polo)","Van","gasoline",2012,875,17.9,4.9,7.4,3,1.279,7.138827,39708000
"1933","Ford","Ford","B-MAX","Kleinwagen (z.B. Polo)","Van","gasoline",2013,6064,17.9,4.9,7.4,3,1.279,7.138827,39931000
"1934","Ford","Ford","B-MAX","Kleinwagen (z.B. Polo)","Van","gasoline",2014,5158,17.9,4.9,7.4,3,1.279,7.138827,40224000
"1935","Ford","Ford","B-MAX","Kleinwagen (z.B. Polo)","Van","gasoline",2015,4365,17.9,4.9,7.4,3,1.279,7.138827,40775000
"1936","Ford","Ford","B-MAX","Kleinwagen (z.B. Polo)","Van","gasoline",2016,3620,17.9,4.9,7.4,3,1.279,7.138827,40959000
"1937","Ford","Ford","B-MAX","Kleinwagen (z.B. Polo)","Van","gasoline",2017,4660,17.9,4.9,7.4,3,1.279,7.138827,41303000
"1938","Ford","Ford","B-MAX","Kleinwagen (z.B. Polo)","Van","gasoline",2012,432,19.05,6.4,7.7,4,1.308,7.138827,39708000
"1939","Ford","Ford","B-MAX","Kleinwagen (z.B. Polo)","Van","gasoline",2013,2881,19.05,6.4,7.7,4,1.308,7.138827,39931000
"1940","Ford","Ford","B-MAX","Kleinwagen (z.B. Polo)","Van","gasoline",2014,2251,19.05,6.4,7.7,4,1.308,7.138827,40224000
"1941","Ford","Ford","B-MAX","Kleinwagen (z.B. Polo)","Van","gasoline",2015,2637,19.05,6.4,7.7,4,1.308,7.138827,40775000
"1942","Ford","Ford","B-MAX","Kleinwagen (z.B. Polo)","Van","gasoline",2016,2728,19.05,6.4,7.7,4,1.308,7.138827,40959000
"1943","Ford","Ford","B-MAX","Kleinwagen (z.B. Polo)","Van","gasoline",2017,3138,19.05,6.4,7.7,4,1.308,7.138827,41303000
"1944","Ford","Ford","B-MAX","Kleinwagen (z.B. Polo)","Van","gasoline",2012,942,20.35,4.9,8.8,3,1.279,7.138827,39708000
"1945","Ford","Ford","B-MAX","Kleinwagen (z.B. Polo)","Van","gasoline",2013,869,20.35,4.9,8.8,3,1.279,7.138827,39931000
"1946","Ford","Ford","B-MAX","Kleinwagen (z.B. Polo)","Van","gasoline",2013,2412,18.9,4.9,9.2,3,1.279,7.138827,39931000
"1947","Ford","Ford","B-MAX","Kleinwagen (z.B. Polo)","Van","gasoline",2014,2283,18.9,4.9,9.2,3,1.279,7.138827,40224000
"1948","Ford","Ford","B-MAX","Kleinwagen (z.B. Polo)","Van","gasoline",2015,1906,18.9,4.9,9.2,3,1.279,7.138827,40775000
"1949","Ford","Ford","B-MAX","Kleinwagen (z.B. Polo)","Van","gasoline",2016,1772,18.9,4.9,9.2,3,1.279,7.138827,40959000
"1950","Ford","Ford","B-MAX","Kleinwagen (z.B. Polo)","Van","gasoline",2017,2884,18.9,4.9,9.2,3,1.279,7.138827,41303000
"1951","Ford","Ford","C-MAX","Untere Mittelklasse (z.B. Golf)","Van","diesel",2012,2494,25.67,4.9,10.3,4,1.488,8.00664,39708000
"1952","Ford","Ford","C-MAX","Untere Mittelklasse (z.B. Golf)","Van","diesel",2013,2308,25.67,4.9,10.3,4,1.488,8.00664,39931000
"1953","Ford","Ford","C-MAX","Untere Mittelklasse (z.B. Golf)","Van","diesel",2014,2065,25.67,4.9,10.3,4,1.488,8.00664,40224000
"1954","Ford","Ford","C-MAX","Untere Mittelklasse (z.B. Golf)","Van","diesel",2015,365,25.67,4.9,10.3,4,1.488,8.00664,40775000
"1955","Ford","Ford","C-MAX","Untere Mittelklasse (z.B. Golf)","Van","diesel",2015,2004,27.075,4.6,11,4,1.505,8.00664,40775000
"1956","Ford","Ford","C-MAX","Untere Mittelklasse (z.B. Golf)","Van","diesel",2016,1238,27.075,4.6,11,4,1.505,8.00664,40959000
"1957","Ford","Ford","C-MAX","Untere Mittelklasse (z.B. Golf)","Van","diesel",2017,664,27.075,4.6,11,4,1.505,8.00664,41303000
"1958","Ford","Ford","C-MAX","Untere Mittelklasse (z.B. Golf)","Van","diesel",2015,118,29.5875,4.8,12.5,4,1.519,8.00664,40775000
"1959","Ford","Ford","C-MAX","Untere Mittelklasse (z.B. Golf)","Van","diesel",2016,216,29.5875,4.8,12.5,4,1.519,8.00664,40959000
"1960","Ford","Ford","C-MAX","Untere Mittelklasse (z.B. Golf)","Van","diesel",2017,104,29.5875,4.8,12.5,4,1.519,8.00664,41303000
"1961","Ford","Ford","C-MAX","Untere Mittelklasse (z.B. Golf)","Van","diesel",2012,240,21.05,4.6,7,4,1.39,8.00664,39708000
"1962","Ford","Ford","C-MAX","Untere Mittelklasse (z.B. Golf)","Van","diesel",2013,174,21.05,4.6,7,4,1.39,8.00664,39931000
"1963","Ford","Ford","C-MAX","Untere Mittelklasse (z.B. Golf)","Van","diesel",2014,132,21.05,4.6,7,4,1.39,8.00664,40224000
"1964","Ford","Ford","C-MAX","Untere Mittelklasse (z.B. Golf)","Van","diesel",2015,158,22.5,4.1,7,4,1.403,8.00664,40775000
"1965","Ford","Ford","C-MAX","Untere Mittelklasse (z.B. Golf)","Van","diesel",2015,172,24.5875,3.8,7.7,4,1.405,8.00664,40775000
"1966","Ford","Ford","C-MAX","Untere Mittelklasse (z.B. Golf)","Van","diesel",2016,122,25.225,3.8,7.7,4,1.405,8.00664,40959000
"1967","Ford","Ford","C-MAX","Untere Mittelklasse (z.B. Golf)","Van","diesel",2012,7003,23.59,4.6,8.5,4,1.39,8.00664,39708000
"1968","Ford","Ford","C-MAX","Untere Mittelklasse (z.B. Golf)","Van","diesel",2013,4915,23.59,4.6,8.5,4,1.39,8.00664,39931000
"1969","Ford","Ford","C-MAX","Untere Mittelklasse (z.B. Golf)","Van","diesel",2014,3879,23.59,4.6,8.5,4,1.39,8.00664,40224000
"1970","Ford","Ford","C-MAX","Untere Mittelklasse (z.B. Golf)","Van","diesel",2015,1198,23.59,4.6,8.5,4,1.39,8.00664,40775000
"1971","Ford","Ford","C-MAX","Untere Mittelklasse (z.B. Golf)","Van","diesel",2015,1773,25.575,4.15,8.8,4,1.4375,8.00664,40775000
"1972","Ford","Ford","C-MAX","Untere Mittelklasse (z.B. Golf)","Van","diesel",2016,2311,25.575,4.15,8.8,4,1.4375,8.00664,40959000
"1973","Ford","Ford","C-MAX","Untere Mittelklasse (z.B. Golf)","Van","diesel",2017,1587,25.575,4.15,8.8,4,1.4375,8.00664,41303000
"1974","Ford","Ford","C-MAX","Untere Mittelklasse (z.B. Golf)","Van","gasoline",2012,4432,23.22,6.4,11,4,1.385,8.00664,39708000
"1975","Ford","Ford","C-MAX","Untere Mittelklasse (z.B. Golf)","Van","gasoline",2013,2630,23.22,6.4,11,4,1.385,8.00664,39931000
"1976","Ford","Ford","C-MAX","Untere Mittelklasse (z.B. Golf)","Van","gasoline",2014,1998,23.22,6.4,11,4,1.385,8.00664,40224000
"1977","Ford","Ford","C-MAX","Untere Mittelklasse (z.B. Golf)","Van","gasoline",2015,3185,24.875,6.3,11,4,1.4035,8.00664,40775000
"1978","Ford","Ford","C-MAX","Untere Mittelklasse (z.B. Golf)","Van","gasoline",2016,3963,24.875,6.3,11,4,1.4035,8.00664,40959000
"1979","Ford","Ford","C-MAX","Untere Mittelklasse (z.B. Golf)","Van","gasoline",2017,3828,24.875,6.3,11,4,1.4035,8.00664,41303000
"1980","Ford","Ford","C-MAX","Untere Mittelklasse (z.B. Golf)","Van","gasoline",2015,127,29.25,6.5,13.4,4,1.413,8.00664,40775000
"1981","Ford","Ford","C-MAX","Untere Mittelklasse (z.B. Golf)","Van","gasoline",2016,238,29.25,6.5,13.4,4,1.413,8.00664,40959000
"1982","Ford","Ford","C-MAX","Untere Mittelklasse (z.B. Golf)","Van","gasoline",2017,135,29.075,6.5,13.4,4,1.413,8.00664,41303000
"1983","Ford","Ford","C-MAX","Untere Mittelklasse (z.B. Golf)","Van","gasoline",2012,187,21.92,5.1,7.4,3,1.374,8.00664,39708000
"1984","Ford","Ford","C-MAX","Untere Mittelklasse (z.B. Golf)","Van","gasoline",2013,2012,21.92,5.1,7.4,3,1.374,8.00664,39931000
"1985","Ford","Ford","C-MAX","Untere Mittelklasse (z.B. Golf)","Van","gasoline",2014,2509,21.92,5.1,7.4,3,1.374,8.00664,40224000
"1986","Ford","Ford","C-MAX","Untere Mittelklasse (z.B. Golf)","Van","gasoline",2015,1861,21.92,5.1,7.4,3,1.374,8.00664,40775000
"1987","Ford","Ford","C-MAX","Untere Mittelklasse (z.B. Golf)","Van","gasoline",2016,1082,22.02,5.1,7.4,3,1.374,8.00664,40959000
"1988","Ford","Ford","C-MAX","Untere Mittelklasse (z.B. Golf)","Van","gasoline",2017,1100,22.725,5.1,7.4,3,1.391,8.00664,41303000
"1989","Ford","Ford","C-MAX","Untere Mittelklasse (z.B. Golf)","Van","gasoline",2012,2122,20.12,6.4,7.7,4,1.374,8.00664,39708000
"1990","Ford","Ford","C-MAX","Untere Mittelklasse (z.B. Golf)","Van","gasoline",2013,416,20.12,6.4,7.7,4,1.374,8.00664,39931000
"1991","Ford","Ford","C-MAX","Untere Mittelklasse (z.B. Golf)","Van","gasoline",2012,495,23.02,5.1,9.2,3,1.374,8.00664,39708000
"1992","Ford","Ford","C-MAX","Untere Mittelklasse (z.B. Golf)","Van","gasoline",2013,5186,23.02,5.1,9.2,3,1.374,8.00664,39931000
"1993","Ford","Ford","C-MAX","Untere Mittelklasse (z.B. Golf)","Van","gasoline",2014,4420,23.02,5.1,9.2,3,1.374,8.00664,40224000
"1994","Ford","Ford","C-MAX","Untere Mittelklasse (z.B. Golf)","Van","gasoline",2015,4826,23.02,5.1,9.2,3,1.374,8.00664,40775000
"1995","Ford","Ford","C-MAX","Untere Mittelklasse (z.B. Golf)","Van","gasoline",2016,4297,23.02,5.1,9.2,3,1.374,8.00664,40959000
"1996","Ford","Ford","C-MAX","Untere Mittelklasse (z.B. Golf)","Van","gasoline",2017,4411,23.8625,5.1,9.2,3,1.391,8.00664,41303000
"1997","Ford","Ford","EcoSport","Kleinwagen (z.B. Polo)","SUV","diesel",2014,377,20.89,4.6,6.6,4,1.372,7.090005,40224000
"1998","Ford","Ford","EcoSport","Kleinwagen (z.B. Polo)","SUV","diesel",2015,482,20.89,4.6,6.6,4,1.372,7.090005,40775000
"1999","Ford","Ford","EcoSport","Kleinwagen (z.B. Polo)","SUV","diesel",2015,143,22.44,4.4,7,4,1.372,7.090005,40775000
"2000","Ford","Ford","EcoSport","Kleinwagen (z.B. Polo)","SUV","diesel",2016,687,22.44,4.4,7,4,1.372,7.090005,40959000
"2001","Ford","Ford","EcoSport","Kleinwagen (z.B. Polo)","SUV","diesel",2017,608,22.44,4.4,7,4,1.372,7.090005,41303000
"2002","Ford","Ford","EcoSport","Kleinwagen (z.B. Polo)","SUV","gasoline",2016,511,23.79,5.2,10.3,3,1.348,7.22944,40959000
"2003","Ford","Ford","EcoSport","Kleinwagen (z.B. Polo)","SUV","gasoline",2017,1155,22.99,5.2,10.3,3,1.348,7.22944,41303000
"2004","Ford","Ford","EcoSport","Kleinwagen (z.B. Polo)","SUV","gasoline",2014,832,18.64,6.3,8.2,4,1.332,7.090005,40224000
"2005","Ford","Ford","EcoSport","Kleinwagen (z.B. Polo)","SUV","gasoline",2015,724,18.64,6.3,8.2,4,1.332,7.090005,40775000
"2006","Ford","Ford","EcoSport","Kleinwagen (z.B. Polo)","SUV","gasoline",2016,1815,18.64,6.3,8.2,4,1.332,7.090005,40959000
"2007","Ford","Ford","EcoSport","Kleinwagen (z.B. Polo)","SUV","gasoline",2017,2263,18.64,6.3,8.2,4,1.332,7.090005,41303000
"2008","Ford","Ford","EcoSport","Kleinwagen (z.B. Polo)","SUV","gasoline",2014,1706,20.495,5.35,9.2,3,1.337,7.090005,40224000
"2009","Ford","Ford","EcoSport","Kleinwagen (z.B. Polo)","SUV","gasoline",2015,4578,20.495,5.35,9.2,3,1.337,7.090005,40775000
"2010","Ford","Ford","EcoSport","Kleinwagen (z.B. Polo)","SUV","gasoline",2016,6702,21.265,5.35,9.2,3,1.343,7.22944,40959000
"2011","Ford","Ford","EcoSport","Kleinwagen (z.B. Polo)","SUV","gasoline",2017,6550,21.34,5.3,9.2,3,1.349,7.22944,41303000
"2012","Ford","Ford","Edge","Mittelklasse (z.B. BMW 3er-Reihe)","SUV","diesel",2016,562,46,5.8,13.2,4,1.912,9.269824,40959000
"2013","Ford","Ford","Edge","Mittelklasse (z.B. BMW 3er-Reihe)","SUV","diesel",2017,840,46,5.8,13.2,4,1.912,9.269824,41303000
"2014","Ford","Ford","Edge","Mittelklasse (z.B. BMW 3er-Reihe)","SUV","diesel",2016,2274,52.775,5.9,15.5,4,1.949,9.269824,40959000
"2015","Ford","Ford","Edge","Mittelklasse (z.B. BMW 3er-Reihe)","SUV","diesel",2017,4485,52.775,5.9,15.5,4,1.949,9.269824,41303000
"2016","Ford","Ford","Fiesta","Kleinwagen (z.B. Polo)","Schrägheck","diesel",2012,1440,15.175,4,5.2,4,1.109,6.8019,39708000
"2017","Ford","Ford","Fiesta","Kleinwagen (z.B. Polo)","Schrägheck","diesel",2013,1901,14.365,3.6,5.5,4,1.108,6.834618,39931000
"2018","Ford","Ford","Fiesta","Kleinwagen (z.B. Polo)","Schrägheck","diesel",2014,1688,14.365,3.6,5.5,4,1.108,6.834618,40224000
"2019","Ford","Ford","Fiesta","Kleinwagen (z.B. Polo)","Schrägheck","diesel",2015,1740,14.365,3.6,5.5,4,1.108,6.834618,40775000
"2020","Ford","Ford","Fiesta","Kleinwagen (z.B. Polo)","Schrägheck","diesel",2016,1890,14.365,3.6,5.5,4,1.108,6.834618,40959000
"2021","Ford","Ford","Fiesta","Kleinwagen (z.B. Polo)","Schrägheck","diesel",2017,800,14.365,3.6,5.5,4,1.108,6.834618,41303000
"2022","Ford","Ford","Fiesta","Kleinwagen (z.B. Polo)","Schrägheck","diesel",2017,934,16.05,3.7,6.3,4,1.163,7.0094,41303000
"2023","Ford","Ford","Fiesta","Kleinwagen (z.B. Polo)","Schrägheck","diesel",2012,4420,16.795,3.6,7,4,1.108,6.834618,39708000
"2024","Ford","Ford","Fiesta","Kleinwagen (z.B. Polo)","Schrägheck","diesel",2013,3959,16.795,3.6,7,4,1.108,6.834618,39931000
"2025","Ford","Ford","Fiesta","Kleinwagen (z.B. Polo)","Schrägheck","diesel",2014,4049,16.795,3.6,7,4,1.108,6.834618,40224000
"2026","Ford","Ford","Fiesta","Kleinwagen (z.B. Polo)","Schrägheck","diesel",2015,3595,17.195,3.6,7,4,1.108,6.834618,40775000
"2027","Ford","Ford","Fiesta","Kleinwagen (z.B. Polo)","Schrägheck","diesel",2016,3148,17.195,3.6,7,4,1.108,6.834618,40959000
"2028","Ford","Ford","Fiesta","Kleinwagen (z.B. Polo)","Schrägheck","diesel",2017,986,17.195,3.6,7,4,1.108,6.834618,41303000
"2029","Ford","Ford","Fiesta","Kleinwagen (z.B. Polo)","Schrägheck","diesel",2017,281,21,3.5,8.8,4,1.188,7.0094,41303000
"2030","Ford","Ford","Fiesta","Kleinwagen (z.B. Polo)","Schrägheck","gasoline",2014,441,19.1,4.5,10.3,3,1.091,6.834618,40224000
"2031","Ford","Ford","Fiesta","Kleinwagen (z.B. Polo)","Schrägheck","gasoline",2015,909,19.1,4.5,10.3,3,1.091,6.834618,40775000
"2032","Ford","Ford","Fiesta","Kleinwagen (z.B. Polo)","Schrägheck","gasoline",2016,781,19.1,4.5,10.3,3,1.091,6.834618,40959000
"2033","Ford","Ford","Fiesta","Kleinwagen (z.B. Polo)","Schrägheck","gasoline",2017,933,19.1,4.5,10.3,3,1.091,6.834618,41303000
"2034","Ford","Ford","Fiesta","Kleinwagen (z.B. Polo)","Schrägheck","gasoline",2013,1533,20.19,5.9,13.4,4,1.163,6.793275,39931000
"2035","Ford","Ford","Fiesta","Kleinwagen (z.B. Polo)","Schrägheck","gasoline",2014,2523,20.84,5.9,13.4,4,1.163,6.793275,40224000
"2036","Ford","Ford","Fiesta","Kleinwagen (z.B. Polo)","Schrägheck","gasoline",2015,2209,20.84,5.9,13.4,4,1.163,6.793275,40775000
"2037","Ford","Ford","Fiesta","Kleinwagen (z.B. Polo)","Schrägheck","gasoline",2016,1754,20.84,5.9,13.4,4,1.163,6.793275,40959000
"2038","Ford","Ford","Fiesta","Kleinwagen (z.B. Polo)","Schrägheck","gasoline",2017,925,20.84,5.9,13.4,4,1.163,6.793275,41303000
"2039","Ford","Ford","Fiesta","Kleinwagen (z.B. Polo)","Schrägheck","gasoline",2016,733,24.84,6.1,14.7,4,1.163,6.793275,40959000
"2040","Ford","Ford","Fiesta","Kleinwagen (z.B. Polo)","Schrägheck","gasoline",2017,405,24.84,6.1,14.7,4,1.163,6.793275,41303000
"2041","Ford","Ford","Fiesta","Kleinwagen (z.B. Polo)","Schrägheck","gasoline",2012,8530,12.65,5.2,4.4,4,1.0495,6.834618,39708000
"2042","Ford","Ford","Fiesta","Kleinwagen (z.B. Polo)","Schrägheck","gasoline",2013,6837,12.65,5.2,4.4,4,1.0495,6.834618,39931000
"2043","Ford","Ford","Fiesta","Kleinwagen (z.B. Polo)","Schrägheck","gasoline",2014,7291,13.7,5.2,4.4,4,1.068,6.834618,40224000
"2044","Ford","Ford","Fiesta","Kleinwagen (z.B. Polo)","Schrägheck","gasoline",2015,10351,13.7,5.2,4.4,4,1.068,6.834618,40775000
"2045","Ford","Ford","Fiesta","Kleinwagen (z.B. Polo)","Schrägheck","gasoline",2016,8852,13.7,5.2,4.4,4,1.068,6.834618,40959000
"2046","Ford","Ford","Fiesta","Kleinwagen (z.B. Polo)","Schrägheck","gasoline",2017,3850,13.7,5.2,4.4,4,1.068,6.834618,41303000
"2047","Ford","Ford","Fiesta","Kleinwagen (z.B. Polo)","Schrägheck","gasoline",2013,2261,12.42,4.3,4.8,3,1.045,6.834618,39931000
"2048","Ford","Ford","Fiesta","Kleinwagen (z.B. Polo)","Schrägheck","gasoline",2014,1340,12.42,4.3,4.8,3,1.045,6.834618,40224000
"2049","Ford","Ford","Fiesta","Kleinwagen (z.B. Polo)","Schrägheck","gasoline",2015,920,12.42,4.3,4.8,3,1.045,6.834618,40775000
"2050","Ford","Ford","Fiesta","Kleinwagen (z.B. Polo)","Schrägheck","gasoline",2016,794,12.42,4.3,4.8,3,1.045,6.834618,40959000
"2051","Ford","Ford","Fiesta","Kleinwagen (z.B. Polo)","Schrägheck","gasoline",2017,490,12.42,4.3,4.8,3,1.045,6.834618,41303000
"2052","Ford","Ford","Fiesta","Kleinwagen (z.B. Polo)","Schrägheck","gasoline",2017,3704,12.95,4.9,5.2,3,1.108,7.0094,41303000
"2053","Ford","Ford","Fiesta","Kleinwagen (z.B. Polo)","Schrägheck","gasoline",2013,7114,13.8,4.6,5.9,3,1.045,6.834618,39931000
"2054","Ford","Ford","Fiesta","Kleinwagen (z.B. Polo)","Schrägheck","gasoline",2014,6714,13.8,4.6,5.9,3,1.045,6.834618,40224000
"2055","Ford","Ford","Fiesta","Kleinwagen (z.B. Polo)","Schrägheck","gasoline",2015,5764,13.8,4.6,5.9,3,1.045,6.834618,40775000
"2056","Ford","Ford","Fiesta","Kleinwagen (z.B. Polo)","Schrägheck","gasoline",2016,6503,13.8,4.6,5.9,3,1.045,6.834618,40959000
"2057","Ford","Ford","Fiesta","Kleinwagen (z.B. Polo)","Schrägheck","gasoline",2017,4332,13.8,4.6,5.9,3,1.045,6.834618,41303000
"2058","Ford","Ford","Fiesta","Kleinwagen (z.B. Polo)","Schrägheck","gasoline",2012,29564,14,5.2,6,4,1.045,6.834618,39708000
"2059","Ford","Ford","Fiesta","Kleinwagen (z.B. Polo)","Schrägheck","gasoline",2013,8837,14,5.2,6,4,1.045,6.834618,39931000
"2060","Ford","Ford","Fiesta","Kleinwagen (z.B. Polo)","Schrägheck","gasoline",2014,8083,14,5.2,6,4,1.045,6.834618,40224000
"2061","Ford","Ford","Fiesta","Kleinwagen (z.B. Polo)","Schrägheck","gasoline",2015,7824,14,5.2,6,4,1.045,6.834618,40775000
"2062","Ford","Ford","Fiesta","Kleinwagen (z.B. Polo)","Schrägheck","gasoline",2016,6800,14,5.2,6,4,1.045,6.834618,40959000
"2063","Ford","Ford","Fiesta","Kleinwagen (z.B. Polo)","Schrägheck","gasoline",2017,3255,14,5.2,6,4,1.045,6.834618,41303000
"2064","Ford","Ford","Fiesta","Kleinwagen (z.B. Polo)","Schrägheck","gasoline",2017,3980,14.1,4.9,6.3,3,1.108,7.0094,41303000
"2065","Ford","Ford","Fiesta","Kleinwagen (z.B. Polo)","Schrägheck","gasoline",2012,4892,15.575,5.75,7.1,4,1.054,6.8019,39708000
"2066","Ford","Ford","Fiesta","Kleinwagen (z.B. Polo)","Schrägheck","gasoline",2017,151,13.5,5.7,7.1,4,1.0475,6.8019,41303000
"2067","Ford","Ford","Fiesta","Kleinwagen (z.B. Polo)","Schrägheck","gasoline",2012,393,14.9,4.3,7.4,3,1.091,6.834618,39708000
"2068","Ford","Ford","Fiesta","Kleinwagen (z.B. Polo)","Schrägheck","gasoline",2013,8785,14.9,4.3,7.4,3,1.091,6.834618,39931000
"2069","Ford","Ford","Fiesta","Kleinwagen (z.B. Polo)","Schrägheck","gasoline",2014,10901,14.9,4.3,7.4,3,1.091,6.834618,40224000
"2070","Ford","Ford","Fiesta","Kleinwagen (z.B. Polo)","Schrägheck","gasoline",2015,10483,14.9,4.3,7.4,3,1.091,6.834618,40775000
"2071","Ford","Ford","Fiesta","Kleinwagen (z.B. Polo)","Schrägheck","gasoline",2016,10540,14.9,4.3,7.4,3,1.091,6.834618,40959000
"2072","Ford","Ford","Fiesta","Kleinwagen (z.B. Polo)","Schrägheck","gasoline",2017,14162,15.2,4.45,7.4,3,1.144,7.0094,41303000
"2073","Ford","Ford","Fiesta","Kleinwagen (z.B. Polo)","Schrägheck","gasoline",2013,1065,18.27,5.9,7.7,4,1.089,6.834618,39931000
"2074","Ford","Ford","Fiesta","Kleinwagen (z.B. Polo)","Schrägheck","gasoline",2016,235,18.27,5.9,7.7,4,1.089,6.834618,40959000
"2075","Ford","Ford","Fiesta","Kleinwagen (z.B. Polo)","Schrägheck","gasoline",2017,381,18.27,5.9,7.7,4,1.089,6.834618,41303000
"2076","Ford","Ford","Fiesta","Kleinwagen (z.B. Polo)","Schrägheck","gasoline",2012,520,16.5,5.9,8.8,4,1.045,6.8019,39708000
"2077","Ford","Ford","Fiesta","Kleinwagen (z.B. Polo)","Schrägheck","gasoline",2013,2609,18.15,4.3,9.2,3,1.091,6.834618,39931000
"2078","Ford","Ford","Fiesta","Kleinwagen (z.B. Polo)","Schrägheck","gasoline",2014,2115,18.15,4.3,9.2,3,1.091,6.834618,40224000
"2079","Ford","Ford","Fiesta","Kleinwagen (z.B. Polo)","Schrägheck","gasoline",2015,1561,18.15,4.3,9.2,3,1.091,6.834618,40775000
"2080","Ford","Ford","Fiesta","Kleinwagen (z.B. Polo)","Schrägheck","gasoline",2016,1870,18.15,4.3,9.2,3,1.091,6.834618,40959000
"2081","Ford","Ford","Fiesta","Kleinwagen (z.B. Polo)","Schrägheck","gasoline",2017,2484,19.5,4.45,9.2,3,1.144,7.0094,41303000
"2082","Ford","Ford","Fiesta","Kleinwagen (z.B. Polo)","Schrägheck","gasoline",2012,655,19.6,5.9,9.9,4,1.045,6.8019,39708000
"2083","Ford","Ford","Focus","Untere Mittelklasse (z.B. Golf)","Stufenheck","diesel",2012,3316,25.37,4.9,10.3,4,1.446,8.305588,39708000
"2084","Ford","Ford","Focus","Untere Mittelklasse (z.B. Golf)","Stufenheck","diesel",2013,3723,25.37,4.9,10.3,4,1.446,8.305588,39931000
"2085","Ford","Ford","Focus","Untere Mittelklasse (z.B. Golf)","Schrägheck","diesel",2014,3776,25.37,4.9,10.3,4,1.446,8.305588,40224000
"2086","Ford","Ford","Focus","Untere Mittelklasse (z.B. Golf)","Stufenheck","diesel",2015,3699,27.7,4,11,4,1.46,8.31288,40775000
"2087","Ford","Ford","Focus","Untere Mittelklasse (z.B. Golf)","Stufenheck","diesel",2016,3598,27.7,4,11,4,1.46,8.31288,40959000
"2088","Ford","Ford","Focus","Untere Mittelklasse (z.B. Golf)","Schrägheck","diesel",2017,2774,27.7,4,11,4,1.46,8.31288,41303000
"2089","Ford","Ford","Focus","Untere Mittelklasse (z.B. Golf)","Stufenheck","diesel",2012,1565,28.145,5.05,12,4,1.4655,8.305588,39708000
"2090","Ford","Ford","Focus","Untere Mittelklasse (z.B. Golf)","Stufenheck","diesel",2013,1521,28.145,5.05,12,4,1.4655,8.305588,39931000
"2091","Ford","Ford","Focus","Untere Mittelklasse (z.B. Golf)","Schrägheck","diesel",2014,1603,28.145,5.05,12,4,1.4655,8.305588,40224000
"2092","Ford","Ford","Focus","Untere Mittelklasse (z.B. Golf)","Schrägheck","diesel",2015,842,32.65,4.2,13.6,4,1.488,8.318349,40775000
"2093","Ford","Ford","Focus","Untere Mittelklasse (z.B. Golf)","Schrägheck","diesel",2016,845,32.65,4.2,13.6,4,1.488,8.318349,40959000
"2094","Ford","Ford","Focus","Untere Mittelklasse (z.B. Golf)","Schrägheck","diesel",2017,722,32.65,4.2,13.6,4,1.488,8.318349,41303000
"2095","Ford","Ford","Focus","Untere Mittelklasse (z.B. Golf)","Schrägheck","diesel",2012,2268,20.45,4.5,7,4,1.362,8.305588,39708000
"2096","Ford","Ford","Focus","Untere Mittelklasse (z.B. Golf)","Schrägheck","diesel",2013,1400,22.02,4.2,7,4,1.355,8.31288,39931000
"2097","Ford","Ford","Focus","Untere Mittelklasse (z.B. Golf)","Schrägheck","diesel",2014,1582,22.02,4.2,7,4,1.355,8.31288,40224000
"2098","Ford","Ford","Focus","Untere Mittelklasse (z.B. Golf)","Schrägheck","diesel",2015,1984,23.5,3.8,7,4,1.362,8.31288,40775000
"2099","Ford","Ford","Focus","Untere Mittelklasse (z.B. Golf)","Schrägheck","diesel",2016,1282,23.5,3.8,7,4,1.362,8.31288,40959000
"2100","Ford","Ford","Focus","Untere Mittelklasse (z.B. Golf)","Schrägheck","diesel",2017,1200,23.5,3.8,7,4,1.362,8.31288,41303000
"2101","Ford","Ford","Focus","Untere Mittelklasse (z.B. Golf)","Schrägheck","diesel",2012,289,24.515,3.7,7.7,4,1.374,8.305588,39708000
"2102","Ford","Ford","Focus","Untere Mittelklasse (z.B. Golf)","Schrägheck","diesel",2013,2240,24.515,3.7,7.7,4,1.374,8.305588,39931000
"2103","Ford","Ford","Focus","Untere Mittelklasse (z.B. Golf)","Schrägheck","diesel",2014,1893,24.515,3.7,7.7,4,1.374,8.305588,40224000
"2104","Ford","Ford","Focus","Untere Mittelklasse (z.B. Golf)","Schrägheck","diesel",2015,1526,25.95,3.4,7.7,4,1.374,8.31288,40775000
"2105","Ford","Ford","Focus","Untere Mittelklasse (z.B. Golf)","Schrägheck","diesel",2016,1743,25.95,3.4,7.7,4,1.374,8.31288,40959000
"2106","Ford","Ford","Focus","Untere Mittelklasse (z.B. Golf)","Schrägheck","diesel",2017,693,25.95,3.4,7.7,4,1.374,8.31288,41303000
"2107","Ford","Ford","Focus","Untere Mittelklasse (z.B. Golf)","Stufenheck","diesel",2012,13668,23.32,4.5,8.5,4,1.367,8.305588,39708000
"2108","Ford","Ford","Focus","Untere Mittelklasse (z.B. Golf)","Stufenheck","diesel",2013,10880,23.77,4.2,8.5,4,1.364,8.309234,39931000
"2109","Ford","Ford","Focus","Untere Mittelklasse (z.B. Golf)","Stufenheck","diesel",2014,10219,23.77,4.2,8.5,4,1.364,8.309234,40224000
"2110","Ford","Ford","Focus","Untere Mittelklasse (z.B. Golf)","Schrägheck","diesel",2015,1674,23.77,4.2,8.5,4,1.364,8.309234,40775000
"2111","Ford","Ford","Focus","Untere Mittelklasse (z.B. Golf)","Schrägheck","diesel",2014,1010,25.95,3.8,8.8,4,1.368,8.31288,40224000
"2112","Ford","Ford","Focus","Untere Mittelklasse (z.B. Golf)","Stufenheck","diesel",2015,14845,25.95,3.8,8.8,4,1.368,8.31288,40775000
"2113","Ford","Ford","Focus","Untere Mittelklasse (z.B. Golf)","Stufenheck","diesel",2016,14679,25.95,3.8,8.8,4,1.368,8.31288,40959000
"2114","Ford","Ford","Focus","Untere Mittelklasse (z.B. Golf)","Stufenheck","diesel",2017,12256,25.95,3.8,8.8,4,1.368,8.31288,41303000
"2115","Ford","Ford","Focus","Untere Mittelklasse (z.B. Golf)","Schrägheck","gasoline",2017,274,25.4,5,10.3,3,1.316,8.31288,41303000
"2116","Ford","Ford","Focus","Untere Mittelklasse (z.B. Golf)","Stufenheck","gasoline",2012,7035,23.245,6.05,11,4,1.358,8.305588,39708000
"2117","Ford","Ford","Focus","Untere Mittelklasse (z.B. Golf)","Stufenheck","gasoline",2013,4561,23.245,6.05,11,4,1.358,8.305588,39931000
"2118","Ford","Ford","Focus","Untere Mittelklasse (z.B. Golf)","Stufenheck","gasoline",2014,4457,23.245,6.05,11,4,1.358,8.305588,40224000
"2119","Ford","Ford","Focus","Untere Mittelklasse (z.B. Golf)","Stufenheck","gasoline",2015,6357,25.1,5.6,11,4,1.35,8.31288,40775000
"2120","Ford","Ford","Focus","Untere Mittelklasse (z.B. Golf)","Stufenheck","gasoline",2016,5589,25.1,5.6,11,4,1.35,8.31288,40959000
"2121","Ford","Ford","Focus","Untere Mittelklasse (z.B. Golf)","Stufenheck","gasoline",2017,5592,25.1,5.6,11,4,1.35,8.31288,41303000
"2122","Ford","Ford","Focus","Untere Mittelklasse (z.B. Golf)","Stufenheck","gasoline",2012,883,25.92,5.9,13.4,4,1.358,8.305588,39708000
"2123","Ford","Ford","Focus","Untere Mittelklasse (z.B. Golf)","Stufenheck","gasoline",2013,777,25.92,5.9,13.4,4,1.358,8.305588,39931000
"2124","Ford","Ford","Focus","Untere Mittelklasse (z.B. Golf)","Schrägheck","gasoline",2014,772,25.92,5.9,13.4,4,1.358,8.305588,40224000
"2125","Ford","Ford","Focus","Untere Mittelklasse (z.B. Golf)","Stufenheck","gasoline",2015,1160,28.85,5.6,13.4,4,1.35,8.31288,40775000
"2126","Ford","Ford","Focus","Untere Mittelklasse (z.B. Golf)","Schrägheck","gasoline",2016,1098,28.85,5.6,13.4,4,1.35,8.31288,40959000
"2127","Ford","Ford","Focus","Untere Mittelklasse (z.B. Golf)","Schrägheck","gasoline",2017,1116,28.85,5.6,13.4,4,1.35,8.31288,41303000
"2128","Ford","Ford","Focus","Untere Mittelklasse (z.B. Golf)","Schrägheck","gasoline",2012,1133,28.25,7.2,18.4,4,1.333,7.944634,39708000
"2129","Ford","Ford","Focus","Untere Mittelklasse (z.B. Golf)","Schrägheck","gasoline",2013,2039,30.4,6.8,18.4,4,1.437,7.951926,39931000
"2130","Ford","Ford","Focus","Untere Mittelklasse (z.B. Golf)","Schrägheck","gasoline",2014,1601,30.4,6.8,18.4,4,1.437,7.951926,40224000
"2131","Ford","Ford","Focus","Untere Mittelklasse (z.B. Golf)","Schrägheck","gasoline",2015,1929,30.4,6.8,18.4,4,1.437,7.951926,40775000
"2132","Ford","Ford","Focus","Untere Mittelklasse (z.B. Golf)","Schrägheck","gasoline",2016,2021,30.9,6.8,18.4,4,1.437,7.951926,40959000
"2133","Ford","Ford","Focus","Untere Mittelklasse (z.B. Golf)","Schrägheck","gasoline",2017,2968,31.85,6.8,18.4,4,1.461,8.318349,41303000
"2134","Ford","Ford","Focus","Untere Mittelklasse (z.B. Golf)","Schrägheck","gasoline",2016,953,40.975,7.7,25.7,4,1.529,8.00297,40959000
"2135","Ford","Ford","Focus","Untere Mittelklasse (z.B. Golf)","Schrägheck","gasoline",2017,1978,40.975,7.7,25.7,4,1.529,8.00297,41303000
"2136","Ford","Ford","Focus","Untere Mittelklasse (z.B. Golf)","Schrägheck","gasoline",2012,188,17.335,5.9,6.3,4,1.27,7.944634,39708000
"2137","Ford","Ford","Focus","Untere Mittelklasse (z.B. Golf)","Schrägheck","gasoline",2013,367,18.36,6,6.3,4,1.3035,8.309234,39931000
"2138","Ford","Ford","Focus","Untere Mittelklasse (z.B. Golf)","Schrägheck","gasoline",2014,485,18.36,6,6.3,4,1.3035,8.309234,40224000
"2139","Ford","Ford","Focus","Untere Mittelklasse (z.B. Golf)","Schrägheck","gasoline",2015,464,17.335,5.9,6.3,4,1.267,7.946457,40775000
"2140","Ford","Ford","Focus","Untere Mittelklasse (z.B. Golf)","Schrägheck","gasoline",2016,380,17.675,5.9,6.3,4,1.264,7.94828,40959000
"2141","Ford","Ford","Focus","Untere Mittelklasse (z.B. Golf)","Schrägheck","gasoline",2017,581,18.7,6,6.3,4,1.3,8.31288,41303000
"2142","Ford","Ford","Focus","Untere Mittelklasse (z.B. Golf)","Stufenheck","gasoline",2012,2765,20.72,4.7,7.4,3,1.276,7.944634,39708000
"2143","Ford","Ford","Focus","Untere Mittelklasse (z.B. Golf)","Stufenheck","gasoline",2013,6582,21.52,4.8,7.4,3,1.313,8.31288,39931000
"2144","Ford","Ford","Focus","Untere Mittelklasse (z.B. Golf)","Stufenheck","gasoline",2014,9355,21.52,4.8,7.4,3,1.313,8.31288,40224000
"2145","Ford","Ford","Focus","Untere Mittelklasse (z.B. Golf)","Stufenheck","gasoline",2015,5549,21.52,4.8,7.4,3,1.313,8.31288,40775000
"2146","Ford","Ford","Focus","Untere Mittelklasse (z.B. Golf)","Stufenheck","gasoline",2016,4049,22.7,4.8,7.4,3,1.313,8.31288,40959000
"2147","Ford","Ford","Focus","Untere Mittelklasse (z.B. Golf)","Stufenheck","gasoline",2017,3182,22.7,4.8,7.4,3,1.313,8.31288,41303000
"2148","Ford","Ford","Focus","Untere Mittelklasse (z.B. Golf)","Stufenheck","gasoline",2012,4597,20.3,6,7.7,4,1.307,8.305588,39708000
"2149","Ford","Ford","Focus","Untere Mittelklasse (z.B. Golf)","Schrägheck","gasoline",2013,135,20.3,6,7.7,4,1.307,8.305588,39931000
"2150","Ford","Ford","Focus","Untere Mittelklasse (z.B. Golf)","Stufenheck","gasoline",2012,9979,22.52,5.1,9.2,3,1.316,8.305588,39708000
"2151","Ford","Ford","Focus","Untere Mittelklasse (z.B. Golf)","Stufenheck","gasoline",2013,11130,25.1,5.1,9.2,3,1.316,8.31288,39931000
"2152","Ford","Ford","Focus","Untere Mittelklasse (z.B. Golf)","Stufenheck","gasoline",2014,12589,25.1,5.1,9.2,3,1.316,8.31288,40224000
"2153","Ford","Ford","Focus","Untere Mittelklasse (z.B. Golf)","Stufenheck","gasoline",2015,11462,25.1,5.1,9.2,3,1.316,8.31288,40775000
"2154","Ford","Ford","Focus","Untere Mittelklasse (z.B. Golf)","Stufenheck","gasoline",2016,11616,25.45,4.8,9.2,3,1.316,8.31288,40959000
"2155","Ford","Ford","Focus","Untere Mittelklasse (z.B. Golf)","Stufenheck","gasoline",2017,11996,25.45,4.8,9.2,3,1.316,8.31288,41303000
"2156","Ford","Ford","Fusion","Kleinwagen (z.B. Polo)","Van","gasoline",2012,1055,12.9,6.5,5.9,4,1.156,6.91096,39708000
"2157","Ford","Ford","Galaxy","Mittelklasse (z.B. BMW 3er-Reihe)","Van","diesel",2015,623,45.25,5.5,15.5,4,1.779,9.288768,40775000
"2158","Ford","Ford","Galaxy","Mittelklasse (z.B. BMW 3er-Reihe)","Van","diesel",2016,1864,45.25,5.5,15.5,4,1.779,9.288768,40959000
"2159","Ford","Ford","Galaxy","Mittelklasse (z.B. BMW 3er-Reihe)","Van","diesel",2017,1623,45.25,5.5,15.5,4,1.779,9.288768,41303000
"2160","Ford","Ford","Grand C-MAX","Untere Mittelklasse (z.B. Golf)","Van","diesel",2012,1992,27.7,4.6,10.3,4,1.577,8.26256,39708000
"2161","Ford","Ford","Grand C-MAX","Untere Mittelklasse (z.B. Golf)","Van","diesel",2013,1118,27.7,4.6,10.3,4,1.577,8.26256,39931000
"2162","Ford","Ford","Grand C-MAX","Untere Mittelklasse (z.B. Golf)","Van","diesel",2014,1380,27.7,4.6,10.3,4,1.577,8.26256,40224000
"2163","Ford","Ford","Grand C-MAX","Untere Mittelklasse (z.B. Golf)","Van","diesel",2015,421,27.7,4.6,10.3,4,1.577,8.26256,40775000
"2164","Ford","Ford","Grand C-MAX","Untere Mittelklasse (z.B. Golf)","Van","diesel",2015,1447,28.575,4.8,11,4,1.591,8.26256,40775000
"2165","Ford","Ford","Grand C-MAX","Untere Mittelklasse (z.B. Golf)","Van","diesel",2016,1455,28.575,4.8,11,4,1.591,8.26256,40959000
"2166","Ford","Ford","Grand C-MAX","Untere Mittelklasse (z.B. Golf)","Van","diesel",2017,871,28.575,4.8,11,4,1.591,8.26256,41303000
"2167","Ford","Ford","Grand C-MAX","Untere Mittelklasse (z.B. Golf)","Van","diesel",2012,1217,28.36,5.1,12,4,1.5625,8.1346,39708000
"2168","Ford","Ford","Grand C-MAX","Untere Mittelklasse (z.B. Golf)","Van","diesel",2013,1069,28.36,5.1,12,4,1.5625,8.1346,39931000
"2169","Ford","Ford","Grand C-MAX","Untere Mittelklasse (z.B. Golf)","Van","diesel",2014,1475,28.36,5.1,12,4,1.5625,8.1346,40224000
"2170","Ford","Ford","Grand C-MAX","Untere Mittelklasse (z.B. Golf)","Van","diesel",2015,317,29.025,5.5,12,4,1.6045,8.26256,40775000
"2171","Ford","Ford","Grand C-MAX","Untere Mittelklasse (z.B. Golf)","Van","diesel",2015,143,31.0875,5,12.5,4,1.605,8.26256,40775000
"2172","Ford","Ford","Grand C-MAX","Untere Mittelklasse (z.B. Golf)","Van","diesel",2016,267,31.0875,5,12.5,4,1.605,8.26256,40959000
"2173","Ford","Ford","Grand C-MAX","Untere Mittelklasse (z.B. Golf)","Van","diesel",2017,164,31,5,12.5,4,1.605,8.26256,41303000
"2174","Ford","Ford","Grand C-MAX","Untere Mittelklasse (z.B. Golf)","Van","diesel",2015,910,27.075,4.5,8.8,4,1.5165,8.26256,40775000
"2175","Ford","Ford","Grand C-MAX","Untere Mittelklasse (z.B. Golf)","Van","diesel",2016,1561,27.075,4.5,8.8,4,1.5165,8.26256,40959000
"2176","Ford","Ford","Grand C-MAX","Untere Mittelklasse (z.B. Golf)","Van","diesel",2017,1209,27.075,4.5,8.8,4,1.5165,8.26256,41303000
"2177","Ford","Ford","Grand C-MAX","Untere Mittelklasse (z.B. Golf)","Van","gasoline",2012,2037,25.5,6.3,11,4,1.473,8.26256,39708000
"2178","Ford","Ford","Grand C-MAX","Untere Mittelklasse (z.B. Golf)","Van","gasoline",2013,912,25.5,6.3,11,4,1.473,8.26256,39931000
"2179","Ford","Ford","Grand C-MAX","Untere Mittelklasse (z.B. Golf)","Van","gasoline",2014,1022,25.5,6.3,11,4,1.473,8.26256,40224000
"2180","Ford","Ford","Grand C-MAX","Untere Mittelklasse (z.B. Golf)","Van","gasoline",2015,1400,27.625,6.55,11,4,1.49,8.26256,40775000
"2181","Ford","Ford","Grand C-MAX","Untere Mittelklasse (z.B. Golf)","Van","gasoline",2016,1952,27.625,6.55,11,4,1.49,8.26256,40959000
"2182","Ford","Ford","Grand C-MAX","Untere Mittelklasse (z.B. Golf)","Van","gasoline",2017,1965,27.625,6.55,11,4,1.49,8.26256,41303000
"2183","Ford","Ford","Grand C-MAX","Untere Mittelklasse (z.B. Golf)","Van","gasoline",2012,368,25.27,6.4,13.4,4,1.4405,8.1346,39708000
"2184","Ford","Ford","Grand C-MAX","Untere Mittelklasse (z.B. Golf)","Van","gasoline",2013,338,25.27,6.4,13.4,4,1.4405,8.1346,39931000
"2185","Ford","Ford","Grand C-MAX","Untere Mittelklasse (z.B. Golf)","Van","gasoline",2014,279,25.27,6.4,13.4,4,1.4405,8.1346,40224000
"2186","Ford","Ford","Grand C-MAX","Untere Mittelklasse (z.B. Golf)","Van","gasoline",2015,190,25.27,6.4,13.4,4,1.4405,8.1346,40775000
"2187","Ford","Ford","Grand C-MAX","Untere Mittelklasse (z.B. Golf)","Van","gasoline",2016,185,30.75,6.8,13.4,4,1.507,8.26256,40959000
"2188","Ford","Ford","Grand C-MAX","Untere Mittelklasse (z.B. Golf)","Van","gasoline",2017,133,30.75,6.8,13.4,4,1.507,8.26256,41303000
"2189","Ford","Ford","Grand C-MAX","Untere Mittelklasse (z.B. Golf)","Van","gasoline",2013,238,23.385,5.2,7.4,3,1.477,8.26256,39931000
"2190","Ford","Ford","Grand C-MAX","Untere Mittelklasse (z.B. Golf)","Van","gasoline",2014,232,23.385,5.2,7.4,3,1.477,8.26256,40224000
"2191","Ford","Ford","Grand C-MAX","Untere Mittelklasse (z.B. Golf)","Van","gasoline",2015,140,23.385,5.2,7.4,3,1.477,8.26256,40775000
"2192","Ford","Ford","Grand C-MAX","Untere Mittelklasse (z.B. Golf)","Van","gasoline",2016,123,23.45,5.2,7.4,3,1.477,8.26256,40959000
"2193","Ford","Ford","Grand C-MAX","Untere Mittelklasse (z.B. Golf)","Van","gasoline",2017,137,24.225,5.2,7.4,3,1.493,8.26256,41303000
"2194","Ford","Ford","Grand C-MAX","Untere Mittelklasse (z.B. Golf)","Van","gasoline",2012,3569,22.57,6.4,9.2,4,1.4255,8.1346,39708000
"2195","Ford","Ford","Grand C-MAX","Untere Mittelklasse (z.B. Golf)","Van","gasoline",2013,1617,24.385,5.2,9.2,3,1.477,8.26256,39931000
"2196","Ford","Ford","Grand C-MAX","Untere Mittelklasse (z.B. Golf)","Van","gasoline",2014,1316,24.385,5.2,9.2,3,1.477,8.26256,40224000
"2197","Ford","Ford","Grand C-MAX","Untere Mittelklasse (z.B. Golf)","Van","gasoline",2015,1251,24.385,5.2,9.2,3,1.477,8.26256,40775000
"2198","Ford","Ford","Grand C-MAX","Untere Mittelklasse (z.B. Golf)","Van","gasoline",2016,1213,24.45,5.2,9.2,3,1.477,8.26256,40959000
"2199","Ford","Ford","Grand C-MAX","Untere Mittelklasse (z.B. Golf)","Van","gasoline",2017,1345,25.225,5.2,9.2,3,1.493,8.26256,41303000
"2200","Ford","Ford","Ka","Kleinstwagen  (z.B. Twingo)","Schrägheck","diesel",2012,330,11.95,4.1,5.5,4,1.13,6.00196,39708000
"2201","Ford","Ford","Ka","Kleinstwagen  (z.B. Twingo)","Schrägheck","diesel",2013,234,11.95,4.1,5.5,4,1.13,6.00196,39931000
"2202","Ford","Ford","Ka","Kleinstwagen  (z.B. Twingo)","Schrägheck","gasoline",2012,8785,9.31,4.9,5.1,4,1.015,6.00196,39708000
"2203","Ford","Ford","Ka","Kleinstwagen  (z.B. Twingo)","Schrägheck","gasoline",2013,8176,9.31,4.9,5.1,4,1.015,6.00196,39931000
"2204","Ford","Ford","Ka","Kleinstwagen  (z.B. Twingo)","Schrägheck","gasoline",2014,8205,9.31,4.9,5.1,4,1.015,6.00196,40224000
"2205","Ford","Ford","Ka","Kleinstwagen  (z.B. Twingo)","Schrägheck","gasoline",2015,6965,9.31,4.9,5.1,4,1.015,6.00196,40775000
"2206","Ford","Ford","Ka","Kleinstwagen  (z.B. Twingo)","Schrägheck","gasoline",2016,1956,9.31,4.9,5.1,4,1.015,6.00196,40959000
"2207","Ford","Ford","Kuga","Untere Mittelklasse (z.B. Golf)","SUV","diesel",2012,14394,30.75,5.9,10.3,4,1.692,8.315112,39708000
"2208","Ford","Ford","Kuga","Untere Mittelklasse (z.B. Golf)","SUV","diesel",2013,7743,30.75,5.9,10.3,4,1.692,8.315112,39931000
"2209","Ford","Ford","Kuga","Untere Mittelklasse (z.B. Golf)","SUV","diesel",2014,7939,30.75,5.9,10.3,4,1.692,8.315112,40224000
"2210","Ford","Ford","Kuga","Untere Mittelklasse (z.B. Golf)","SUV","diesel",2015,307,28.75,5.3,10.3,4,1.605,8.315112,40775000
"2211","Ford","Ford","Kuga","Untere Mittelklasse (z.B. Golf)","SUV","diesel",2014,689,33.25,5.2,11,4,1.709,8.315112,40224000
"2212","Ford","Ford","Kuga","Untere Mittelklasse (z.B. Golf)","SUV","diesel",2015,10002,33.25,5.2,11,4,1.709,8.315112,40775000
"2213","Ford","Ford","Kuga","Untere Mittelklasse (z.B. Golf)","SUV","diesel",2016,12158,33.65,5.2,11,4,1.709,8.315112,40959000
"2214","Ford","Ford","Kuga","Untere Mittelklasse (z.B. Golf)","SUV","diesel",2017,10685,33.55,5.2,11,4,1.702,8.315112,41303000
"2215","Ford","Ford","Kuga","Untere Mittelklasse (z.B. Golf)","SUV","diesel",2012,5261,31.75,5.9,12,4,1.692,8.315112,39708000
"2216","Ford","Ford","Kuga","Untere Mittelklasse (z.B. Golf)","SUV","diesel",2013,4904,31.75,5.9,12,4,1.692,8.315112,39931000
"2217","Ford","Ford","Kuga","Untere Mittelklasse (z.B. Golf)","SUV","diesel",2014,7020,31.75,5.9,12,4,1.692,8.315112,40224000
"2218","Ford","Ford","Kuga","Untere Mittelklasse (z.B. Golf)","SUV","diesel",2015,151,31.75,5.9,12,4,1.692,8.315112,40775000
"2219","Ford","Ford","Kuga","Untere Mittelklasse (z.B. Golf)","SUV","diesel",2014,1042,34.6,5.2,13.2,4,1.709,8.315112,40224000
"2220","Ford","Ford","Kuga","Untere Mittelklasse (z.B. Golf)","SUV","diesel",2015,6937,34.6,5.2,13.2,4,1.709,8.315112,40775000
"2221","Ford","Ford","Kuga","Untere Mittelklasse (z.B. Golf)","SUV","diesel",2016,7352,35.85,5.2,13.2,4,1.702,8.315112,40959000
"2222","Ford","Ford","Kuga","Untere Mittelklasse (z.B. Golf)","SUV","diesel",2017,7930,35.85,5.2,13.2,4,1.702,8.315112,41303000
"2223","Ford","Ford","Kuga","Untere Mittelklasse (z.B. Golf)","SUV","diesel",2015,990,28.5,4.6,8.8,4,1.614,8.315112,40775000
"2224","Ford","Ford","Kuga","Untere Mittelklasse (z.B. Golf)","SUV","diesel",2016,1220,28.5,4.6,8.8,4,1.614,8.315112,40959000
"2225","Ford","Ford","Kuga","Untere Mittelklasse (z.B. Golf)","SUV","diesel",2017,943,28.25,4.8,8.8,4,1.591,8.315112,41303000
"2226","Ford","Ford","Kuga","Untere Mittelklasse (z.B. Golf)","SUV","gasoline",2013,4813,26.15,6.6,11,4,1.58,8.315112,39931000
"2227","Ford","Ford","Kuga","Untere Mittelklasse (z.B. Golf)","SUV","gasoline",2014,7753,26.15,6.6,11,4,1.58,8.315112,40224000
"2228","Ford","Ford","Kuga","Untere Mittelklasse (z.B. Golf)","SUV","gasoline",2015,8797,27.375,6.2,11,4,1.579,8.315112,40775000
"2229","Ford","Ford","Kuga","Untere Mittelklasse (z.B. Golf)","SUV","gasoline",2016,10255,28.25,6.25,11,4,1.579,8.315112,40959000
"2230","Ford","Ford","Kuga","Untere Mittelklasse (z.B. Golf)","SUV","gasoline",2017,12019,28.65,6.3,11,4,1.579,8.315112,41303000
"2231","Ford","Ford","Kuga","Untere Mittelklasse (z.B. Golf)","SUV","gasoline",2013,1140,31.6,7.7,13.4,4,1.682,8.315112,39931000
"2232","Ford","Ford","Kuga","Untere Mittelklasse (z.B. Golf)","SUV","gasoline",2014,1249,31.6,7.7,13.4,4,1.682,8.315112,40224000
"2233","Ford","Ford","Kuga","Untere Mittelklasse (z.B. Golf)","SUV","gasoline",2015,1334,32.725,7.4,13.4,4,1.686,8.315112,40775000
"2234","Ford","Ford","Kuga","Untere Mittelklasse (z.B. Golf)","SUV","gasoline",2016,1524,33.85,7.5,13.4,4,1.686,8.315112,40959000
"2235","Ford","Ford","Kuga","Untere Mittelklasse (z.B. Golf)","SUV","gasoline",2017,3889,33.85,7.5,13.4,4,1.686,8.315112,41303000
"2236","Ford","Ford","Kuga","Untere Mittelklasse (z.B. Golf)","SUV","gasoline",2012,405,29.5,9.9,14.7,5,1.608,8.184006,39708000
"2237","Ford","Ford","Kuga","Untere Mittelklasse (z.B. Golf)","SUV","gasoline",2017,167,37.85,8.7,17.8,4,1.777,8.315112,41303000
"2238","Ford","Ford","Kuga","Untere Mittelklasse (z.B. Golf)","SUV","gasoline",2016,2141,23.3,6.3,8.8,4,1.579,8.315112,40959000
"2239","Ford","Ford","Kuga","Untere Mittelklasse (z.B. Golf)","SUV","gasoline",2017,2310,23.3,6.95,8.8,4,1.579,8.315112,41303000
"2240","Ford","Ford","Mondeo","Mittelklasse (z.B. BMW 3er-Reihe)","Stufenheck","diesel",2012,9790,32.525,5.3,10.3,4,1.575,9.122582,39708000
"2241","Ford","Ford","Mondeo","Mittelklasse (z.B. BMW 3er-Reihe)","Stufenheck","diesel",2013,6185,32.525,5.3,10.3,4,1.575,9.122582,39931000
"2242","Ford","Ford","Mondeo","Mittelklasse (z.B. BMW 3er-Reihe)","Stufenheck","diesel",2014,4883,32.525,5.3,10.3,4,1.575,9.122582,40224000
"2243","Ford","Ford","Mondeo","Mittelklasse (z.B. BMW 3er-Reihe)","Kombi","diesel",2015,101,32.525,5.3,10.3,4,1.575,9.122582,40775000
"2244","Ford","Ford","Mondeo","Mittelklasse (z.B. BMW 3er-Reihe)","Schrägheck","diesel",2014,523,37.5,4.8,11,4,1.5995,9.013684,40224000
"2245","Ford","Ford","Mondeo","Mittelklasse (z.B. BMW 3er-Reihe)","Schrägheck","diesel",2015,8485,37.5,4.8,11,4,1.5995,9.013684,40775000
"2246","Ford","Ford","Mondeo","Mittelklasse (z.B. BMW 3er-Reihe)","Schrägheck","diesel",2016,7998,37.5,4.8,11,4,1.5995,9.013684,40959000
"2247","Ford","Ford","Mondeo","Mittelklasse (z.B. BMW 3er-Reihe)","Schrägheck","diesel",2017,6712,37.5,4.8,11,4,1.5995,9.013684,41303000
"2248","Ford","Ford","Mondeo","Mittelklasse (z.B. BMW 3er-Reihe)","Schrägheck","diesel",2012,3781,32.05,4.9,12,4,1.575,9.122582,39708000
"2249","Ford","Ford","Mondeo","Mittelklasse (z.B. BMW 3er-Reihe)","Schrägheck","diesel",2013,2908,32.05,4.9,12,4,1.575,9.122582,39931000
"2250","Ford","Ford","Mondeo","Mittelklasse (z.B. BMW 3er-Reihe)","Schrägheck","diesel",2014,3001,32.05,4.9,12,4,1.575,9.122582,40224000
"2251","Ford","Ford","Mondeo","Mittelklasse (z.B. BMW 3er-Reihe)","Schrägheck","diesel",2014,234,34.7,4.5,13.2,4,1.602,9.013684,40224000
"2252","Ford","Ford","Mondeo","Mittelklasse (z.B. BMW 3er-Reihe)","Stufenheck","diesel",2015,5947,34.7,4.5,13.2,4,1.602,9.013684,40775000
"2253","Ford","Ford","Mondeo","Mittelklasse (z.B. BMW 3er-Reihe)","Stufenheck","diesel",2016,5146,34.7,4.5,13.2,4,1.602,9.013684,40959000
"2254","Ford","Ford","Mondeo","Mittelklasse (z.B. BMW 3er-Reihe)","Stufenheck","diesel",2017,4304,34.7,4.5,13.2,4,1.602,9.013684,41303000
"2255","Ford","Ford","Mondeo","Mittelklasse (z.B. BMW 3er-Reihe)","Schrägheck","diesel",2012,1345,34.55,6,14.7,4,1.615,9.122582,39708000
"2256","Ford","Ford","Mondeo","Mittelklasse (z.B. BMW 3er-Reihe)","Schrägheck","diesel",2013,1447,34.55,6,14.7,4,1.615,9.122582,39931000
"2257","Ford","Ford","Mondeo","Mittelklasse (z.B. BMW 3er-Reihe)","Schrägheck","diesel",2014,1033,34.55,6,14.7,4,1.615,9.122582,40224000
"2258","Ford","Ford","Mondeo","Mittelklasse (z.B. BMW 3er-Reihe)","Stufenheck","diesel",2015,530,43.8,5.2,15.5,4,1.619,9.013684,40775000
"2259","Ford","Ford","Mondeo","Mittelklasse (z.B. BMW 3er-Reihe)","Stufenheck","diesel",2016,1304,43.8,5.2,15.5,4,1.619,9.013684,40959000
"2260","Ford","Ford","Mondeo","Mittelklasse (z.B. BMW 3er-Reihe)","Stufenheck","diesel",2017,806,43.8,5.2,15.5,4,1.619,9.013684,41303000
"2261","Ford","Ford","Mondeo","Mittelklasse (z.B. BMW 3er-Reihe)","Schrägheck","diesel",2012,1209,31.2,4.6,8.5,4,1.575,9.122582,39708000
"2262","Ford","Ford","Mondeo","Mittelklasse (z.B. BMW 3er-Reihe)","Schrägheck","diesel",2013,886,31.2,4.3,8.5,4,1.575,9.122582,39931000
"2263","Ford","Ford","Mondeo","Mittelklasse (z.B. BMW 3er-Reihe)","Schrägheck","diesel",2014,610,31.2,4.3,8.5,4,1.575,9.122582,40224000
"2264","Ford","Ford","Mondeo","Mittelklasse (z.B. BMW 3er-Reihe)","Schrägheck","diesel",2015,579,31.2,4.3,8.5,4,1.575,9.122582,40775000
"2265","Ford","Ford","Mondeo","Mittelklasse (z.B. BMW 3er-Reihe)","Schrägheck","diesel",2015,386,32.7,4.1,8.8,4,1.514,9.013684,40775000
"2266","Ford","Ford","Mondeo","Mittelklasse (z.B. BMW 3er-Reihe)","Schrägheck","diesel",2016,649,32.7,4.1,8.8,4,1.514,9.013684,40959000
"2267","Ford","Ford","Mondeo","Mittelklasse (z.B. BMW 3er-Reihe)","Schrägheck","diesel",2017,578,32.7,4.1,8.8,4,1.514,9.013684,41303000
"2268","Ford","Ford","Mondeo","Mittelklasse (z.B. BMW 3er-Reihe)","Schrägheck","gasoline",2012,211,26.64,7.9,10.7,4,1.496,9.122582,39708000
"2269","Ford","Ford","Mondeo","Mittelklasse (z.B. BMW 3er-Reihe)","Schrägheck","gasoline",2012,1567,27.55,6.8,11.8,4,1.501,9.122582,39708000
"2270","Ford","Ford","Mondeo","Mittelklasse (z.B. BMW 3er-Reihe)","Schrägheck","gasoline",2013,1282,27.55,6.8,11.8,4,1.501,9.122582,39931000
"2271","Ford","Ford","Mondeo","Mittelklasse (z.B. BMW 3er-Reihe)","Schrägheck","gasoline",2014,1289,27.55,6.8,11.8,4,1.501,9.122582,40224000
"2272","Ford","Ford","Mondeo","Mittelklasse (z.B. BMW 3er-Reihe)","Schrägheck","gasoline",2015,2562,31.15,5.9,11.8,4,1.504,9.013684,40775000
"2273","Ford","Ford","Mondeo","Mittelklasse (z.B. BMW 3er-Reihe)","Schrägheck","gasoline",2016,1705,31.15,5.9,11.8,4,1.504,9.013684,40959000
"2274","Ford","Ford","Mondeo","Mittelklasse (z.B. BMW 3er-Reihe)","Schrägheck","gasoline",2017,2115,31.15,5.9,11.8,4,1.504,9.013684,41303000
"2275","Ford","Ford","Mondeo","Mittelklasse (z.B. BMW 3er-Reihe)","Schrägheck","gasoline",2012,425,31.45,7.6,14.9,4,1.588,9.122582,39708000
"2276","Ford","Ford","Mondeo","Mittelklasse (z.B. BMW 3er-Reihe)","Schrägheck","gasoline",2013,323,34.625,7.6,14.9,4,1.586,9.068388,39931000
"2277","Ford","Ford","Mondeo","Mittelklasse (z.B. BMW 3er-Reihe)","Schrägheck","gasoline",2014,277,34.625,7.6,14.9,4,1.586,9.068388,40224000
"2278","Ford","Ford","Mondeo","Mittelklasse (z.B. BMW 3er-Reihe)","Schrägheck","gasoline",2015,503,34.625,7.6,14.9,4,1.586,9.068388,40775000
"2279","Ford","Ford","Mondeo","Mittelklasse (z.B. BMW 3er-Reihe)","Stufenheck","gasoline",2016,424,39.8,7.6,14.9,4,1.584,9.013684,40959000
"2280","Ford","Ford","Mondeo","Mittelklasse (z.B. BMW 3er-Reihe)","Schrägheck","gasoline",2017,467,39.8,7.6,14.9,4,1.584,9.013684,41303000
"2281","Ford","Ford","Mondeo","Mittelklasse (z.B. BMW 3er-Reihe)","Schrägheck","gasoline",2012,317,33.7,7.6,17.6,4,1.588,9.122582,39708000
"2282","Ford","Ford","Mondeo","Mittelklasse (z.B. BMW 3er-Reihe)","Schrägheck","gasoline",2013,185,33.7,7.6,17.6,4,1.588,9.122582,39931000
"2283","Ford","Ford","Mondeo","Mittelklasse (z.B. BMW 3er-Reihe)","Schrägheck","gasoline",2014,141,33.7,7.6,17.6,4,1.588,9.122582,40224000
"2284","Ford","Ford","Mondeo","Mittelklasse (z.B. BMW 3er-Reihe)","Schrägheck","gasoline",2015,631,41.8,7.6,17.7,4,1.584,9.013684,40775000
"2285","Ford","Ford","Mondeo","Mittelklasse (z.B. BMW 3er-Reihe)","Stufenheck","gasoline",2016,463,41.8,7.6,17.7,4,1.584,9.013684,40959000
"2286","Ford","Ford","Mondeo","Mittelklasse (z.B. BMW 3er-Reihe)","Stufenheck","gasoline",2017,985,41.8,7.6,17.7,4,1.584,9.013684,41303000
"2287","Ford","Ford","Mondeo","Mittelklasse (z.B. BMW 3er-Reihe)","Schrägheck","gasoline",2012,243,25.8,6.7,8.8,4,1.435,9.122582,39708000
"2288","Ford","Ford","Mondeo","Mittelklasse (z.B. BMW 3er-Reihe)","Schrägheck","gasoline",2013,307,25.8,6.7,8.8,4,1.435,9.122582,39931000
"2289","Ford","Ford","Mondeo","Mittelklasse (z.B. BMW 3er-Reihe)","Schrägheck","gasoline",2014,108,25.8,6.7,8.8,4,1.435,9.122582,40224000
"2290","Ford","Ford","Mustang","Obere Mittelklasse (z.B. E-Klasse)","Coupe","gasoline",2015,424,39.25,8.9,23.3,4,1.654,9.166144,40775000
"2291","Ford","Ford","Mustang","Obere Mittelklasse (z.B. E-Klasse)","Coupe","gasoline",2016,1113,39.25,8.9,23.3,4,1.654,9.166144,40959000
"2292","Ford","Ford","Mustang","Obere Mittelklasse (z.B. E-Klasse)","Coupe","gasoline",2017,1048,39.25,8.9,23.3,4,1.654,9.166144,41303000
"2293","Ford","Ford","Mustang","Obere Mittelklasse (z.B. E-Klasse)","Coupe","gasoline",2015,1176,45.25,12.75,31,8,1.726,9.166144,40775000
"2294","Ford","Ford","Mustang","Obere Mittelklasse (z.B. E-Klasse)","Coupe","gasoline",2016,3941,45.25,12.75,31,8,1.726,9.166144,40959000
"2295","Ford","Ford","Mustang","Obere Mittelklasse (z.B. E-Klasse)","Coupe","gasoline",2017,4625,45.25,12.75,31,8,1.726,9.166144,41303000
"2296","Ford","Ford","S-MAX","Mittelklasse (z.B. BMW 3er-Reihe)","Van","diesel",2012,6705,34.35,5.4,10.3,4,1.69,8.990448,39708000
"2297","Ford","Ford","S-MAX","Mittelklasse (z.B. BMW 3er-Reihe)","Van","diesel",2013,6148,34.35,5.4,10.3,4,1.69,8.990448,39931000
"2298","Ford","Ford","S-MAX","Mittelklasse (z.B. BMW 3er-Reihe)","Van","diesel",2014,6707,34.35,5.4,10.3,4,1.69,8.990448,40224000
"2299","Ford","Ford","S-MAX","Mittelklasse (z.B. BMW 3er-Reihe)","Van","diesel",2015,940,34.35,5.4,10.3,4,1.69,8.990448,40775000
"2300","Ford","Ford","S-MAX","Mittelklasse (z.B. BMW 3er-Reihe)","Van","diesel",2015,2676,35.25,5,11,4,1.725,9.189136,40775000
"2301","Ford","Ford","S-MAX","Mittelklasse (z.B. BMW 3er-Reihe)","Van","diesel",2016,8547,35.25,5,11,4,1.725,9.189136,40959000
"2302","Ford","Ford","S-MAX","Mittelklasse (z.B. BMW 3er-Reihe)","Van","diesel",2017,6931,35.25,5,11,4,1.725,9.189136,41303000
"2303","Ford","Ford","S-MAX","Mittelklasse (z.B. BMW 3er-Reihe)","Van","diesel",2012,5183,35.35,5.4,12,4,1.69,8.990448,39708000
"2304","Ford","Ford","S-MAX","Mittelklasse (z.B. BMW 3er-Reihe)","Van","diesel",2013,4447,35.35,5.4,12,4,1.69,8.990448,39931000
"2305","Ford","Ford","S-MAX","Mittelklasse (z.B. BMW 3er-Reihe)","Van","diesel",2014,5639,35.35,5.4,12,4,1.69,8.990448,40224000
"2306","Ford","Ford","S-MAX","Mittelklasse (z.B. BMW 3er-Reihe)","Van","diesel",2015,986,35.35,5.4,12,4,1.69,8.990448,40775000
"2307","Ford","Ford","S-MAX","Mittelklasse (z.B. BMW 3er-Reihe)","Van","diesel",2015,1981,37.15,5,13.2,4,1.726,9.189136,40775000
"2308","Ford","Ford","S-MAX","Mittelklasse (z.B. BMW 3er-Reihe)","Van","diesel",2016,7966,37.15,5,13.2,4,1.726,9.189136,40959000
"2309","Ford","Ford","S-MAX","Mittelklasse (z.B. BMW 3er-Reihe)","Van","diesel",2017,6623,37.15,5,13.2,4,1.726,9.189136,41303000
"2310","Ford","Ford","S-MAX","Mittelklasse (z.B. BMW 3er-Reihe)","Van","diesel",2012,2780,38.85,6.6,14.7,4,1.734,8.990448,39708000
"2311","Ford","Ford","S-MAX","Mittelklasse (z.B. BMW 3er-Reihe)","Van","diesel",2013,2183,38.85,6.6,14.7,4,1.734,8.990448,39931000
"2312","Ford","Ford","S-MAX","Mittelklasse (z.B. BMW 3er-Reihe)","Van","diesel",2014,1984,38.85,6.6,14.7,4,1.734,8.990448,40224000
"2313","Ford","Ford","S-MAX","Mittelklasse (z.B. BMW 3er-Reihe)","Van","diesel",2015,156,38.85,6.6,14.7,4,1.734,8.990448,40775000
"2314","Ford","Ford","S-MAX","Mittelklasse (z.B. BMW 3er-Reihe)","Van","diesel",2012,675,33.3,5.2,8.5,4,1.69,8.990448,39708000
"2315","Ford","Ford","S-MAX","Mittelklasse (z.B. BMW 3er-Reihe)","Van","diesel",2013,383,33.3,5.2,8.5,4,1.69,8.990448,39931000
"2316","Ford","Ford","S-MAX","Mittelklasse (z.B. BMW 3er-Reihe)","Van","diesel",2014,334,33.3,5.2,8.5,4,1.69,8.990448,40224000
"2317","Ford","Ford","S-MAX","Mittelklasse (z.B. BMW 3er-Reihe)","Van","diesel",2016,170,33.325,5,8.8,4,1.725,9.189136,40959000
"2318","Ford","Ford","S-MAX","Mittelklasse (z.B. BMW 3er-Reihe)","Van","diesel",2017,118,33.325,5,8.8,4,1.725,9.189136,41303000
"2319","Ford","Ford","S-MAX","Mittelklasse (z.B. BMW 3er-Reihe)","Van","gasoline",2012,212,28.19,8.2,10.7,4,1.605,8.990448,39708000
"2320","Ford","Ford","S-MAX","Mittelklasse (z.B. BMW 3er-Reihe)","Van","gasoline",2012,964,31.12,6.8,11.8,4,1.605,8.990448,39708000
"2321","Ford","Ford","S-MAX","Mittelklasse (z.B. BMW 3er-Reihe)","Van","gasoline",2013,813,31.12,6.8,11.8,4,1.605,8.990448,39931000
"2322","Ford","Ford","S-MAX","Mittelklasse (z.B. BMW 3er-Reihe)","Van","gasoline",2014,865,31.12,6.8,11.8,4,1.605,8.990448,40224000
"2323","Ford","Ford","S-MAX","Mittelklasse (z.B. BMW 3er-Reihe)","Van","gasoline",2015,462,33.65,6.5,11.8,4,1.645,9.189136,40775000
"2324","Ford","Ford","S-MAX","Mittelklasse (z.B. BMW 3er-Reihe)","Van","gasoline",2016,1764,33.65,6.5,11.8,4,1.645,9.189136,40959000
"2325","Ford","Ford","S-MAX","Mittelklasse (z.B. BMW 3er-Reihe)","Van","gasoline",2017,2226,33.65,6.5,11.8,4,1.645,9.189136,41303000
"2326","Ford","Ford","S-MAX","Mittelklasse (z.B. BMW 3er-Reihe)","Van","gasoline",2012,598,35.9,8.1,14.9,4,1.676,8.990448,39708000
"2327","Ford","Ford","S-MAX","Mittelklasse (z.B. BMW 3er-Reihe)","Van","gasoline",2013,379,35.9,8.1,14.9,4,1.676,8.990448,39931000
"2328","Ford","Ford","S-MAX","Mittelklasse (z.B. BMW 3er-Reihe)","Van","gasoline",2014,313,35.9,8.1,14.9,4,1.676,8.990448,40224000
"2329","Ford","Ford","S-MAX","Mittelklasse (z.B. BMW 3er-Reihe)","Van","gasoline",2012,311,38.15,8.1,17.6,4,1.676,8.990448,39708000
"2330","Ford","Ford","S-MAX","Mittelklasse (z.B. BMW 3er-Reihe)","Van","gasoline",2013,235,38.15,8.1,17.6,4,1.676,8.990448,39931000
"2331","Ford","Ford","S-MAX","Mittelklasse (z.B. BMW 3er-Reihe)","Van","gasoline",2014,187,38.15,8.1,17.6,4,1.676,8.990448,40224000
"2332","Ford","Ford","S-MAX","Mittelklasse (z.B. BMW 3er-Reihe)","Van","gasoline",2015,319,37.65,7.9,17.7,4,1.704,9.189136,40775000
"2333","Ford","Ford","S-MAX","Mittelklasse (z.B. BMW 3er-Reihe)","Van","gasoline",2016,808,37.65,7.9,17.7,4,1.704,9.189136,40959000
"2334","Ford","Ford","S-MAX","Mittelklasse (z.B. BMW 3er-Reihe)","Van","gasoline",2017,1807,38.125,7.9,17.7,4,1.704,9.189136,41303000
"2335","Ford","Ford","Tourneo Connect","Untere Mittelklasse (z.B. Golf)","Hochdach-Kombi","diesel",2015,388,26.886,4.7,7.4,4,1.529,8.47403,40775000
"2336","Ford","Ford","Tourneo Connect","Untere Mittelklasse (z.B. Golf)","Hochdach-Kombi","diesel",2016,1194,26.886,4.7,7.4,4,1.529,8.47403,40959000
"2337","Ford","Ford","Tourneo Connect","Untere Mittelklasse (z.B. Golf)","Hochdach-Kombi","diesel",2017,1087,26.886,4.7,7.4,4,1.529,8.47403,41303000
"2338","Ford","Ford","Tourneo Connect","Untere Mittelklasse (z.B. Golf)","Hochdach-Kombi","diesel",2014,1190,25.418,4.9,8.5,4,1.552,8.10703,40224000
"2339","Ford","Ford","Tourneo Connect","Untere Mittelklasse (z.B. Golf)","Hochdach-Kombi","diesel",2015,1555,25.418,4.9,8.5,4,1.552,8.10703,40775000
"2340","Ford","Ford","Tourneo Connect","Untere Mittelklasse (z.B. Golf)","Hochdach-Kombi","diesel",2015,1185,27.702,4.4,8.8,4,1.543,8.10703,40775000
"2341","Ford","Ford","Tourneo Connect","Untere Mittelklasse (z.B. Golf)","Hochdach-Kombi","diesel",2016,3871,27.702,4.4,8.8,4,1.543,8.10703,40959000
"2342","Ford","Ford","Tourneo Connect","Untere Mittelklasse (z.B. Golf)","Hochdach-Kombi","diesel",2017,3863,27.702,4.4,8.8,4,1.543,8.10703,41303000
"2343","Ford","Ford","Tourneo Connect","Untere Mittelklasse (z.B. Golf)","Hochdach-Kombi","gasoline",2014,361,25.653,8,11,4,1.553,8.10703,40224000
"2344","Ford","Ford","Tourneo Connect","Untere Mittelklasse (z.B. Golf)","Hochdach-Kombi","gasoline",2015,555,25.653,8,11,4,1.553,8.10703,40775000
"2345","Ford","Ford","Tourneo Connect","Untere Mittelklasse (z.B. Golf)","Hochdach-Kombi","gasoline",2014,762,21.888,5.6,7.4,3,1.474,8.10703,40224000
"2346","Ford","Ford","Tourneo Connect","Untere Mittelklasse (z.B. Golf)","Hochdach-Kombi","gasoline",2015,862,21.888,5.6,7.4,3,1.474,8.10703,40775000
"2347","Ford","Ford","Tourneo Connect","Untere Mittelklasse (z.B. Golf)","Hochdach-Kombi","gasoline",2016,781,19.178,5.6,7.4,3,1.474,8.10703,40959000
"2348","Ford","Ford","Tourneo Connect","Untere Mittelklasse (z.B. Golf)","Hochdach-Kombi","gasoline",2017,1039,19.178,5.6,7.4,3,1.474,8.10703,41303000
"2349","Ford","Ford","Tourneo Courier","Kleinwagen (z.B. Polo)","Hochdach-Kombi","diesel",2015,286,18.659,3.95,5.5,4,1.26,8.214232,40775000
"2350","Ford","Ford","Tourneo Courier","Kleinwagen (z.B. Polo)","Hochdach-Kombi","diesel",2016,227,18.659,3.95,5.5,4,1.26,8.214232,40959000
"2351","Ford","Ford","Tourneo Courier","Kleinwagen (z.B. Polo)","Hochdach-Kombi","diesel",2014,235,19.459,3.9,7,4,1.26,8.214232,40224000
"2352","Ford","Ford","Tourneo Courier","Kleinwagen (z.B. Polo)","Hochdach-Kombi","diesel",2015,396,19.459,3.9,7,4,1.26,8.214232,40775000
"2353","Ford","Ford","Tourneo Courier","Kleinwagen (z.B. Polo)","Hochdach-Kombi","gasoline",2014,1198,17.103,5.25,7.4,3,1.26,8.214232,40224000
"2354","Ford","Ford","Tourneo Courier","Kleinwagen (z.B. Polo)","Hochdach-Kombi","gasoline",2015,2360,17.103,5.25,7.4,3,1.26,8.214232,40775000
"2355","Ford","Ford","Tourneo Courier","Kleinwagen (z.B. Polo)","Hochdach-Kombi","gasoline",2016,2803,17.103,5.25,7.4,3,1.26,8.214232,40959000
"2356","Ford","Ford","Transit Connect Kombi","Untere Mittelklasse (z.B. Golf)","Hochdach-Kombi","diesel",2014,875,21.838,5,7,4,1.533,8.10703,40224000
"2357","Ford","Ford","Transit Connect Kombi","Untere Mittelklasse (z.B. Golf)","Hochdach-Kombi","diesel",2015,1169,21.838,5,7,4,1.533,8.10703,40775000
"2358","Ford","Ford","Transit Courier Kombi","Kleinwagen (z.B. Polo)","Hochdach-Kombi","diesel",2017,225,18.854,4.1,5.5,4,1.26,8.214232,41303000
"2359","Ford","Ford","Transit Courier Kombi","Kleinwagen (z.B. Polo)","Hochdach-Kombi","gasoline",2017,3263,17.218,5.4,7.4,3,1.26,8.214232,41303000
"2360","Honda","Honda","Accord","Mittelklasse (z.B. BMW 3er-Reihe)","Stufenheck","diesel",2012,230,31.09,5.5,11,4,1.703,8.74,39708000
"2361","Honda","Honda","Accord","Mittelklasse (z.B. BMW 3er-Reihe)","Stufenheck","diesel",2013,220,29.79,5.3,11,4,1.632,8.694,39931000
"2362","Honda","Honda","Accord","Mittelklasse (z.B. BMW 3er-Reihe)","Stufenheck","diesel",2014,213,31.09,5.5,11,4,1.703,8.74,40224000
"2363","Honda","Honda","Accord","Mittelklasse (z.B. BMW 3er-Reihe)","Stufenheck","diesel",2012,149,38.13,5.7,13.2,4,1.715,8.74,39708000
"2364","Honda","Honda","Accord","Mittelklasse (z.B. BMW 3er-Reihe)","Stufenheck","gasoline",2012,1230,28.29,7.3,11.5,4,1.501,8.694,39708000
"2365","Honda","Honda","Accord","Mittelklasse (z.B. BMW 3er-Reihe)","Stufenheck","gasoline",2013,543,28.89,7,11.5,4,1.501,8.694,39931000
"2366","Honda","Honda","Accord","Mittelklasse (z.B. BMW 3er-Reihe)","Stufenheck","gasoline",2014,948,28.89,7,11.5,4,1.501,8.694,40224000
"2367","Honda","Honda","Accord","Mittelklasse (z.B. BMW 3er-Reihe)","Stufenheck","gasoline",2015,663,28.89,7,11.5,4,1.501,8.694,40775000
"2368","Honda","Honda","Accord","Mittelklasse (z.B. BMW 3er-Reihe)","Stufenheck","gasoline",2012,116,34.45,8.6,14.8,4,1.57,8.694,39708000
"2369","Honda","Honda","CR-V","Mittelklasse (z.B. BMW 3er-Reihe)","SUV","diesel",2012,3368,34.04,6.55,11,4,1.7545,8.3174,39708000
"2370","Honda","Honda","CR-V","Mittelklasse (z.B. BMW 3er-Reihe)","SUV","diesel",2013,3172,34.04,6.55,11,4,1.7545,8.3174,39931000
"2371","Honda","Honda","CR-V","Mittelklasse (z.B. BMW 3er-Reihe)","SUV","diesel",2014,2275,34.53,6.2,11,4,1.7565,8.3174,40224000
"2372","Honda","Honda","CR-V","Mittelklasse (z.B. BMW 3er-Reihe)","SUV","diesel",2015,569,34.53,6.2,11,4,1.7565,8.3174,40775000
"2373","Honda","Honda","CR-V","Mittelklasse (z.B. BMW 3er-Reihe)","SUV","diesel",2015,2362,39.14,5.1,11.8,4,1.714,8.3811,40775000
"2374","Honda","Honda","CR-V","Mittelklasse (z.B. BMW 3er-Reihe)","SUV","diesel",2016,2751,39.14,5.1,11.8,4,1.714,8.3811,40959000
"2375","Honda","Honda","CR-V","Mittelklasse (z.B. BMW 3er-Reihe)","SUV","diesel",2017,1634,39.14,5.1,11.8,4,1.714,8.3811,41303000
"2376","Honda","Honda","CR-V","Mittelklasse (z.B. BMW 3er-Reihe)","SUV","diesel",2013,551,28.745,4.5,8.8,4,1.611,8.3174,39931000
"2377","Honda","Honda","CR-V","Mittelklasse (z.B. BMW 3er-Reihe)","SUV","diesel",2014,2332,30.39,4.5,8.8,4,1.615,8.3811,40224000
"2378","Honda","Honda","CR-V","Mittelklasse (z.B. BMW 3er-Reihe)","SUV","diesel",2015,1658,30.39,4.5,8.8,4,1.615,8.3811,40775000
"2379","Honda","Honda","CR-V","Mittelklasse (z.B. BMW 3er-Reihe)","SUV","diesel",2016,1060,30.39,4.5,8.8,4,1.615,8.3811,40959000
"2380","Honda","Honda","CR-V","Mittelklasse (z.B. BMW 3er-Reihe)","SUV","diesel",2017,670,32.215,4.45,8.8,4,1.615,8.3811,41303000
"2381","Honda","Honda","CR-V","Mittelklasse (z.B. BMW 3er-Reihe)","SUV","gasoline",2012,3217,29.75,8.3,11,4,1.5875,8.3174,39708000
"2382","Honda","Honda","CR-V","Mittelklasse (z.B. BMW 3er-Reihe)","SUV","gasoline",2012,324,28.89,7.5,11.4,4,1.588,8.3174,39708000
"2383","Honda","Honda","CR-V","Mittelklasse (z.B. BMW 3er-Reihe)","SUV","gasoline",2013,3291,28.89,7.5,11.4,4,1.588,8.3174,39931000
"2384","Honda","Honda","CR-V","Mittelklasse (z.B. BMW 3er-Reihe)","SUV","gasoline",2014,3384,29.48,7.5,11.4,4,1.592,8.3811,40224000
"2385","Honda","Honda","CR-V","Mittelklasse (z.B. BMW 3er-Reihe)","SUV","gasoline",2015,2805,29.48,7.5,11.4,4,1.592,8.3811,40775000
"2386","Honda","Honda","CR-V","Mittelklasse (z.B. BMW 3er-Reihe)","SUV","gasoline",2016,2169,29.48,7.5,11.4,4,1.592,8.3811,40959000
"2387","Honda","Honda","CR-V","Mittelklasse (z.B. BMW 3er-Reihe)","SUV","gasoline",2017,2962,32.09,7.5,11.4,4,1.592,8.3811,41303000
"2388","Honda","Honda","CR-Z Hybrid","Untere Mittelklasse (z.B. Golf)","Coupe","gasoline",2012,390,21.99,5,8.4,4,1.159,7.0905,39708000
"2389","Honda","Honda","Civic","Untere Mittelklasse (z.B. Golf)","Schrägheck","diesel",2012,1117,24.3,4.2,11,4,1.498,7.611,39708000
"2390","Honda","Honda","Civic","Untere Mittelklasse (z.B. Golf)","Schrägheck","diesel",2013,424,24.3,4.2,11,4,1.498,7.611,39931000
"2391","Honda","Honda","Civic","Untere Mittelklasse (z.B. Golf)","Schrägheck","diesel",2013,707,26.18,3.7,8.8,4,1.44,7.611,39931000
"2392","Honda","Honda","Civic","Untere Mittelklasse (z.B. Golf)","Schrägheck","diesel",2014,1860,23.06,3.8,8.8,4,1.412,8.1243,40224000
"2393","Honda","Honda","Civic","Untere Mittelklasse (z.B. Golf)","Schrägheck","diesel",2015,1462,23.06,3.8,8.8,4,1.412,8.1243,40775000
"2394","Honda","Honda","Civic","Untere Mittelklasse (z.B. Golf)","Schrägheck","diesel",2016,1389,25.71,3.7,8.8,4,1.378,7.7349,40959000
"2395","Honda","Honda","Civic","Untere Mittelklasse (z.B. Golf)","Schrägheck","diesel",2017,462,25.71,3.7,8.8,4,1.378,7.7349,41303000
"2396","Honda","Honda","Civic","Untere Mittelklasse (z.B. Golf)","Schrägheck","gasoline",2012,2848,21.85,6.2,10.4,4,1.3795,7.611,39708000
"2397","Honda","Honda","Civic","Untere Mittelklasse (z.B. Golf)","Stufenheck","gasoline",2013,3139,21.85,6.2,10.4,4,1.3795,7.611,39931000
"2398","Honda","Honda","Civic","Untere Mittelklasse (z.B. Golf)","Stufenheck","gasoline",2014,3677,25.75,6.2,10.4,4,1.336,7.7349,40224000
"2399","Honda","Honda","Civic","Untere Mittelklasse (z.B. Golf)","Stufenheck","gasoline",2015,3967,25.75,6.2,10.4,4,1.336,7.7349,40775000
"2400","Honda","Honda","Civic","Untere Mittelklasse (z.B. Golf)","Stufenheck","gasoline",2016,3214,25.75,6.2,10.4,4,1.336,7.7349,40959000
"2401","Honda","Honda","Civic","Untere Mittelklasse (z.B. Golf)","Schrägheck","gasoline",2017,1040,27.74,6.45,10.4,4,1.3715,8.1243,41303000
"2402","Honda","Honda","Civic","Untere Mittelklasse (z.B. Golf)","Stufenheck","gasoline",2017,2105,28.99,5.8,13.4,4,1.307,8.127882,41303000
"2403","Honda","Honda","Civic","Untere Mittelklasse (z.B. Golf)","Schrägheck","gasoline",2015,228,37.85,7.3,22.8,4,1.453,8.24442,40775000
"2404","Honda","Honda","Civic","Untere Mittelklasse (z.B. Golf)","Schrägheck","gasoline",2016,1029,37.85,7.3,22.8,4,1.453,8.24442,40959000
"2405","Honda","Honda","Civic","Untere Mittelklasse (z.B. Golf)","Schrägheck","gasoline",2017,139,37.85,7.3,22.8,4,1.453,8.24442,41303000
"2406","Honda","Honda","Civic","Untere Mittelklasse (z.B. Golf)","Schrägheck","gasoline",2017,483,37.04,7.75,23.5,4,1.38,8.553489,41303000
"2407","Honda","Honda","Civic","Untere Mittelklasse (z.B. Golf)","Schrägheck","gasoline",2012,1855,19.295,5.5,7.3,4,1.3,7.611,39708000
"2408","Honda","Honda","Civic","Untere Mittelklasse (z.B. Golf)","Schrägheck","gasoline",2013,2037,18.4,5.4,7.3,4,1.3,7.611,39931000
"2409","Honda","Honda","Civic","Untere Mittelklasse (z.B. Golf)","Schrägheck","gasoline",2014,843,19,5.4,7.3,4,1.3,7.611,40224000
"2410","Honda","Honda","Civic","Untere Mittelklasse (z.B. Golf)","Schrägheck","gasoline",2015,1192,19,5.4,7.3,4,1.3,7.611,40775000
"2411","Honda","Honda","Civic","Untere Mittelklasse (z.B. Golf)","Schrägheck","gasoline",2016,1677,19,5.4,7.3,4,1.3,7.611,40959000
"2412","Honda","Honda","Civic","Untere Mittelklasse (z.B. Golf)","Schrägheck","gasoline",2017,285,21.59,5.9,7.3,4,1.2585,7.62195,41303000
"2413","Honda","Honda","Civic","Untere Mittelklasse (z.B. Golf)","Schrägheck","gasoline",2017,1188,21.29,4.8,9.5,3,1.239,8.127882,41303000
"2414","Honda","Honda","HR-V","Kleinwagen (z.B. Polo)","SUV","diesel",2015,441,25.84,4,8.8,4,1.395,7.608968,40775000
"2415","Honda","Honda","HR-V","Kleinwagen (z.B. Polo)","SUV","diesel",2016,1852,25.84,4,8.8,4,1.395,7.608968,40959000
"2416","Honda","Honda","HR-V","Kleinwagen (z.B. Polo)","SUV","diesel",2017,749,25.84,4,8.8,4,1.395,7.608968,41303000
"2417","Honda","Honda","HR-V","Kleinwagen (z.B. Polo)","SUV","gasoline",2015,903,24.44,5.6,9.6,4,1.312,7.608968,40775000
"2418","Honda","Honda","HR-V","Kleinwagen (z.B. Polo)","SUV","gasoline",2016,4586,24.44,5.6,9.6,4,1.312,7.608968,40959000
"2419","Honda","Honda","HR-V","Kleinwagen (z.B. Polo)","SUV","gasoline",2017,4026,25.44,5.6,9.6,4,1.2805,7.644408,41303000
"2420","Honda","Honda","Insight","Untere Mittelklasse (z.B. Golf)","Schrägheck","gasoline",2012,255,21.99,4.3,6.5,4,1.276,7.449525,39708000
"2421","Honda","Honda","Jazz","Kleinwagen (z.B. Polo)","Schrägheck","gasoline",2012,591,21.59,4.5,6.5,4,1.234,6.6105,39708000
"2422","Honda","Honda","Jazz","Kleinwagen (z.B. Polo)","Schrägheck","gasoline",2013,164,21.59,4.5,6.5,4,1.234,6.6105,39931000
"2423","Honda","Honda","Jazz","Kleinwagen (z.B. Polo)","Schrägheck","gasoline",2014,456,21.59,4.5,6.5,4,1.234,6.6105,40224000
"2424","Honda","Honda","Jazz","Kleinwagen (z.B. Polo)","Schrägheck","gasoline",2015,177,21.59,4.5,6.5,4,1.234,6.6105,40775000
"2425","Honda","Honda","Jazz","Kleinwagen (z.B. Polo)","Schrägheck","gasoline",2012,6041,12.99,5.3,6.6,4,1.119,6.6105,39708000
"2426","Honda","Honda","Jazz","Kleinwagen (z.B. Polo)","Schrägheck","gasoline",2013,4658,12.99,5.3,6.6,4,1.119,6.6105,39931000
"2427","Honda","Honda","Jazz","Kleinwagen (z.B. Polo)","Schrägheck","gasoline",2014,3574,12.99,5.3,6.6,4,1.119,6.6105,40224000
"2428","Honda","Honda","Jazz","Kleinwagen (z.B. Polo)","Schrägheck","gasoline",2015,986,12.55,5.3,6.6,4,1.1205,6.6105,40775000
"2429","Honda","Honda","Jazz","Kleinwagen (z.B. Polo)","Schrägheck","gasoline",2012,4506,15.29,5.5,7.3,4,1.123,6.6105,39708000
"2430","Honda","Honda","Jazz","Kleinwagen (z.B. Polo)","Schrägheck","gasoline",2013,3693,15.29,5.5,7.3,4,1.123,6.6105,39931000
"2431","Honda","Honda","Jazz","Kleinwagen (z.B. Polo)","Schrägheck","gasoline",2014,2705,15.29,5.5,7.3,4,1.123,6.6105,40224000
"2432","Honda","Honda","Jazz","Kleinwagen (z.B. Polo)","Schrägheck","gasoline",2015,2042,15.29,5.5,7.3,4,1.123,6.6105,40775000
"2433","Honda","Honda","Jazz","Kleinwagen (z.B. Polo)","Schrägheck","gasoline",2015,1468,18.59,4.95,7.5,4,1.151,6.76753,40775000
"2434","Honda","Honda","Jazz","Kleinwagen (z.B. Polo)","Schrägheck","gasoline",2016,5522,18.59,4.95,7.5,4,1.151,6.76753,40959000
"2435","Honda","Honda","Jazz","Kleinwagen (z.B. Polo)","Schrägheck","gasoline",2017,4331,18.915,5,7.5,4,1.102,6.823432,41303000
"2436","Hyundai","Hyundai","Genesis","Mittelklasse (z.B. BMW 3er-Reihe)","Coupe","gasoline",2012,153,29.99,9.5,15.7,4,1.57,8.63495,39708000
"2437","Hyundai","Hyundai","Genesis","Mittelklasse (z.B. BMW 3er-Reihe)","Coupe","gasoline",2012,204,36.965,9.9,22.3,6,1.615,8.63495,39708000
"2438","Hyundai","Hyundai","Kona","Kleinwagen (z.B. Polo)","SUV","gasoline",2017,341,25.3,6.7,13,4,1.401,7.497,41303000
"2439","Hyundai","Hyundai","Kona","Kleinwagen (z.B. Polo)","SUV","gasoline",2017,796,17.615,5.45,8.8,3,1.2655,7.497,41303000
"2440","Hyundai","Hyundai","Santa Fe","Obere Mittelklasse (z.B. E-Klasse)","SUV","diesel",2012,1806,38.43,7,14.5,4,1.928,8.8074,39708000
"2441","Hyundai","Hyundai","Santa Fe","Obere Mittelklasse (z.B. E-Klasse)","SUV","diesel",2013,1990,45.38,6.8,14.5,4,1.882,8.8172,39931000
"2442","Hyundai","Hyundai","Santa Fe","Obere Mittelklasse (z.B. E-Klasse)","SUV","diesel",2014,2620,45.38,6.8,14.5,4,1.882,8.8172,40224000
"2443","Hyundai","Hyundai","Santa Fe","Obere Mittelklasse (z.B. E-Klasse)","SUV","diesel",2015,2593,45.38,6.8,14.5,4,1.882,8.8172,40775000
"2444","Hyundai","Hyundai","Santa Fe","Obere Mittelklasse (z.B. E-Klasse)","SUV","diesel",2016,413,45.38,6.8,14.5,4,1.882,8.8172,40959000
"2445","Hyundai","Hyundai","Santa Fe","Mittelklasse (z.B. BMW 3er-Reihe)","SUV","diesel",2015,140,43.44,6,14.7,4,1.907,8.836,40775000
"2446","Hyundai","Hyundai","Santa Fe","Mittelklasse (z.B. BMW 3er-Reihe)","SUV","diesel",2016,3226,43.44,6,14.7,4,1.907,8.836,40959000
"2447","Hyundai","Hyundai","Santa Fe","Mittelklasse (z.B. BMW 3er-Reihe)","SUV","diesel",2017,2690,43.44,6,14.7,4,1.907,8.836,41303000
"2448","Hyundai","Hyundai","Santa Fe","Mittelklasse (z.B. BMW 3er-Reihe)","SUV","gasoline",2017,130,31.94,9.4,13.8,4,1.708,8.836,41303000
"2449","Hyundai","Hyundai","Tucson","Untere Mittelklasse (z.B. Golf)","SUV","diesel",2015,630,33.64,5.2,10,4,1.662,8.27875,40775000
"2450","Hyundai","Hyundai","Tucson","Untere Mittelklasse (z.B. Golf)","SUV","diesel",2016,2283,33.64,5.2,10,4,1.662,8.27875,40959000
"2451","Hyundai","Hyundai","Tucson","Untere Mittelklasse (z.B. Golf)","SUV","diesel",2017,1453,33.64,5.2,10,4,1.662,8.27875,41303000
"2452","Hyundai","Hyundai","Tucson","Untere Mittelklasse (z.B. Golf)","SUV","diesel",2016,2124,30.59,4.9,10.4,4,1.47,8.27875,40959000
"2453","Hyundai","Hyundai","Tucson","Untere Mittelklasse (z.B. Golf)","SUV","diesel",2017,2559,30.59,4.9,10.4,4,1.47,8.27875,41303000
"2454","Hyundai","Hyundai","Tucson","Untere Mittelklasse (z.B. Golf)","SUV","diesel",2015,1992,39.465,6.2,13.6,4,1.676,8.27875,40775000
"2455","Hyundai","Hyundai","Tucson","Untere Mittelklasse (z.B. Golf)","SUV","diesel",2016,4552,39.465,6.2,13.6,4,1.676,8.27875,40959000
"2456","Hyundai","Hyundai","Tucson","Untere Mittelklasse (z.B. Golf)","SUV","diesel",2017,2044,39.465,6.2,13.6,4,1.676,8.27875,41303000
"2457","Hyundai","Hyundai","Tucson","Untere Mittelklasse (z.B. Golf)","SUV","diesel",2015,1320,27.79,4.6,8.5,4,1.5,8.27875,40775000
"2458","Hyundai","Hyundai","Tucson","Untere Mittelklasse (z.B. Golf)","SUV","diesel",2016,2926,27.79,4.6,8.5,4,1.5,8.27875,40959000
"2459","Hyundai","Hyundai","Tucson","Untere Mittelklasse (z.B. Golf)","SUV","diesel",2017,879,27.79,4.6,8.5,4,1.5,8.27875,41303000
"2460","Hyundai","Hyundai","Tucson","Untere Mittelklasse (z.B. Golf)","SUV","gasoline",2015,1745,34.605,7.55,13,4,1.596,8.27875,40775000
"2461","Hyundai","Hyundai","Tucson","Untere Mittelklasse (z.B. Golf)","SUV","gasoline",2016,7643,34.605,7.55,13,4,1.596,8.27875,40959000
"2462","Hyundai","Hyundai","Tucson","Untere Mittelklasse (z.B. Golf)","SUV","gasoline",2017,9547,30.89,7.3,13,4,1.545,8.27875,41303000
"2463","Hyundai","Hyundai","Tucson","Untere Mittelklasse (z.B. Golf)","SUV","gasoline",2015,1101,26.415,6.3,9.7,4,1.454,8.27875,40775000
"2464","Hyundai","Hyundai","Tucson","Untere Mittelklasse (z.B. Golf)","SUV","gasoline",2016,5975,26.415,6.3,9.7,4,1.454,8.27875,40959000
"2465","Hyundai","Hyundai","Tucson","Untere Mittelklasse (z.B. Golf)","SUV","gasoline",2017,7149,26.245,6.75,9.7,4,1.4715,8.283375,41303000
"2466","Hyundai","Hyundai","Veloster","Untere Mittelklasse (z.B. Golf)","Coupe","gasoline",2012,1533,22.94,6.4,10.3,4,1.26,7.5538,39708000
"2467","Hyundai","Hyundai","Veloster","Untere Mittelklasse (z.B. Golf)","Coupe","gasoline",2013,125,22.94,6.4,10.3,4,1.26,7.5538,39931000
"2468","Hyundai","Hyundai","Veloster","Untere Mittelklasse (z.B. Golf)","Coupe","gasoline",2013,141,26.71,7.3,13.7,4,1.35,7.67125,39931000
"2469","Hyundai","Hyundai","Veloster","Untere Mittelklasse (z.B. Golf)","Coupe","gasoline",2014,147,26.91,7,13.7,4,1.3315,7.67125,40224000
"2470","Hyundai","Hyundai","Veloster","Untere Mittelklasse (z.B. Golf)","Coupe","gasoline",2015,135,26.91,7,13.7,4,1.3315,7.67125,40775000
"2471","Hyundai","Hyundai","Veloster","Untere Mittelklasse (z.B. Golf)","Coupe","gasoline",2017,115,27.29,7,13.7,4,1.3165,7.67125,41303000
"2472","Hyundai","Hyundai","i10","Kleinstwagen  (z.B. Twingo)","Schrägheck","gasoline",2013,213,9.95,4.7,4.9,3,1.008,6.0839,39931000
"2473","Hyundai","Hyundai","i10","Kleinstwagen  (z.B. Twingo)","Schrägheck","gasoline",2014,10765,9.95,4.7,4.9,3,1.008,6.0839,40224000
"2474","Hyundai","Hyundai","i10","Kleinstwagen  (z.B. Twingo)","Schrägheck","gasoline",2015,13722,9.95,4.7,4.9,3,1.008,6.0839,40775000
"2475","Hyundai","Hyundai","i10","Kleinstwagen  (z.B. Twingo)","Schrägheck","gasoline",2016,12345,9.95,4.7,4.9,3,1.008,6.0839,40959000
"2476","Hyundai","Hyundai","i10","Kleinstwagen  (z.B. Twingo)","Schrägheck","gasoline",2017,13577,9.95,4.7,4.9,3,1.008,6.0839,41303000
"2477","Hyundai","Hyundai","i10","Kleinstwagen  (z.B. Twingo)","Schrägheck","gasoline",2012,13494,8.74,4.7,5.1,4,0.98,5.718075,39708000
"2478","Hyundai","Hyundai","i10","Kleinstwagen  (z.B. Twingo)","Schrägheck","gasoline",2013,14205,8.74,4.7,5.1,4,0.98,5.718075,39931000
"2479","Hyundai","Hyundai","i10","Kleinstwagen (z.B. Twingo)","Schrägheck","gasoline",2012,495,12.935,5.05,6.3,4,1,5.718075,39708000
"2480","Hyundai","Hyundai","i10","Kleinstwagen (z.B. Twingo)","Schrägheck","gasoline",2013,241,12.935,5.05,6.3,4,1,5.718075,39931000
"2481","Hyundai","Hyundai","i10","Kleinstwagen  (z.B. Twingo)","Schrägheck","gasoline",2013,704,13.13,4.9,6.4,4,1.016,6.0839,39931000
"2482","Hyundai","Hyundai","i10","Kleinstwagen  (z.B. Twingo)","Schrägheck","gasoline",2014,8226,13.13,4.9,6.4,4,1.016,6.0839,40224000
"2483","Hyundai","Hyundai","i10","Kleinstwagen  (z.B. Twingo)","Schrägheck","gasoline",2015,8688,13.13,4.9,6.4,4,1.016,6.0839,40775000
"2484","Hyundai","Hyundai","i10","Kleinstwagen  (z.B. Twingo)","Schrägheck","gasoline",2016,9259,13.29,4.9,6.4,4,1.016,6.0839,40959000
"2485","Hyundai","Hyundai","i10","Kleinstwagen  (z.B. Twingo)","Schrägheck","gasoline",2017,7961,13.68,4.9,6.4,4,1.016,6.0839,41303000
"2486","Hyundai","Hyundai","i20","Kleinwagen (z.B. Polo)","Schrägheck","diesel",2012,297,12.69,3.2,5.5,3,1.155,6.83145,39708000
"2487","Hyundai","Hyundai","i20","Kleinwagen (z.B. Polo)","Schrägheck","diesel",2013,1698,15.95,3.6,5.5,3,1.15,6.83145,39931000
"2488","Hyundai","Hyundai","i20","Kleinwagen (z.B. Polo)","Schrägheck","diesel",2014,784,15.95,3.6,5.5,3,1.15,6.83145,40224000
"2489","Hyundai","Hyundai","i20","Kleinwagen (z.B. Polo)","Schrägheck","diesel",2015,1239,17.7,3.7,5.5,3,1.165,6.99669,40775000
"2490","Hyundai","Hyundai","i20","Kleinwagen (z.B. Polo)","Schrägheck","diesel",2016,960,17.7,3.7,5.5,3,1.165,6.99669,40959000
"2491","Hyundai","Hyundai","i20","Kleinwagen (z.B. Polo)","Schrägheck","diesel",2017,227,17.7,3.7,5.5,3,1.165,6.99669,41303000
"2492","Hyundai","Hyundai","i20","Kleinwagen (z.B. Polo)","Schrägheck","diesel",2014,144,18.45,3.9,6.6,4,1.24,6.99669,40224000
"2493","Hyundai","Hyundai","i20","Kleinwagen (z.B. Polo)","Schrägheck","diesel",2015,778,19.475,4.1,6.6,4,1.24,7.00536,40775000
"2494","Hyundai","Hyundai","i20","Kleinwagen (z.B. Polo)","Schrägheck","diesel",2016,570,19.475,4.1,6.6,4,1.24,7.00536,40959000
"2495","Hyundai","Hyundai","i20","Kleinwagen (z.B. Polo)","Schrägheck","diesel",2017,324,19.475,4.1,6.6,4,1.24,7.00536,41303000
"2496","Hyundai","Hyundai","i20","Kleinwagen (z.B. Polo)","Schrägheck","gasoline",2015,1547,12.4,5.1,5.5,4,1.055,6.99669,40775000
"2497","Hyundai","Hyundai","i20","Kleinwagen (z.B. Polo)","Schrägheck","gasoline",2016,5853,12.4,5.1,5.5,4,1.055,6.99669,40959000
"2498","Hyundai","Hyundai","i20","Kleinwagen (z.B. Polo)","Schrägheck","gasoline",2017,8187,12.65,5.1,5.5,4,1.055,6.99669,41303000
"2499","Hyundai","Hyundai","i20","Kleinwagen (z.B. Polo)","Schrägheck","gasoline",2012,9087,9.69,5.2,5.7,4,1.04,6.7374,39708000
"2500","Hyundai","Hyundai","i20","Kleinwagen (z.B. Polo)","Schrägheck","gasoline",2013,926,9.69,5.2,5.7,4,1.04,6.7374,39931000
"2501","Hyundai","Hyundai","i20","Kleinwagen (z.B. Polo)","Schrägheck","gasoline",2014,523,15.825,4.8,6.2,4,1.055,6.99669,40224000
"2502","Hyundai","Hyundai","i20","Kleinwagen (z.B. Polo)","Schrägheck","gasoline",2015,5899,15.825,4.8,6.2,4,1.055,6.99669,40775000
"2503","Hyundai","Hyundai","i20","Kleinwagen (z.B. Polo)","Schrägheck","gasoline",2016,6227,15.825,4.8,6.2,4,1.055,6.99669,40959000
"2504","Hyundai","Hyundai","i20","Kleinwagen (z.B. Polo)","Schrägheck","gasoline",2017,8197,15.825,4.8,6.2,4,1.055,6.99669,41303000
"2505","Hyundai","Hyundai","i20","Kleinwagen (z.B. Polo)","Schrägheck","gasoline",2012,6004,11.65,4.9,6.3,4,1.04,6.83145,39708000
"2506","Hyundai","Hyundai","i20","Kleinwagen (z.B. Polo)","Schrägheck","gasoline",2013,13544,11.65,4.9,6.3,4,1.04,6.83145,39931000
"2507","Hyundai","Hyundai","i20","Kleinwagen (z.B. Polo)","Schrägheck","gasoline",2014,15763,11.65,4.9,6.3,4,1.04,6.83145,40224000
"2508","Hyundai","Hyundai","i20","Kleinwagen (z.B. Polo)","Schrägheck","gasoline",2015,2002,11.65,4.9,6.3,4,1.04,6.83145,40775000
"2509","Hyundai","Hyundai","i20","Kleinwagen (z.B. Polo)","Schrägheck","gasoline",2012,550,14.28,6,7.4,4,1.1,6.7374,39708000
"2510","Hyundai","Hyundai","i20","Kleinwagen (z.B. Polo)","Schrägheck","gasoline",2013,873,14.28,6,7.4,4,1.1,6.7374,39931000
"2511","Hyundai","Hyundai","i20","Kleinwagen (z.B. Polo)","Schrägheck","gasoline",2014,1567,14.28,6,7.4,4,1.1,6.7374,40224000
"2512","Hyundai","Hyundai","i20","Kleinwagen (z.B. Polo)","Schrägheck","gasoline",2015,4913,17.65,5.5,7.4,4,1.135,6.99669,40775000
"2513","Hyundai","Hyundai","i20","Kleinwagen (z.B. Polo)","Schrägheck","gasoline",2016,4083,18,4.3,7.4,3,1.14,6.99669,40959000
"2514","Hyundai","Hyundai","i20","Kleinwagen (z.B. Polo)","Schrägheck","gasoline",2017,3848,18.9,4.8,7.4,3,1.145,6.99669,41303000
"2515","Hyundai","Hyundai","i20","Kleinwagen (z.B. Polo)","Schrägheck","gasoline",2016,2623,19.125,4.8,8.8,3,1.145,6.99785,40959000
"2516","Hyundai","Hyundai","i20","Kleinwagen (z.B. Polo)","Schrägheck","gasoline",2017,1382,19.9,5,8.8,3,1.145,6.99728,41303000
"2517","Hyundai","Hyundai","i30","Untere Mittelklasse (z.B. Golf)","Schrägheck","diesel",2015,1173,24.805,4.05,10,4,1.3775,7.654,40775000
"2518","Hyundai","Hyundai","i30","Untere Mittelklasse (z.B. Golf)","Schrägheck","diesel",2016,1219,25.3,3.9,10,4,1.388,7.9833,40959000
"2519","Hyundai","Hyundai","i30","Untere Mittelklasse (z.B. Golf)","Schrägheck","diesel",2017,1102,24.9,3.9,10,4,1.338,7.7903,41303000
"2520","Hyundai","Hyundai","i30","Untere Mittelklasse (z.B. Golf)","Schrägheck","diesel",2012,6628,15.915,4.4,6.6,4,1.366,7.597,39708000
"2521","Hyundai","Hyundai","i30","Untere Mittelklasse (z.B. Golf)","Schrägheck","diesel",2013,4034,18.6,4.1,6.6,4,1.355,7.654,39931000
"2522","Hyundai","Hyundai","i30","Untere Mittelklasse (z.B. Golf)","Schrägheck","diesel",2014,959,18.6,4.1,6.6,4,1.355,7.654,40224000
"2523","Hyundai","Hyundai","i30","Untere Mittelklasse (z.B. Golf)","Schrägheck","diesel",2015,311,18.6,4.1,6.6,4,1.355,7.654,40775000
"2524","Hyundai","Hyundai","i30","Untere Mittelklasse (z.B. Golf)","Schrägheck","diesel",2012,1100,23.61,4.4,8.1,4,1.401,7.9833,39708000
"2525","Hyundai","Hyundai","i30","Untere Mittelklasse (z.B. Golf)","Schrägheck","diesel",2013,2743,23.61,4.4,8.1,4,1.401,7.9833,39931000
"2526","Hyundai","Hyundai","i30","Untere Mittelklasse (z.B. Golf)","Schrägheck","diesel",2014,3879,23.74,4.2,8.1,4,1.401,7.9833,40224000
"2527","Hyundai","Hyundai","i30","Untere Mittelklasse (z.B. Golf)","Schrägheck","diesel",2015,8833,22.57,3.95,8.1,4,1.3645,7.654,40775000
"2528","Hyundai","Hyundai","i30","Untere Mittelklasse (z.B. Golf)","Schrägheck","diesel",2016,5407,22.57,3.95,8.1,4,1.3645,7.654,40959000
"2529","Hyundai","Hyundai","i30","Untere Mittelklasse (z.B. Golf)","Schrägheck","diesel",2017,3672,24.48,3.9,8.1,4,1.388,7.9833,41303000
"2530","Hyundai","Hyundai","i30","Untere Mittelklasse (z.B. Golf)","Schrägheck","diesel",2012,338,18.29,4.5,8.5,4,1.366,7.597,39708000
"2531","Hyundai","Hyundai","i30","Untere Mittelklasse (z.B. Golf)","Schrägheck","diesel",2012,542,23.26,4.1,9.4,4,1.365,7.654,39708000
"2532","Hyundai","Hyundai","i30","Untere Mittelklasse (z.B. Golf)","Schrägheck","diesel",2013,832,23.26,4.1,9.4,4,1.365,7.654,39931000
"2533","Hyundai","Hyundai","i30","Untere Mittelklasse (z.B. Golf)","Schrägheck","diesel",2014,500,23.26,4.1,9.4,4,1.365,7.654,40224000
"2534","Hyundai","Hyundai","i30","Untere Mittelklasse (z.B. Golf)","Schrägheck","diesel",2015,153,25.65,4.5,9.4,4,1.401,7.9833,40775000
"2535","Hyundai","Hyundai","i30","Untere Mittelklasse (z.B. Golf)","Schrägheck","gasoline",2017,5321,25.15,5.7,10.3,4,1.315,7.7903,41303000
"2536","Hyundai","Hyundai","i30","Untere Mittelklasse (z.B. Golf)","Schrägheck","gasoline",2015,1070,24,7.3,13.7,4,1.362,7.654,40775000
"2537","Hyundai","Hyundai","i30","Untere Mittelklasse (z.B. Golf)","Schrägheck","gasoline",2016,735,24,7.3,13.7,4,1.362,7.654,40959000
"2538","Hyundai","Hyundai","i30","Untere Mittelklasse (z.B. Golf)","Schrägheck","gasoline",2017,182,24,7.3,13.7,4,1.362,7.654,41303000
"2539","Hyundai","Hyundai","i30","Untere Mittelklasse (z.B. Golf)","Schrägheck","gasoline",2017,578,32.2,7.1,20.2,4,1.504,7.781325,41303000
"2540","Hyundai","Hyundai","i30","Untere Mittelklasse (z.B. Golf)","Schrägheck","gasoline",2012,10176,17.05,6,7.3,4,1.26,7.654,39708000
"2541","Hyundai","Hyundai","i30","Untere Mittelklasse (z.B. Golf)","Schrägheck","gasoline",2013,20424,17.05,6,7.3,4,1.26,7.654,39931000
"2542","Hyundai","Hyundai","i30","Untere Mittelklasse (z.B. Golf)","Schrägheck","gasoline",2014,15290,17.05,6,7.3,4,1.26,7.654,40224000
"2543","Hyundai","Hyundai","i30","Untere Mittelklasse (z.B. Golf)","Schrägheck","gasoline",2015,4414,17.05,6,7.3,4,1.26,7.654,40775000
"2544","Hyundai","Hyundai","i30","Untere Mittelklasse (z.B. Golf)","Schrägheck","gasoline",2017,3873,18.025,6.2,7.3,4,1.244,7.7903,41303000
"2545","Hyundai","Hyundai","i30","Untere Mittelklasse (z.B. Golf)","Schrägheck","gasoline",2015,7776,17.13,5.6,7.4,4,1.254,7.654,40775000
"2546","Hyundai","Hyundai","i30","Untere Mittelklasse (z.B. Golf)","Schrägheck","gasoline",2016,10175,17.13,5.6,7.4,4,1.254,7.654,40959000
"2547","Hyundai","Hyundai","i30","Untere Mittelklasse (z.B. Golf)","Schrägheck","gasoline",2017,3435,19.38,5.6,7.4,4,1.278,7.9833,41303000
"2548","Hyundai","Hyundai","i30","Untere Mittelklasse (z.B. Golf)","Schrägheck","gasoline",2012,8128,13.59,6.1,8,4,1.268,7.597,39708000
"2549","Hyundai","Hyundai","i30","Untere Mittelklasse (z.B. Golf)","Schrägheck","gasoline",2013,246,13.59,6.1,8,4,1.268,7.597,39931000
"2550","Hyundai","Hyundai","i30","Untere Mittelklasse (z.B. Golf)","Schrägheck","gasoline",2013,151,20,6.2,8.8,4,1.298,7.9833,39931000
"2551","Hyundai","Hyundai","i30","Untere Mittelklasse (z.B. Golf)","Schrägheck","gasoline",2014,326,20,6.2,8.8,4,1.298,7.9833,40224000
"2552","Hyundai","Hyundai","i30","Untere Mittelklasse (z.B. Golf)","Schrägheck","gasoline",2015,351,20,6.2,8.8,4,1.298,7.9833,40775000
"2553","Hyundai","Hyundai","i30","Untere Mittelklasse (z.B. Golf)","Schrägheck","gasoline",2016,465,20,6.2,8.8,4,1.298,7.9833,40959000
"2554","Hyundai","Hyundai","i30","Untere Mittelklasse (z.B. Golf)","Schrägheck","gasoline",2017,3134,20.875,5.5,8.8,3,1.269,7.7903,41303000
"2555","Hyundai","Hyundai","i30","Untere Mittelklasse (z.B. Golf)","Schrägheck","gasoline",2012,431,19.825,6.2,9.3,4,1.3,7.79225,39708000
"2556","Hyundai","Hyundai","i30","Untere Mittelklasse (z.B. Golf)","Schrägheck","gasoline",2012,1231,21.3,6,9.9,4,1.268,7.654,39708000
"2557","Hyundai","Hyundai","i30","Untere Mittelklasse (z.B. Golf)","Schrägheck","gasoline",2013,2087,21.3,6,9.9,4,1.268,7.654,39931000
"2558","Hyundai","Hyundai","i30","Untere Mittelklasse (z.B. Golf)","Schrägheck","gasoline",2014,2902,21.915,5.7,9.9,4,1.271,7.654,40224000
"2559","Hyundai","Hyundai","i30","Untere Mittelklasse (z.B. Golf)","Schrägheck","gasoline",2015,3061,21.915,5.7,9.9,4,1.271,7.654,40775000
"2560","Hyundai","Hyundai","i30","Untere Mittelklasse (z.B. Golf)","Schrägheck","gasoline",2016,3378,21.915,5.7,9.9,4,1.271,7.654,40959000
"2561","Hyundai","Hyundai","i30","Untere Mittelklasse (z.B. Golf)","Schrägheck","gasoline",2017,1070,23.9,5.9,9.9,4,1.294,7.9833,41303000
"2562","Hyundai","Hyundai","i40","Mittelklasse (z.B. BMW 3er-Reihe)","Stufenheck","diesel",2012,4504,25.825,5.15,10,4,1.5795,8.65755,39708000
"2563","Hyundai","Hyundai","i40","Mittelklasse (z.B. BMW 3er-Reihe)","Stufenheck","diesel",2013,3803,25.825,5.15,10,4,1.5795,8.65755,39931000
"2564","Hyundai","Hyundai","i40","Mittelklasse (z.B. BMW 3er-Reihe)","Stufenheck","diesel",2014,3829,25.825,5.15,10,4,1.5795,8.65755,40224000
"2565","Hyundai","Hyundai","i40","Mittelklasse (z.B. BMW 3er-Reihe)","Stufenheck","diesel",2015,2249,25.825,5.15,10,4,1.5795,8.65755,40775000
"2566","Hyundai","Hyundai","i40","Mittelklasse (z.B. BMW 3er-Reihe)","Kombi","diesel",2015,1772,34.39,4.7,10.4,4,1.599,8.666625,40775000
"2567","Hyundai","Hyundai","i40","Mittelklasse (z.B. BMW 3er-Reihe)","Kombi","diesel",2016,3074,34.39,4.7,10.4,4,1.599,8.666625,40959000
"2568","Hyundai","Hyundai","i40","Mittelklasse (z.B. BMW 3er-Reihe)","Kombi","diesel",2017,2050,34.39,4.7,10.4,4,1.599,8.666625,41303000
"2569","Hyundai","Hyundai","i40","Mittelklasse (z.B. BMW 3er-Reihe)","Stufenheck","diesel",2012,544,28.33,4.6,8.5,4,1.56,8.65755,39708000
"2570","Hyundai","Hyundai","i40","Mittelklasse (z.B. BMW 3er-Reihe)","Stufenheck","diesel",2013,516,28.33,4.6,8.5,4,1.56,8.65755,39931000
"2571","Hyundai","Hyundai","i40","Mittelklasse (z.B. BMW 3er-Reihe)","Stufenheck","diesel",2014,302,30.08,4.5,8.5,4,1.589,8.666625,40224000
"2572","Hyundai","Hyundai","i40","Mittelklasse (z.B. BMW 3er-Reihe)","Stufenheck","diesel",2015,612,30.08,4.5,8.5,4,1.589,8.666625,40775000
"2573","Hyundai","Hyundai","i40","Mittelklasse (z.B. BMW 3er-Reihe)","Kombi","diesel",2016,537,30.08,4.5,8.5,4,1.589,8.666625,40959000
"2574","Hyundai","Hyundai","i40","Mittelklasse (z.B. BMW 3er-Reihe)","Stufenheck","diesel",2017,209,31.83,4.5,8.5,4,1.589,8.666625,41303000
"2575","Hyundai","Hyundai","i40","Mittelklasse (z.B. BMW 3er-Reihe)","Kombi","gasoline",2015,160,31.21,7.25,12.1,4,1.5495,8.666625,40775000
"2576","Hyundai","Hyundai","i40","Mittelklasse (z.B. BMW 3er-Reihe)","Kombi","gasoline",2016,411,31.21,7.25,12.1,4,1.5495,8.666625,40959000
"2577","Hyundai","Hyundai","i40","Mittelklasse (z.B. BMW 3er-Reihe)","Kombi","gasoline",2017,592,31.21,7.25,12.1,4,1.5495,8.666625,41303000
"2578","Hyundai","Hyundai","i40","Mittelklasse (z.B. BMW 3er-Reihe)","Kombi","gasoline",2012,1169,29.56,7.5,13,4,1.516,8.65755,39708000
"2579","Hyundai","Hyundai","i40","Mittelklasse (z.B. BMW 3er-Reihe)","Kombi","gasoline",2013,205,29.56,7.5,13,4,1.516,8.65755,39931000
"2580","Hyundai","Hyundai","i40","Mittelklasse (z.B. BMW 3er-Reihe)","Kombi","gasoline",2014,109,29.56,7.5,13,4,1.516,8.65755,40224000
"2581","Hyundai","Hyundai","i40","Mittelklasse (z.B. BMW 3er-Reihe)","Stufenheck","gasoline",2012,116,28.66,7.2,13.1,4,1.493,8.6031,39708000
"2582","Hyundai","Hyundai","i40","Mittelklasse (z.B. BMW 3er-Reihe)","Stufenheck","gasoline",2013,121,28.66,7.2,13.1,4,1.493,8.6031,39931000
"2583","Hyundai","Hyundai","i40","Mittelklasse (z.B. BMW 3er-Reihe)","Stufenheck","gasoline",2012,2297,22.7,6.4,9.9,4,1.47,8.65755,39708000
"2584","Hyundai","Hyundai","i40","Mittelklasse (z.B. BMW 3er-Reihe)","Stufenheck","gasoline",2013,2914,22.7,6.4,9.9,4,1.47,8.65755,39931000
"2585","Hyundai","Hyundai","i40","Mittelklasse (z.B. BMW 3er-Reihe)","Stufenheck","gasoline",2014,2370,24.79,6.3,9.9,4,1.503,8.666625,40224000
"2586","Hyundai","Hyundai","i40","Mittelklasse (z.B. BMW 3er-Reihe)","Kombi","gasoline",2015,1379,24.79,6.3,9.9,4,1.503,8.666625,40775000
"2587","Hyundai","Hyundai","i40","Mittelklasse (z.B. BMW 3er-Reihe)","Kombi","gasoline",2016,1067,24.79,6.3,9.9,4,1.503,8.666625,40959000
"2588","Hyundai","Hyundai","i40","Mittelklasse (z.B. BMW 3er-Reihe)","Kombi","gasoline",2017,1099,27.78,6.3,9.9,4,1.503,8.666625,41303000
"2589","Hyundai","Hyundai","ix20","Kleinwagen (z.B. Polo)","Van","diesel",2012,172,19.77,4.4,6.6,4,1.345,7.2365,39708000
"2590","Hyundai","Hyundai","ix20","Kleinwagen (z.B. Polo)","Van","diesel",2015,122,19.77,4.3,6.6,4,1.345,7.2365,40775000
"2591","Hyundai","Hyundai","ix20","Kleinwagen (z.B. Polo)","Van","diesel",2016,141,19.77,4.3,6.6,4,1.345,7.2365,40959000
"2592","Hyundai","Hyundai","ix20","Kleinwagen (z.B. Polo)","Van","diesel",2012,850,20.42,4.7,8.5,4,1.356,7.2365,39708000
"2593","Hyundai","Hyundai","ix20","Kleinwagen (z.B. Polo)","Van","diesel",2013,900,20.42,4.7,8.5,4,1.356,7.2365,39931000
"2594","Hyundai","Hyundai","ix20","Kleinwagen (z.B. Polo)","Van","diesel",2014,777,20.86,4.55,8.5,4,1.356,7.2365,40224000
"2595","Hyundai","Hyundai","ix20","Kleinwagen (z.B. Polo)","Van","diesel",2015,656,20.86,4.55,8.5,4,1.356,7.2365,40775000
"2596","Hyundai","Hyundai","ix20","Kleinwagen (z.B. Polo)","Van","diesel",2016,461,20.86,4.55,8.5,4,1.356,7.2365,40959000
"2597","Hyundai","Hyundai","ix20","Kleinwagen (z.B. Polo)","Van","diesel",2017,170,22.59,4.4,8.5,4,1.356,7.2718,41303000
"2598","Hyundai","Hyundai","ix20","Kleinwagen (z.B. Polo)","Van","gasoline",2012,5810,16.4,6,6.6,4,1.253,7.2365,39708000
"2599","Hyundai","Hyundai","ix20","Kleinwagen (z.B. Polo)","Van","gasoline",2013,5674,16.4,6,6.6,4,1.253,7.2365,39931000
"2600","Hyundai","Hyundai","ix20","Kleinwagen (z.B. Polo)","Van","gasoline",2014,5196,18,5.6,6.6,4,1.253,7.2365,40224000
"2601","Hyundai","Hyundai","ix20","Kleinwagen (z.B. Polo)","Van","gasoline",2015,3834,18,5.6,6.6,4,1.253,7.2365,40775000
"2602","Hyundai","Hyundai","ix20","Kleinwagen (z.B. Polo)","Van","gasoline",2016,3038,18,5.6,6.6,4,1.253,7.2365,40959000
"2603","Hyundai","Hyundai","ix20","Kleinwagen (z.B. Polo)","Van","gasoline",2017,2674,19.04,5.6,6.6,4,1.253,7.2718,41303000
"2604","Hyundai","Hyundai","ix20","Kleinwagen (z.B. Polo)","Van","gasoline",2012,1961,19.69,6.4,9.2,4,1.255,7.2365,39708000
"2605","Hyundai","Hyundai","ix20","Kleinwagen (z.B. Polo)","Van","gasoline",2013,2319,19.69,6.4,9.2,4,1.255,7.2365,39931000
"2606","Hyundai","Hyundai","ix20","Kleinwagen (z.B. Polo)","Van","gasoline",2014,2623,20.5,6.5,9.2,4,1.255,7.2718,40224000
"2607","Hyundai","Hyundai","ix20","Kleinwagen (z.B. Polo)","Van","gasoline",2015,3020,20.5,6.5,9.2,4,1.255,7.2718,40775000
"2608","Hyundai","Hyundai","ix20","Kleinwagen (z.B. Polo)","Van","gasoline",2016,3429,20.5,6.5,9.2,4,1.255,7.2718,40959000
"2609","Hyundai","Hyundai","ix20","Kleinwagen (z.B. Polo)","Van","gasoline",2017,3440,20.815,6.5,9.2,4,1.276,7.2718,41303000
"2610","Hyundai","Hyundai","ix35","Untere Mittelklasse (z.B. Golf)","SUV","diesel",2012,2467,31.19,5.5,10,4,1.6,8.0262,39708000
"2611","Hyundai","Hyundai","ix35","Untere Mittelklasse (z.B. Golf)","SUV","diesel",2013,1753,31.19,5.5,10,4,1.6,8.0262,39931000
"2612","Hyundai","Hyundai","ix35","Untere Mittelklasse (z.B. Golf)","SUV","diesel",2014,2275,31.19,5.5,10,4,1.6,8.0262,40224000
"2613","Hyundai","Hyundai","ix35","Untere Mittelklasse (z.B. Golf)","SUV","diesel",2015,1862,31.19,5.5,10,4,1.6,8.0262,40775000
"2614","Hyundai","Hyundai","ix35","Untere Mittelklasse (z.B. Golf)","SUV","diesel",2012,3613,32.85,6.4,13.5,4,1.638,8.0262,39708000
"2615","Hyundai","Hyundai","ix35","Untere Mittelklasse (z.B. Golf)","SUV","diesel",2013,2833,32.85,6.4,13.5,4,1.638,8.0262,39931000
"2616","Hyundai","Hyundai","ix35","Untere Mittelklasse (z.B. Golf)","SUV","diesel",2014,2304,32.85,6.4,13.5,4,1.638,8.0262,40224000
"2617","Hyundai","Hyundai","ix35","Untere Mittelklasse (z.B. Golf)","SUV","diesel",2015,3067,32.85,6.4,13.5,4,1.638,8.0262,40775000
"2618","Hyundai","Hyundai","ix35","Untere Mittelklasse (z.B. Golf)","SUV","diesel",2012,2384,26.39,5.3,8.5,4,1.49,8.0262,39708000
"2619","Hyundai","Hyundai","ix35","Untere Mittelklasse (z.B. Golf)","SUV","diesel",2013,2266,26.39,5.3,8.5,4,1.49,8.0262,39931000
"2620","Hyundai","Hyundai","ix35","Untere Mittelklasse (z.B. Golf)","SUV","diesel",2014,2305,26.39,5.3,8.5,4,1.49,8.0262,40224000
"2621","Hyundai","Hyundai","ix35","Untere Mittelklasse (z.B. Golf)","SUV","diesel",2015,2025,26.39,5.3,8.5,4,1.49,8.0262,40775000
"2622","Hyundai","Hyundai","ix35","Untere Mittelklasse (z.B. Golf)","SUV","gasoline",2012,3326,25.54,7.85,12,4,1.4635,8.0262,39708000
"2623","Hyundai","Hyundai","ix35","Untere Mittelklasse (z.B. Golf)","SUV","gasoline",2013,1412,25.54,7.85,12,4,1.4635,8.0262,39931000
"2624","Hyundai","Hyundai","ix35","Untere Mittelklasse (z.B. Golf)","SUV","gasoline",2013,175,25.54,7.85,12.2,4,1.4635,8.0262,39931000
"2625","Hyundai","Hyundai","ix35","Untere Mittelklasse (z.B. Golf)","SUV","gasoline",2014,1854,25.54,7.85,12.2,4,1.4635,8.0262,40224000
"2626","Hyundai","Hyundai","ix35","Untere Mittelklasse (z.B. Golf)","SUV","gasoline",2015,1589,25.54,7.85,12.2,4,1.4635,8.0262,40775000
"2627","Hyundai","Hyundai","ix35","Untere Mittelklasse (z.B. Golf)","SUV","gasoline",2012,7281,23.19,6.8,9.9,4,1.38,8.0262,39708000
"2628","Hyundai","Hyundai","ix35","Untere Mittelklasse (z.B. Golf)","SUV","gasoline",2013,10777,23.19,6.8,9.9,4,1.38,8.0262,39931000
"2629","Hyundai","Hyundai","ix35","Untere Mittelklasse (z.B. Golf)","SUV","gasoline",2014,9919,23.19,6.8,9.9,4,1.38,8.0262,40224000
"2630","Hyundai","Hyundai","ix35","Untere Mittelklasse (z.B. Golf)","SUV","gasoline",2015,10004,23.19,6.8,9.9,4,1.38,8.0262,40775000
"2631","Hyundai","Hyundai","ix55","Obere Mittelklasse (z.B. E-Klasse)","SUV","diesel",2012,236,47.81,7.6,18.4,6,2.17,9.54448,39708000
"2632","Infiniti","Renault","Q30","Untere Mittelklasse (z.B. Golf)","Schrägheck","diesel",2016,734,36.24,5.4,12.5,4,1.709,7.987125,40959000
"2633","Infiniti","Renault","Q30","Untere Mittelklasse (z.B. Golf)","Schrägheck","diesel",2017,215,36.24,5.4,12.5,4,1.709,7.987125,41303000
"2634","Infiniti","Renault","Q30","Untere Mittelklasse (z.B. Golf)","Schrägheck","diesel",2016,155,29.99,4.1,8,4,1.464,7.987125,40959000
"2635","Infiniti","Renault","Q30","Untere Mittelklasse (z.B. Golf)","Schrägheck","diesel",2017,132,29.99,4.1,8,4,1.464,7.987125,41303000
"2636","Infiniti","Renault","Q30","Untere Mittelklasse (z.B. Golf)","Schrägheck","gasoline",2017,173,43.8,6.7,15.5,4,1.644,7.987125,41303000
"2637","Infiniti","Renault","Q50","Mittelklasse (z.B. BMW 3er-Reihe)","Stufenheck","diesel",2014,439,43.475,4.5,12.5,4,1.79,8.7269,40224000
"2638","Infiniti","Renault","Q50","Mittelklasse (z.B. BMW 3er-Reihe)","Stufenheck","diesel",2015,202,43.475,4.5,12.5,4,1.79,8.7269,40775000
"2639","Infiniti","Renault","Q50","Mittelklasse (z.B. BMW 3er-Reihe)","Stufenheck","diesel",2016,243,43.8,4.5,12.5,4,1.79,8.736,40959000
"2640","Infiniti","Renault","Q70","Obere Mittelklasse (z.B. E-Klasse)","Stufenheck","diesel",2016,144,51.55,4.8,12.5,4,1.911,9.123525,40959000
"2641","Infiniti","Renault","QX70","Obere Mittelklasse (z.B. E-Klasse)","SUV","diesel",2012,564,55.55,8.6,17.5,6,2.175,9.365125,39708000
"2642","Infiniti","Renault","QX70","Obere Mittelklasse (z.B. E-Klasse)","SUV","diesel",2013,357,55.55,8.6,17.5,6,2.175,9.365125,39931000
"2643","Infiniti","Renault","QX70","Obere Mittelklasse (z.B. E-Klasse)","SUV","diesel",2014,303,55.55,8.6,17.5,6,2.175,9.365125,40224000
"2644","Infiniti","Renault","QX70","Obere Mittelklasse (z.B. E-Klasse)","SUV","diesel",2015,534,55.55,8.6,17.5,6,2.175,9.365125,40775000
"2645","Infiniti","Renault","QX70","Obere Mittelklasse (z.B. E-Klasse)","SUV","diesel",2016,190,55.55,8.6,17.5,6,2.175,9.365125,40959000
"2646","Infiniti","Renault","QX70","Obere Mittelklasse (z.B. E-Klasse)","SUV","gasoline",2016,241,53.8,12.1,23.5,6,2.012,9.365125,40959000
"2647","Infiniti","Renault","QX70","Obere Mittelklasse (z.B. E-Klasse)","SUV","gasoline",2017,165,53.8,12.1,23.5,6,2.012,9.365125,41303000
"2648","Jeep","FCA","Cherokee","Mittelklasse (z.B. BMW 3er-Reihe)","SUV","diesel",2014,394,38.35,5.45,10.3,4,1.8745,8.596016,40224000
"2649","Jeep","FCA","Cherokee","Mittelklasse (z.B. BMW 3er-Reihe)","SUV","diesel",2015,264,38.35,5.45,10.3,4,1.8745,8.596016,40775000
"2650","Jeep","FCA","Cherokee","Mittelklasse (z.B. BMW 3er-Reihe)","SUV","diesel",2014,1062,45.5,5.8,12.5,4,1.953,8.596016,40224000
"2651","Jeep","FCA","Cherokee","Mittelklasse (z.B. BMW 3er-Reihe)","SUV","diesel",2015,846,45.5,5.8,12.5,4,1.953,8.596016,40775000
"2652","Jeep","FCA","Cherokee","Mittelklasse (z.B. BMW 3er-Reihe)","SUV","gasoline",2014,207,48,10,20,6,1.964,8.7019375,40224000
"2653","Jeep","FCA","Cherokee","Mittelklasse (z.B. BMW 3er-Reihe)","SUV","gasoline",2015,134,48,10,20,6,1.964,8.7019375,40775000
"2654","Jeep","FCA","Compass","Untere Mittelklasse (z.B. Golf)","SUV","diesel",2012,263,27.9,6,10,4,1.634,8.059776,39708000
"2655","Jeep","FCA","Compass","Untere Mittelklasse (z.B. Golf)","SUV","diesel",2013,203,27.9,6,10,4,1.634,8.059776,39931000
"2656","Jeep","FCA","Compass","Untere Mittelklasse (z.B. Golf)","SUV","diesel",2014,160,27.9,6,10,4,1.634,8.059776,40224000
"2657","Jeep","FCA","Compass","Untere Mittelklasse (z.B. Golf)","SUV","diesel",2013,662,29.9,6.6,12,4,1.68,8.059776,39931000
"2658","Jeep","FCA","Compass","Untere Mittelklasse (z.B. Golf)","SUV","diesel",2014,640,29.9,6.6,12,4,1.68,8.059776,40224000
"2659","Jeep","FCA","Compass","Untere Mittelklasse (z.B. Golf)","SUV","gasoline",2012,189,25.2,7.6,11.5,4,1.499,8.059776,39708000
"2660","Jeep","FCA","Compass","Untere Mittelklasse (z.B. Golf)","SUV","gasoline",2013,235,25.2,7.6,11.5,4,1.499,8.059776,39931000
"2661","Jeep","FCA","Compass","Untere Mittelklasse (z.B. Golf)","SUV","gasoline",2013,204,29.7,8.6,12.5,4,1.586,8.059776,39931000
"2662","Jeep","FCA","Compass","Untere Mittelklasse (z.B. Golf)","SUV","gasoline",2014,281,29.7,8.6,12.5,4,1.586,8.059776,40224000
"2663","Jeep","FCA","Compass","Untere Mittelklasse (z.B. Golf)","SUV","gasoline",2015,328,29.7,8.6,12.5,4,1.586,8.059776,40775000
"2664","Jeep","FCA","Compass","Untere Mittelklasse (z.B. Golf)","SUV","gasoline",2016,416,27.3,8.1,12.5,4,1.535,8.059776,40959000
"2665","Jeep","FCA","Grand Cherokee","Obere Mittelklasse (z.B. E-Klasse)","SUV","diesel",2012,167,43.6,8.3,14,6,2.347,9.369146,39708000
"2666","Jeep","FCA","Grand Cherokee","Obere Mittelklasse (z.B. E-Klasse)","SUV","diesel",2012,2608,58.7,8.3,17.7,6,2.347,9.369146,39708000
"2667","Jeep","FCA","Grand Cherokee","Obere Mittelklasse (z.B. E-Klasse)","SUV","diesel",2013,1249,58.7,8.3,17.7,6,2.347,9.369146,39931000
"2668","Jeep","FCA","Grand Cherokee","Obere Mittelklasse (z.B. E-Klasse)","SUV","diesel",2013,2207,56.9,7.5,18.4,6,2.403,9.380804,39931000
"2669","Jeep","FCA","Grand Cherokee","Obere Mittelklasse (z.B. E-Klasse)","SUV","diesel",2014,3565,56.9,7.5,18.4,6,2.403,9.380804,40224000
"2670","Jeep","FCA","Grand Cherokee","Obere Mittelklasse (z.B. E-Klasse)","SUV","diesel",2015,4076,56.9,7.5,18.4,6,2.403,9.380804,40775000
"2671","Jeep","FCA","Grand Cherokee","Obere Mittelklasse (z.B. E-Klasse)","SUV","diesel",2016,4111,54.2,7.5,18.4,6,2.403,9.380804,40959000
"2672","Jeep","FCA","Grand Cherokee","Obere Mittelklasse (z.B. E-Klasse)","SUV","diesel",2017,2556,54.2,7.5,18.4,6,2.403,9.380804,41303000
"2673","Jeep","FCA","Grand Cherokee","Obere Mittelklasse (z.B. E-Klasse)","SUV","gasoline",2012,133,49.3,13.8,21,6,2.266,9.380804,39708000
"2674","Jeep","FCA","Grand Cherokee","Obere Mittelklasse (z.B. E-Klasse)","SUV","gasoline",2017,122,49.9,10,21.3,6,2.266,9.380804,41303000
"2675","Jeep","FCA","Grand Cherokee","Obere Mittelklasse (z.B. E-Klasse)","SUV","gasoline",2012,157,80.1,13.8,34.4,8,2.418,9.419049,39708000
"2676","Jeep","FCA","Grand Cherokee","Obere Mittelklasse (z.B. E-Klasse)","SUV","gasoline",2013,330,80.1,13.8,34.4,8,2.418,9.419049,39931000
"2677","Jeep","FCA","Grand Cherokee","Obere Mittelklasse (z.B. E-Klasse)","SUV","gasoline",2014,403,80.1,13.8,34.4,8,2.418,9.419049,40224000
"2678","Jeep","FCA","Grand Cherokee","Obere Mittelklasse (z.B. E-Klasse)","SUV","gasoline",2015,591,85,13.5,34.4,8,2.418,9.469084,40775000
"2679","Jeep","FCA","Grand Cherokee","Obere Mittelklasse (z.B. E-Klasse)","SUV","gasoline",2016,605,85,13.5,34.4,8,2.418,9.469084,40959000
"2680","Jeep","FCA","Grand Cherokee","Obere Mittelklasse (z.B. E-Klasse)","SUV","gasoline",2017,536,85,13.5,34.4,8,2.418,9.469084,41303000
"2681","Jeep","FCA","Patriot","Untere Mittelklasse (z.B. Golf)","SUV","diesel",2012,720,29.9,6.6,12,4,1.68,8.059776,39708000
"2682","Jeep","FCA","Patriot","Untere Mittelklasse (z.B. Golf)","SUV","gasoline",2012,226,28.49,8.55,12.5,4,1.5425,7.963758,39708000
"2683","Jeep","FCA","Renegade","Kleinwagen (z.B. Polo)","SUV","diesel",2014,418,27.5,5.1,10.3,4,1.505,7.680275,40224000
"2684","Jeep","FCA","Renegade","Kleinwagen (z.B. Polo)","SUV","diesel",2015,1770,27.5,5.1,10.3,4,1.505,7.680275,40775000
"2685","Jeep","FCA","Renegade","Kleinwagen (z.B. Polo)","SUV","diesel",2016,1621,27.5,5.1,10.3,4,1.505,7.680275,40959000
"2686","Jeep","FCA","Renegade","Kleinwagen (z.B. Polo)","SUV","diesel",2017,1160,27.5,5.1,10.3,4,1.505,7.680275,41303000
"2687","Jeep","FCA","Renegade","Kleinwagen (z.B. Polo)","SUV","diesel",2015,775,35,5.9,12.5,4,1.61,7.687495,40775000
"2688","Jeep","FCA","Renegade","Kleinwagen (z.B. Polo)","SUV","diesel",2016,795,35,5.9,12.5,4,1.61,7.687495,40959000
"2689","Jeep","FCA","Renegade","Kleinwagen (z.B. Polo)","SUV","diesel",2017,687,35,5.9,12.5,4,1.61,7.687495,41303000
"2690","Jeep","FCA","Renegade","Kleinwagen (z.B. Polo)","SUV","diesel",2014,438,24.5,4.4,8.8,4,1.465,7.680275,40224000
"2691","Jeep","FCA","Renegade","Kleinwagen (z.B. Polo)","SUV","diesel",2015,1081,24.5,4.4,8.8,4,1.465,7.680275,40775000
"2692","Jeep","FCA","Renegade","Kleinwagen (z.B. Polo)","SUV","diesel",2016,1026,24.5,4.4,8.8,4,1.465,7.680275,40959000
"2693","Jeep","FCA","Renegade","Kleinwagen (z.B. Polo)","SUV","diesel",2017,877,24.5,4.4,8.8,4,1.465,7.680275,41303000
"2694","Jeep","FCA","Renegade","Kleinwagen (z.B. Polo)","SUV","gasoline",2014,614,23,6,10.3,4,1.395,7.680275,40224000
"2695","Jeep","FCA","Renegade","Kleinwagen (z.B. Polo)","SUV","gasoline",2015,1423,23,6,10.3,4,1.395,7.680275,40775000
"2696","Jeep","FCA","Renegade","Kleinwagen (z.B. Polo)","SUV","gasoline",2016,1781,23,6,10.3,4,1.395,7.680275,40959000
"2697","Jeep","FCA","Renegade","Kleinwagen (z.B. Polo)","SUV","gasoline",2017,1839,23,6,10.3,4,1.395,7.680275,41303000
"2698","Jeep","FCA","Wrangler","Mittelklasse (z.B. BMW 3er-Reihe)","Geländewagen","diesel",2012,1798,42.65,8.8,14.7,4,2.009,8.413125,39708000
"2699","Jeep","FCA","Wrangler","Mittelklasse (z.B. BMW 3er-Reihe)","Geländewagen","diesel",2013,1468,42.65,8.8,14.7,4,2.009,8.413125,39931000
"2700","Jeep","FCA","Wrangler","Mittelklasse (z.B. BMW 3er-Reihe)","Geländewagen","diesel",2014,1689,42.65,8.8,14.7,4,2.009,8.413125,40224000
"2701","Jeep","FCA","Wrangler","Mittelklasse (z.B. BMW 3er-Reihe)","Geländewagen","diesel",2015,2089,34,7.1,14.7,4,1.945,7.909679,40775000
"2702","Jeep","FCA","Wrangler","Mittelklasse (z.B. BMW 3er-Reihe)","Geländewagen","diesel",2016,511,34,7.1,14.7,4,1.945,7.909679,40959000
"2703","Jeep","FCA","Wrangler","Mittelklasse (z.B. BMW 3er-Reihe)","Geländewagen","diesel",2017,972,34,7.1,14.7,4,1.945,7.909679,41303000
"2704","Jeep","FCA","Wrangler","Mittelklasse (z.B. BMW 3er-Reihe)","Geländewagen","gasoline",2012,221,37.5,11,20.9,6,1.828,7.909679,39708000
"2705","Jeep","FCA","Wrangler","Mittelklasse (z.B. BMW 3er-Reihe)","Geländewagen","gasoline",2013,169,37.5,11,20.9,6,1.828,7.909679,39931000
"2706","Jeep","FCA","Wrangler","Mittelklasse (z.B. BMW 3er-Reihe)","Geländewagen","gasoline",2014,176,37.5,11,20.9,6,1.828,7.909679,40224000
"2707","Jeep","FCA","Wrangler","Mittelklasse (z.B. BMW 3er-Reihe)","Geländewagen","gasoline",2015,192,37.5,11,20.9,6,1.828,7.909679,40775000
"2708","Jeep","FCA","Wrangler","Mittelklasse (z.B. BMW 3er-Reihe)","Geländewagen","gasoline",2016,348,32.1,11.3,20.9,6,1.828,7.909679,40959000
"2709","Jeep","FCA","Wrangler","Mittelklasse (z.B. BMW 3er-Reihe)","Geländewagen","gasoline",2017,233,32.1,11.3,20.9,6,1.828,7.909679,41303000
"2710","KIA","Hyundai","Carens","Untere Mittelklasse (z.B. Golf)","Van","diesel",2013,1384,24.74,5.1,10,4,1.587,8.167625,39931000
"2711","KIA","Hyundai","Carens","Untere Mittelklasse (z.B. Golf)","Van","diesel",2014,1954,24.74,5.1,10,4,1.587,8.167625,40224000
"2712","KIA","Hyundai","Carens","Untere Mittelklasse (z.B. Golf)","Van","diesel",2015,995,24.74,5.1,10,4,1.587,8.167625,40775000
"2713","KIA","Hyundai","Carens","Untere Mittelklasse (z.B. Golf)","Van","diesel",2015,658,27.54,4.8,10.4,4,1.587,8.167625,40775000
"2714","KIA","Hyundai","Carens","Untere Mittelklasse (z.B. Golf)","Van","diesel",2016,1775,27.54,4.8,10.4,4,1.587,8.167625,40959000
"2715","KIA","Hyundai","Carens","Untere Mittelklasse (z.B. Golf)","Van","diesel",2017,950,27.54,4.8,10.4,4,1.587,8.167625,41303000
"2716","KIA","Hyundai","Carens","Untere Mittelklasse (z.B. Golf)","Van","diesel",2014,151,25.19,4.8,8.5,4,1.557,8.167625,40224000
"2717","KIA","Hyundai","Carens","Untere Mittelklasse (z.B. Golf)","Van","diesel",2015,238,25.19,4.8,8.5,4,1.557,8.167625,40775000
"2718","KIA","Hyundai","Carens","Untere Mittelklasse (z.B. Golf)","Van","diesel",2016,146,25.19,4.8,8.5,4,1.557,8.167625,40959000
"2719","KIA","Hyundai","Carens","Untere Mittelklasse (z.B. Golf)","Van","diesel",2012,138,22.46,5.7,9.4,4,1.58,8.2719,39708000
"2720","KIA","Hyundai","Carens","Untere Mittelklasse (z.B. Golf)","Van","gasoline",2017,168,30.79,7.8,12.1,4,1.544,8.167625,41303000
"2721","KIA","Hyundai","Carens","Untere Mittelklasse (z.B. Golf)","Van","gasoline",2013,135,23.74,7.3,12.2,4,1.519,8.167625,39931000
"2722","KIA","Hyundai","Carens","Untere Mittelklasse (z.B. Golf)","Van","gasoline",2014,163,23.74,7.3,12.2,4,1.519,8.167625,40224000
"2723","KIA","Hyundai","Carens","Untere Mittelklasse (z.B. Golf)","Van","gasoline",2013,836,23.29,6.5,9.9,4,1.458,8.167625,39931000
"2724","KIA","Hyundai","Carens","Untere Mittelklasse (z.B. Golf)","Van","gasoline",2014,1132,23.29,6.5,9.9,4,1.458,8.167625,40224000
"2725","KIA","Hyundai","Carens","Untere Mittelklasse (z.B. Golf)","Van","gasoline",2015,980,23.29,6.5,9.9,4,1.458,8.167625,40775000
"2726","KIA","Hyundai","Carens","Untere Mittelklasse (z.B. Golf)","Van","gasoline",2016,575,23.29,6.5,9.9,4,1.458,8.167625,40959000
"2727","KIA","Hyundai","Carens","Untere Mittelklasse (z.B. Golf)","Van","gasoline",2017,536,23.29,6.5,9.9,4,1.458,8.167625,41303000
"2728","KIA","Hyundai","Optima","Mittelklasse (z.B. BMW 3er-Reihe)","Stufenheck","diesel",2012,558,31.14,5.1,10,4,1.575,8.86635,39708000
"2729","KIA","Hyundai","Optima","Mittelklasse (z.B. BMW 3er-Reihe)","Stufenheck","diesel",2013,370,31.14,5.1,10,4,1.575,8.86635,39931000
"2730","KIA","Hyundai","Optima","Mittelklasse (z.B. BMW 3er-Reihe)","Stufenheck","diesel",2014,243,31.14,5.1,10,4,1.575,8.86635,40224000
"2731","KIA","Hyundai","Optima","Mittelklasse (z.B. BMW 3er-Reihe)","Stufenheck","diesel",2015,200,31.64,5.1,10,4,1.575,8.86635,40775000
"2732","KIA","Hyundai","Optima","Mittelklasse (z.B. BMW 3er-Reihe)","Stufenheck","diesel",2016,1312,30.29,4.4,10.4,4,1.62,9.0303,40959000
"2733","KIA","Hyundai","Optima","Mittelklasse (z.B. BMW 3er-Reihe)","Stufenheck","diesel",2017,1193,30.29,4.4,10.4,4,1.62,9.0303,41303000
"2734","KIA","Hyundai","Optima","Mittelklasse (z.B. BMW 3er-Reihe)","Stufenheck","gasoline",2017,339,27.49,7.6,12,4,1.55,9.0303,41303000
"2735","KIA","Hyundai","Optima","Mittelklasse (z.B. BMW 3er-Reihe)","Kombi","gasoline",2016,145,41.79,8.2,18,4,1.68,9.0303,40959000
"2736","KIA","Hyundai","Optima","Mittelklasse (z.B. BMW 3er-Reihe)","Stufenheck","gasoline",2017,354,41.79,8.2,18,4,1.68,9.0303,41303000
"2737","KIA","Hyundai","Picanto","Kleinstwagen  (z.B. Twingo)","Schrägheck","gasoline",2015,1623,9.55,4.5,4.9,3,0.925,5.734025,40775000
"2738","KIA","Hyundai","Picanto","Kleinstwagen  (z.B. Twingo)","Schrägheck","gasoline",2016,4991,9.55,4.5,4.9,3,0.925,5.734025,40959000
"2739","KIA","Hyundai","Picanto","Kleinstwagen  (z.B. Twingo)","Schrägheck","gasoline",2017,4407,9.99,4.4,4.9,3,0.935,5.734025,41303000
"2740","KIA","Hyundai","Picanto","Kleinstwagen  (z.B. Twingo)","Schrägheck","gasoline",2012,5017,10.68,4.2,5.1,3,0.92,5.734025,39708000
"2741","KIA","Hyundai","Picanto","Kleinstwagen  (z.B. Twingo)","Schrägheck","gasoline",2013,5475,10.68,4.2,5.1,3,0.92,5.734025,39931000
"2742","KIA","Hyundai","Picanto","Kleinstwagen  (z.B. Twingo)","Schrägheck","gasoline",2014,4837,10.835,4.2,5.1,3,0.92,5.734025,40224000
"2743","KIA","Hyundai","Picanto","Kleinstwagen  (z.B. Twingo)","Schrägheck","gasoline",2015,1723,10.835,4.2,5.1,3,0.92,5.734025,40775000
"2744","KIA","Hyundai","Picanto","Kleinstwagen  (z.B. Twingo)","Schrägheck","gasoline",2017,4013,11.27,4.6,6.2,4,0.939,5.734025,41303000
"2745","KIA","Hyundai","Picanto","Kleinstwagen  (z.B. Twingo)","Schrägheck","gasoline",2012,2331,13.815,4.7,6.3,4,0.93,5.734025,39708000
"2746","KIA","Hyundai","Picanto","Kleinstwagen  (z.B. Twingo)","Schrägheck","gasoline",2013,1500,13.815,4.7,6.3,4,0.93,5.734025,39931000
"2747","KIA","Hyundai","Picanto","Kleinstwagen  (z.B. Twingo)","Schrägheck","gasoline",2014,2147,13.59,4.7,6.3,4,0.93,5.734025,40224000
"2748","KIA","Hyundai","Picanto","Kleinstwagen  (z.B. Twingo)","Schrägheck","gasoline",2015,3144,13.59,4.7,6.3,4,0.93,5.734025,40775000
"2749","KIA","Hyundai","Picanto","Kleinstwagen  (z.B. Twingo)","Schrägheck","gasoline",2016,2397,13.59,4.7,6.3,4,0.93,5.734025,40959000
"2750","KIA","Hyundai","Picanto","Kleinstwagen  (z.B. Twingo)","Schrägheck","gasoline",2017,620,13.315,4.6,6.3,4,0.935,5.734025,41303000
"2751","KIA","Hyundai","Rio","Kleinwagen (z.B. Polo)","Schrägheck","diesel",2012,905,16.635,3.8,5.5,3,1.191,6.9574,39708000
"2752","KIA","Hyundai","Rio","Kleinwagen (z.B. Polo)","Schrägheck","diesel",2013,481,16.635,3.8,5.5,3,1.191,6.9574,39931000
"2753","KIA","Hyundai","Rio","Kleinwagen (z.B. Polo)","Schrägheck","diesel",2014,272,16.78,3.8,5.5,3,1.191,6.9574,40224000
"2754","KIA","Hyundai","Rio","Kleinwagen (z.B. Polo)","Schrägheck","diesel",2015,117,16.78,3.8,5.5,3,1.191,6.9574,40775000
"2755","KIA","Hyundai","Rio","Kleinwagen (z.B. Polo)","Schrägheck","diesel",2016,136,16.78,3.8,5.5,3,1.191,6.9574,40959000
"2756","KIA","Hyundai","Rio","Kleinwagen (z.B. Polo)","Schrägheck","diesel",2012,853,19.84,4.3,6.6,4,1.239,6.9574,39708000
"2757","KIA","Hyundai","Rio","Kleinwagen (z.B. Polo)","Schrägheck","diesel",2013,356,19.84,4.3,6.6,4,1.239,6.9574,39931000
"2758","KIA","Hyundai","Rio","Kleinwagen (z.B. Polo)","Schrägheck","diesel",2014,305,19.49,4.3,6.6,4,1.239,6.9574,40224000
"2759","KIA","Hyundai","Rio","Kleinwagen (z.B. Polo)","Schrägheck","diesel",2015,617,19.49,4.3,6.6,4,1.239,6.9574,40775000
"2760","KIA","Hyundai","Rio","Kleinwagen (z.B. Polo)","Schrägheck","diesel",2016,155,19.49,4.3,6.6,4,1.239,6.9574,40959000
"2761","KIA","Hyundai","Rio","Kleinwagen (z.B. Polo)","Schrägheck","diesel",2017,197,21.29,3.8,6.6,4,1.23,7.012125,41303000
"2762","KIA","Hyundai","Rio","Kleinwagen (z.B. Polo)","Schrägheck","gasoline",2015,2119,10.99,5,6.2,4,1.113,6.966,40775000
"2763","KIA","Hyundai","Rio","Kleinwagen (z.B. Polo)","Schrägheck","gasoline",2016,3161,10.99,5,6.2,4,1.113,6.966,40959000
"2764","KIA","Hyundai","Rio","Kleinwagen (z.B. Polo)","Schrägheck","gasoline",2017,3629,11.95,5.15,6.2,4,1.11,7.012125,41303000
"2765","KIA","Hyundai","Rio","Kleinwagen (z.B. Polo)","Schrägheck","gasoline",2012,4771,14.135,5.1,6.3,4,1.104,6.9574,39708000
"2766","KIA","Hyundai","Rio","Kleinwagen (z.B. Polo)","Schrägheck","gasoline",2013,4371,14.135,5.1,6.3,4,1.104,6.9574,39931000
"2767","KIA","Hyundai","Rio","Kleinwagen (z.B. Polo)","Schrägheck","gasoline",2014,3479,14.135,5.1,6.3,4,1.104,6.9574,40224000
"2768","KIA","Hyundai","Rio","Kleinwagen (z.B. Polo)","Schrägheck","gasoline",2015,593,14.135,5.1,6.3,4,1.104,6.9574,40775000
"2769","KIA","Hyundai","Rio","Kleinwagen (z.B. Polo)","Schrägheck","gasoline",2017,2180,16.09,5,7.3,4,1.13,7.012125,41303000
"2770","KIA","Hyundai","Rio","Kleinwagen (z.B. Polo)","Schrägheck","gasoline",2017,798,19.25,4.5,7.4,3,1.155,7.012125,41303000
"2771","KIA","Hyundai","Rio","Kleinwagen (z.B. Polo)","Schrägheck","gasoline",2012,3612,16.02,5.95,8,4,1.1545,6.9574,39708000
"2772","KIA","Hyundai","Rio","Kleinwagen (z.B. Polo)","Schrägheck","gasoline",2013,3105,16.02,5.95,8,4,1.1545,6.9574,39931000
"2773","KIA","Hyundai","Rio","Kleinwagen (z.B. Polo)","Schrägheck","gasoline",2014,2914,16.285,5.5,8,4,1.154,6.9617,40224000
"2774","KIA","Hyundai","Rio","Kleinwagen (z.B. Polo)","Schrägheck","gasoline",2015,2265,16.285,5.5,8,4,1.154,6.9617,40775000
"2775","KIA","Hyundai","Rio","Kleinwagen (z.B. Polo)","Schrägheck","gasoline",2016,1983,16.285,5.5,8,4,1.154,6.9617,40959000
"2776","KIA","Hyundai","Rio","Kleinwagen (z.B. Polo)","Schrägheck","gasoline",2017,203,16.435,5.5,8,4,1.154,6.966,41303000
"2777","KIA","Hyundai","Rio","Kleinwagen (z.B. Polo)","Schrägheck","gasoline",2017,991,20.35,4.7,8.8,3,1.16,7.012125,41303000
"2778","KIA","Hyundai","Sorento","Mittelklasse (z.B. BMW 3er-Reihe)","SUV","diesel",2012,3161,37.855,6.6,14.5,4,1.835,8.831225,39708000
"2779","KIA","Hyundai","Sorento","Mittelklasse (z.B. BMW 3er-Reihe)","SUV","diesel",2013,1761,42.29,6.1,14.5,4,1.862,8.831225,39931000
"2780","KIA","Hyundai","Sorento","Mittelklasse (z.B. BMW 3er-Reihe)","SUV","diesel",2014,2729,42.29,6.1,14.5,4,1.862,8.831225,40224000
"2781","KIA","Hyundai","Sorento","Mittelklasse (z.B. BMW 3er-Reihe)","SUV","diesel",2015,750,42.29,6.1,14.5,4,1.862,8.831225,40775000
"2782","KIA","Hyundai","Sorento","Mittelklasse (z.B. BMW 3er-Reihe)","SUV","diesel",2015,3997,44.99,6.6,14.7,4,1.917,9.0342,40775000
"2783","KIA","Hyundai","Sorento","Mittelklasse (z.B. BMW 3er-Reihe)","SUV","diesel",2016,4478,43.99,6.5,14.7,4,1.917,9.072,40959000
"2784","KIA","Hyundai","Sorento","Mittelklasse (z.B. BMW 3er-Reihe)","SUV","diesel",2017,3353,42.87,6.1,14.7,4,1.917,9.072,41303000
"2785","KIA","Hyundai","Sorento","Mittelklasse (z.B. BMW 3er-Reihe)","SUV","gasoline",2013,138,30.99,8.7,14.1,4,1.68,8.831225,39931000
"2786","KIA","Hyundai","Soul","Kleinwagen (z.B. Polo)","SUV","diesel",2015,395,24.99,5,10,4,1.425,7.452,40775000
"2787","KIA","Hyundai","Soul","Kleinwagen (z.B. Polo)","SUV","diesel",2016,882,24.99,5,10,4,1.425,7.452,40959000
"2788","KIA","Hyundai","Soul","Kleinwagen (z.B. Polo)","SUV","diesel",2017,387,24.99,5,10,4,1.425,7.452,41303000
"2789","KIA","Hyundai","Soul","Kleinwagen (z.B. Polo)","SUV","diesel",2012,281,20.725,5.2,9.4,4,1.345,7.327425,39708000
"2790","KIA","Hyundai","Soul","Kleinwagen (z.B. Polo)","SUV","diesel",2013,166,21.725,5.4,9.4,4,1.3525,7.3542,39931000
"2791","KIA","Hyundai","Soul","Kleinwagen (z.B. Polo)","SUV","diesel",2014,1005,24.34,5.5,9.4,4,1.3945,7.452,40224000
"2792","KIA","Hyundai","Soul","Kleinwagen (z.B. Polo)","SUV","diesel",2015,650,24.34,5.5,9.4,4,1.3945,7.452,40775000
"2793","KIA","Hyundai","Soul","Kleinwagen (z.B. Polo)","SUV","gasoline",2012,684,19.15,6.4,10.3,4,1.245,7.327425,39708000
"2794","KIA","Hyundai","Soul","Kleinwagen (z.B. Polo)","SUV","gasoline",2013,418,19.15,6.4,10.3,4,1.245,7.327425,39931000
"2795","KIA","Hyundai","Soul","Kleinwagen (z.B. Polo)","SUV","gasoline",2014,159,19.15,6.4,10.3,4,1.245,7.327425,40224000
"2796","KIA","Hyundai","Soul","Kleinwagen (z.B. Polo)","SUV","gasoline",2016,112,28.815,6.9,15,4,1.364,7.452,40959000
"2797","KIA","Hyundai","Soul","Kleinwagen (z.B. Polo)","SUV","gasoline",2017,333,28.815,6.9,15,4,1.364,7.452,41303000
"2798","KIA","Hyundai","Soul","Kleinwagen (z.B. Polo)","SUV","gasoline",2014,956,19.99,6.8,9.7,4,1.275,7.452,40224000
"2799","KIA","Hyundai","Soul","Kleinwagen (z.B. Polo)","SUV","gasoline",2015,941,20.24,6.8,9.7,4,1.275,7.452,40775000
"2800","KIA","Hyundai","Soul","Kleinwagen (z.B. Polo)","SUV","gasoline",2016,772,20.24,6.8,9.7,4,1.275,7.452,40959000
"2801","KIA","Hyundai","Soul","Kleinwagen (z.B. Polo)","SUV","gasoline",2017,592,20.24,6.8,9.7,4,1.275,7.452,41303000
"2802","KIA","Hyundai","Sportage","Untere Mittelklasse (z.B. Golf)","SUV","diesel",2012,3246,28.925,6,10,4,1.6,8.2362,39708000
"2803","KIA","Hyundai","Sportage","Untere Mittelklasse (z.B. Golf)","SUV","diesel",2013,2559,29.765,6,10,4,1.6,8.2362,39931000
"2804","KIA","Hyundai","Sportage","Untere Mittelklasse (z.B. Golf)","SUV","diesel",2014,2202,29.765,6,10,4,1.6,8.2362,40224000
"2805","KIA","Hyundai","Sportage","Untere Mittelklasse (z.B. Golf)","SUV","diesel",2015,2348,29.765,6,10,4,1.6,8.2362,40775000
"2806","KIA","Hyundai","Sportage","Untere Mittelklasse (z.B. Golf)","SUV","diesel",2016,2015,32.99,5.2,10,4,1.587,8.3104,40959000
"2807","KIA","Hyundai","Sportage","Untere Mittelklasse (z.B. Golf)","SUV","diesel",2017,1221,32.99,5.2,10,4,1.587,8.3104,41303000
"2808","KIA","Hyundai","Sportage","Untere Mittelklasse (z.B. Golf)","SUV","diesel",2017,700,30.94,4.9,10.4,4,1.47,8.3104,41303000
"2809","KIA","Hyundai","Sportage","Untere Mittelklasse (z.B. Golf)","SUV","diesel",2012,3053,34.015,6.65,13.5,4,1.638,8.2362,39708000
"2810","KIA","Hyundai","Sportage","Untere Mittelklasse (z.B. Golf)","SUV","diesel",2013,2437,34.485,6.65,13.5,4,1.638,8.2362,39931000
"2811","KIA","Hyundai","Sportage","Untere Mittelklasse (z.B. Golf)","SUV","diesel",2014,3832,34.485,6.65,13.5,4,1.638,8.2362,40224000
"2812","KIA","Hyundai","Sportage","Untere Mittelklasse (z.B. Golf)","SUV","diesel",2015,3236,34.485,6.65,13.5,4,1.638,8.2362,40775000
"2813","KIA","Hyundai","Sportage","Untere Mittelklasse (z.B. Golf)","SUV","diesel",2016,870,35.08,6.65,13.5,4,1.638,8.2362,40959000
"2814","KIA","Hyundai","Sportage","Untere Mittelklasse (z.B. Golf)","SUV","diesel",2016,4796,38.29,6.3,13.6,4,1.615,8.3104,40959000
"2815","KIA","Hyundai","Sportage","Untere Mittelklasse (z.B. Golf)","SUV","diesel",2017,3005,38.29,6.3,13.6,4,1.615,8.3104,41303000
"2816","KIA","Hyundai","Sportage","Untere Mittelklasse (z.B. Golf)","SUV","diesel",2012,1413,25.04,5.3,8.5,4,1.49,8.2362,39708000
"2817","KIA","Hyundai","Sportage","Untere Mittelklasse (z.B. Golf)","SUV","diesel",2013,1765,25.19,5.3,8.5,4,1.49,8.2362,39931000
"2818","KIA","Hyundai","Sportage","Untere Mittelklasse (z.B. Golf)","SUV","diesel",2014,1000,25.19,5.3,8.5,4,1.49,8.2362,40224000
"2819","KIA","Hyundai","Sportage","Untere Mittelklasse (z.B. Golf)","SUV","diesel",2015,942,25.19,5.3,8.5,4,1.49,8.2362,40775000
"2820","KIA","Hyundai","Sportage","Untere Mittelklasse (z.B. Golf)","SUV","diesel",2016,1261,27.19,4.7,8.5,4,1.425,8.3104,40959000
"2821","KIA","Hyundai","Sportage","Untere Mittelklasse (z.B. Golf)","SUV","diesel",2017,929,27.19,4.7,8.5,4,1.425,8.3104,41303000
"2822","KIA","Hyundai","Sportage","Untere Mittelklasse (z.B. Golf)","SUV","gasoline",2012,2338,26.69,7.9,12,4,1.525,8.2362,39708000
"2823","KIA","Hyundai","Sportage","Untere Mittelklasse (z.B. Golf)","SUV","gasoline",2013,1552,25.19,7.6,12,4,1.455,8.2362,39931000
"2824","KIA","Hyundai","Sportage","Untere Mittelklasse (z.B. Golf)","SUV","gasoline",2014,1236,25.89,7.9,12.2,4,1.455,8.2362,40224000
"2825","KIA","Hyundai","Sportage","Untere Mittelklasse (z.B. Golf)","SUV","gasoline",2015,1637,25.89,7.9,12.2,4,1.455,8.2362,40775000
"2826","KIA","Hyundai","Sportage","Untere Mittelklasse (z.B. Golf)","SUV","gasoline",2016,147,25.89,7.9,12.2,4,1.455,8.2362,40959000
"2827","KIA","Hyundai","Sportage","Untere Mittelklasse (z.B. Golf)","SUV","gasoline",2016,2981,34.39,7.5,13,4,1.534,8.3104,40959000
"2828","KIA","Hyundai","Sportage","Untere Mittelklasse (z.B. Golf)","SUV","gasoline",2017,4423,35.09,7.5,13,4,1.569,8.3104,41303000
"2829","KIA","Hyundai","Sportage","Untere Mittelklasse (z.B. Golf)","SUV","gasoline",2016,3617,25.19,6.7,9.7,4,1.397,8.3104,40959000
"2830","KIA","Hyundai","Sportage","Untere Mittelklasse (z.B. Golf)","SUV","gasoline",2017,4533,25.34,6.7,9.7,4,1.397,8.3104,41303000
"2831","KIA","Hyundai","Sportage","Untere Mittelklasse (z.B. Golf)","SUV","gasoline",2012,2399,22.74,6.6,9.9,4,1.38,8.2362,39708000
"2832","KIA","Hyundai","Sportage","Untere Mittelklasse (z.B. Golf)","SUV","gasoline",2013,3918,22.89,6.8,9.9,4,1.38,8.2362,39931000
"2833","KIA","Hyundai","Sportage","Untere Mittelklasse (z.B. Golf)","SUV","gasoline",2014,3581,22.89,6.8,9.9,4,1.38,8.2362,40224000
"2834","KIA","Hyundai","Sportage","Untere Mittelklasse (z.B. Golf)","SUV","gasoline",2015,4526,22.89,6.8,9.9,4,1.38,8.2362,40775000
"2835","KIA","Hyundai","Sportage","Untere Mittelklasse (z.B. Golf)","SUV","gasoline",2016,2428,22.89,6.8,9.9,4,1.38,8.2362,40959000
"2836","KIA","Hyundai","Stinger","Mittelklasse (z.B. BMW 3er-Reihe)","Schrägheck","gasoline",2017,357,55.9,10.6,27.2,6,1.909,9.0321,41303000
"2837","KIA","Hyundai","Stonic","Kleinwagen (z.B. Polo)","SUV","diesel",2017,124,22.69,4.2,8.1,4,1.255,7.2864,41303000
"2838","KIA","Hyundai","Stonic","Kleinwagen (z.B. Polo)","SUV","gasoline",2017,320,15.99,5.2,6.2,4,1.145,7.2864,41303000
"2839","KIA","Hyundai","Stonic","Kleinwagen (z.B. Polo)","SUV","gasoline",2017,308,17.65,5.7,7.3,4,1.16,7.2864,41303000
"2840","KIA","Hyundai","Stonic","Kleinwagen (z.B. Polo)","SUV","gasoline",2017,1115,18.7,5.25,8.8,3,1.185,7.2864,41303000
"2841","KIA","Hyundai","Venga","Kleinwagen (z.B. Polo)","Van","diesel",2012,144,16.185,4.7,6.6,4,1.345,7.18002,39708000
"2842","KIA","Hyundai","Venga","Kleinwagen (z.B. Polo)","Van","diesel",2013,137,16.185,4.7,6.6,4,1.345,7.18002,39931000
"2843","KIA","Hyundai","Venga","Kleinwagen (z.B. Polo)","Van","diesel",2012,440,18.755,4.9,9.4,4,1.356,7.18002,39708000
"2844","KIA","Hyundai","Venga","Kleinwagen (z.B. Polo)","Van","diesel",2013,501,18.755,4.9,9.4,4,1.356,7.18002,39931000
"2845","KIA","Hyundai","Venga","Kleinwagen (z.B. Polo)","Van","diesel",2014,498,21.74,4.5,9.4,4,1.356,7.192375,40224000
"2846","KIA","Hyundai","Venga","Kleinwagen (z.B. Polo)","Van","diesel",2015,543,21.74,4.5,9.4,4,1.356,7.192375,40775000
"2847","KIA","Hyundai","Venga","Kleinwagen (z.B. Polo)","Van","diesel",2016,332,21.74,4.5,9.4,4,1.356,7.192375,40959000
"2848","KIA","Hyundai","Venga","Kleinwagen (z.B. Polo)","Van","diesel",2017,162,21.74,4.5,9.4,4,1.356,7.192375,41303000
"2849","KIA","Hyundai","Venga","Kleinwagen (z.B. Polo)","Van","gasoline",2012,2415,14.19,6,6.6,4,1.253,7.18002,39708000
"2850","KIA","Hyundai","Venga","Kleinwagen (z.B. Polo)","Van","gasoline",2013,2138,14.19,6,6.6,4,1.253,7.18002,39931000
"2851","KIA","Hyundai","Venga","Kleinwagen (z.B. Polo)","Van","gasoline",2014,1615,17.59,6,6.6,4,1.253,7.192375,40224000
"2852","KIA","Hyundai","Venga","Kleinwagen (z.B. Polo)","Van","gasoline",2015,1350,17.59,6,6.6,4,1.253,7.192375,40775000
"2853","KIA","Hyundai","Venga","Kleinwagen (z.B. Polo)","Van","gasoline",2016,1128,17.59,6,6.6,4,1.253,7.192375,40959000
"2854","KIA","Hyundai","Venga","Kleinwagen (z.B. Polo)","Van","gasoline",2017,1132,17.59,6,6.6,4,1.253,7.192375,41303000
"2855","KIA","Hyundai","Venga","Kleinwagen (z.B. Polo)","Van","gasoline",2012,2381,16.98,6.7,9.2,4,1.255,7.18002,39708000
"2856","KIA","Hyundai","Venga","Kleinwagen (z.B. Polo)","Van","gasoline",2013,2600,16.98,6.7,9.2,4,1.255,7.18002,39931000
"2857","KIA","Hyundai","Venga","Kleinwagen (z.B. Polo)","Van","gasoline",2014,2592,20.34,6.5,9.2,4,1.27,7.192375,40224000
"2858","KIA","Hyundai","Venga","Kleinwagen (z.B. Polo)","Van","gasoline",2015,2614,20.34,6.5,9.2,4,1.27,7.192375,40775000
"2859","KIA","Hyundai","Venga","Kleinwagen (z.B. Polo)","Van","gasoline",2016,2960,20.34,6.5,9.2,4,1.27,7.192375,40959000
"2860","KIA","Hyundai","Venga","Kleinwagen (z.B. Polo)","Van","gasoline",2017,2755,20.34,6.5,9.2,4,1.27,7.192375,41303000
"2861","KIA","Hyundai","ceed","Untere Mittelklasse (z.B. Golf)","Schrägheck","diesel",2015,1296,25.59,3.9,10,4,1.389,8.0189,40775000
"2862","KIA","Hyundai","ceed","Untere Mittelklasse (z.B. Golf)","Schrägheck","diesel",2016,3756,25.59,3.9,10,4,1.389,8.0189,40959000
"2863","KIA","Hyundai","ceed","Untere Mittelklasse (z.B. Golf)","Schrägheck","diesel",2017,2183,25.59,3.9,10,4,1.389,8.0189,41303000
"2864","KIA","Hyundai","ceed","Untere Mittelklasse (z.B. Golf)","Schrägheck","diesel",2012,310,18.075,4.5,6.6,4,1.367,7.6254,39708000
"2865","KIA","Hyundai","ceed","Untere Mittelklasse (z.B. Golf)","Schrägheck","diesel",2013,265,21.19,4.5,6.6,4,1.411,8.0189,39931000
"2866","KIA","Hyundai","ceed","Untere Mittelklasse (z.B. Golf)","Schrägheck","diesel",2012,1299,20.5175,4.5,8.5,4,1.367,7.6254,39708000
"2867","KIA","Hyundai","ceed","Untere Mittelklasse (z.B. Golf)","Schrägheck","diesel",2013,126,20.5175,4.5,8.5,4,1.367,7.6254,39931000
"2868","KIA","Hyundai","ceed","Untere Mittelklasse (z.B. Golf)","Schrägheck","diesel",2012,1465,22.24,4.3,9.4,4,1.375,7.6718,39708000
"2869","KIA","Hyundai","ceed","Untere Mittelklasse (z.B. Golf)","Schrägheck","diesel",2013,3327,22.29,4.2,9.4,4,1.42,8.0189,39931000
"2870","KIA","Hyundai","ceed","Untere Mittelklasse (z.B. Golf)","Schrägheck","diesel",2014,3421,22.29,4.2,9.4,4,1.42,8.0189,40224000
"2871","KIA","Hyundai","ceed","Untere Mittelklasse (z.B. Golf)","Schrägheck","diesel",2015,3015,22.29,4.2,9.4,4,1.42,8.0189,40775000
"2872","KIA","Hyundai","ceed","Untere Mittelklasse (z.B. Golf)","Schrägheck","gasoline",2013,515,24.69,7.4,15,4,1.359,7.6718,39931000
"2873","KIA","Hyundai","ceed","Untere Mittelklasse (z.B. Golf)","Schrägheck","gasoline",2014,1293,25.39,7.4,15,4,1.382,7.6718,40224000
"2874","KIA","Hyundai","ceed","Untere Mittelklasse (z.B. Golf)","Schrägheck","gasoline",2015,996,25.39,7.4,15,4,1.382,7.6718,40775000
"2875","KIA","Hyundai","ceed","Untere Mittelklasse (z.B. Golf)","Schrägheck","gasoline",2016,1004,25.39,7.4,15,4,1.382,7.6718,40959000
"2876","KIA","Hyundai","ceed","Untere Mittelklasse (z.B. Golf)","Schrägheck","gasoline",2017,1043,26.99,7.4,15,4,1.3885,7.6718,41303000
"2877","KIA","Hyundai","ceed","Untere Mittelklasse (z.B. Golf)","Schrägheck","gasoline",2012,3758,14.945,5.8,6.6,4,1.263,7.6254,39708000
"2878","KIA","Hyundai","ceed","Untere Mittelklasse (z.B. Golf)","Schrägheck","gasoline",2013,291,14.945,5.8,6.6,4,1.263,7.6254,39931000
"2879","KIA","Hyundai","ceed","Untere Mittelklasse (z.B. Golf)","Schrägheck","gasoline",2012,2168,18.29,6,7.3,4,1.258,7.6718,39708000
"2880","KIA","Hyundai","ceed","Untere Mittelklasse (z.B. Golf)","Schrägheck","gasoline",2013,5963,18.29,6,7.3,4,1.258,7.6718,39931000
"2881","KIA","Hyundai","ceed","Untere Mittelklasse (z.B. Golf)","Schrägheck","gasoline",2014,4404,18.29,6,7.3,4,1.258,7.6718,40224000
"2882","KIA","Hyundai","ceed","Untere Mittelklasse (z.B. Golf)","Schrägheck","gasoline",2015,2564,18.29,6,7.3,4,1.258,7.6718,40775000
"2883","KIA","Hyundai","ceed","Untere Mittelklasse (z.B. Golf)","Schrägheck","gasoline",2015,297,18.79,6,7.4,4,1.254,7.6718,40775000
"2884","KIA","Hyundai","ceed","Untere Mittelklasse (z.B. Golf)","Schrägheck","gasoline",2016,3904,18.79,6,7.4,4,1.254,7.6718,40959000
"2885","KIA","Hyundai","ceed","Untere Mittelklasse (z.B. Golf)","Schrägheck","gasoline",2017,3889,18.79,6,7.4,4,1.254,7.6718,41303000
"2886","KIA","Hyundai","ceed","Untere Mittelklasse (z.B. Golf)","Schrägheck","gasoline",2015,457,23.99,4.9,8.8,3,1.279,7.6718,40775000
"2887","KIA","Hyundai","ceed","Untere Mittelklasse (z.B. Golf)","Schrägheck","gasoline",2016,716,23.99,4.9,8.8,3,1.279,7.6718,40959000
"2888","KIA","Hyundai","ceed","Untere Mittelklasse (z.B. Golf)","Schrägheck","gasoline",2017,205,23.99,4.9,8.8,3,1.279,7.6718,41303000
"2889","KIA","Hyundai","ceed","Untere Mittelklasse (z.B. Golf)","Schrägheck","gasoline",2012,2535,19.6795,6.3,9.2,4,1.274,7.6254,39708000
"2890","KIA","Hyundai","ceed","Untere Mittelklasse (z.B. Golf)","Schrägheck","gasoline",2013,359,19.6795,6.3,9.2,4,1.274,7.6254,39931000
"2891","KIA","Hyundai","ceed","Untere Mittelklasse (z.B. Golf)","Schrägheck","gasoline",2012,1913,20.59,6.1,9.9,4,1.267,7.6718,39708000
"2892","KIA","Hyundai","ceed","Untere Mittelklasse (z.B. Golf)","Schrägheck","gasoline",2013,6167,22.59,6.4,9.9,4,1.316,8.0189,39931000
"2893","KIA","Hyundai","ceed","Untere Mittelklasse (z.B. Golf)","Schrägheck","gasoline",2014,4242,22.465,6.3,9.9,4,1.316,8.0189,40224000
"2894","KIA","Hyundai","ceed","Untere Mittelklasse (z.B. Golf)","Schrägheck","gasoline",2015,3303,22.465,6.3,9.9,4,1.316,8.0189,40775000
"2895","KIA","Hyundai","ceed","Untere Mittelklasse (z.B. Golf)","Schrägheck","gasoline",2016,2397,21.59,5.9,9.9,4,1.267,7.6718,40959000
"2896","KIA","Hyundai","ceed","Untere Mittelklasse (z.B. Golf)","Schrägheck","gasoline",2017,2462,22.44,6,9.9,4,1.271,8.0189,41303000
"2897","Lada","Lada","4x4","Untere Mittelklasse (z.B. Golf)","Geländewagen","gasoline",2013,365,11.99,9.5,6.1,4,1.285,6.2496,39931000
"2898","Lada","Lada","4x4","Untere Mittelklasse (z.B. Golf)","Geländewagen","gasoline",2014,819,11.99,9.5,6.1,4,1.285,6.2496,40224000
"2899","Lada","Lada","4x4","Untere Mittelklasse (z.B. Golf)","Geländewagen","gasoline",2015,983,11.99,9.5,6.1,4,1.285,6.2496,40775000
"2900","Lada","Lada","4x4","Untere Mittelklasse (z.B. Golf)","Geländewagen","gasoline",2016,1090,11.99,9.5,6.1,4,1.285,6.2496,40959000
"2901","Lada","Lada","4x4","Untere Mittelklasse (z.B. Golf)","Geländewagen","gasoline",2017,1256,11.99,9.5,6.1,4,1.285,6.2496,41303000
"2902","Lada","Lada","Kalina","Kleinwagen (z.B. Polo)","Schrägheck","gasoline",2015,268,8.125,6.6,6.4,4,1.105,6.9428,40775000
"2903","Lada","Lada","Kalina","Kleinwagen (z.B. Polo)","Schrägheck","gasoline",2016,276,8.125,6.6,6.4,4,1.105,6.9428,40959000
"2904","Lada","Lada","Kalina","Kleinwagen (z.B. Polo)","Schrägheck","gasoline",2017,358,8.125,6.6,6.4,4,1.105,6.9428,41303000
"2905","Lada","Lada","Kalina","Kleinwagen (z.B. Polo)","Schrägheck","gasoline",2012,144,11.34,6.4,6.6,4,1.243,6.868,39708000
"2906","Lada","Lada","Kalina","Kleinwagen (z.B. Polo)","Schrägheck","gasoline",2016,778,11.5,6.7,7.2,4,1.11,6.9428,40959000
"2907","Lada","Lada","Kalina","Kleinwagen (z.B. Polo)","Schrägheck","gasoline",2017,976,11.5,6.7,7.2,4,1.11,6.9428,41303000
"2908","Lada","Lada","Niva","Untere Mittelklasse (z.B. Golf)","Geländewagen","gasoline",2012,2360,13.4,9.5,6.1,4,1.285,6.2496,39708000
"2909","Lada","Lada","Niva","Untere Mittelklasse (z.B. Golf)","Geländewagen","gasoline",2013,1148,13.4,9.5,6.1,4,1.285,6.2496,39931000
"2910","Lada","Lada","Priora","Untere Mittelklasse (z.B. Golf)","Kombi","gasoline",2012,132,10.49,6.4,7.2,4,1.178,7.308,39708000
"2911","Lada","Lada","Taiga","Untere Mittelklasse (z.B. Golf)","Geländewagen","gasoline",2012,306,13.12,9.5,6.1,4,1.312,6.2496,39708000
"2912","Lada","Lada","Taiga","Untere Mittelklasse (z.B. Golf)","Geländewagen","gasoline",2013,389,9.99,9.5,6.1,4,1.285,6.2496,39931000
"2913","Lada","Lada","Taiga","Untere Mittelklasse (z.B. Golf)","Geländewagen","gasoline",2014,877,9.99,9.5,6.1,4,1.285,6.2496,40224000
"2914","Lada","Lada","Taiga","Untere Mittelklasse (z.B. Golf)","Geländewagen","gasoline",2015,823,9.99,9.5,6.1,4,1.285,6.2496,40775000
"2915","Lada","Lada","Taiga","Untere Mittelklasse (z.B. Golf)","Geländewagen","gasoline",2016,808,9.99,9.5,6.1,4,1.285,6.2496,40959000
"2916","Lada","Lada","Taiga","Untere Mittelklasse (z.B. Golf)","Geländewagen","gasoline",2017,826,9.99,9.5,6.1,4,1.285,6.2496,41303000
"2917","Lada","Lada","Urban","Untere Mittelklasse (z.B. Golf)","Geländewagen","gasoline",2016,312,12.77,9.5,6.1,4,1.285,6.1516,40959000
"2918","Lada","Lada","Urban","Untere Mittelklasse (z.B. Golf)","Geländewagen","gasoline",2017,770,12.77,9.5,6.1,4,1.285,6.1516,41303000
"2919","Lada","Lada","Vesta","Untere Mittelklasse (z.B. Golf)","Stufenheck","gasoline",2017,942,13.95,6.1,7.8,4,1.26,7.77924,41303000
"2920","Lancia","FCA","Delta","Untere Mittelklasse (z.B. Golf)","Schrägheck","gasoline",2012,108,23.945,5.7,10.3,4,1.395,8.12244,39708000
"2921","Lancia","FCA","Delta","Untere Mittelklasse (z.B. Golf)","Schrägheck","gasoline",2012,183,22.3,6.3,8.8,4,1.395,8.12244,39708000
"2922","Lancia","FCA","Flavia","Mittelklasse (z.B. BMW 3er-Reihe)","Cabrio","gasoline",2012,120,37.7,9.4,12.5,4,1.84,9.119164,39708000
"2923","Lancia","FCA","Musa","Kleinwagen (z.B. Polo)","Van","gasoline",2012,283,18.55,6,7,4,1.235,6.875011,39708000
"2924","Lancia","FCA","Thema","Obere Mittelklasse (z.B. E-Klasse)","Stufenheck","diesel",2012,161,48.9,7.15,17.6,6,2.038,9.635532,39708000
"2925","Lancia","FCA","Voyager","Mittelklasse (z.B. BMW 3er-Reihe)","Van","diesel",2014,721,41.69,7.9,13,4,2.242,10.425564,40224000
"2926","Lancia","FCA","Voyager","Mittelklasse (z.B. BMW 3er-Reihe)","Van","diesel",2015,560,41.69,7.9,13,4,2.242,10.425564,40775000
"2927","Lancia","FCA","Voyager","Mittelklasse (z.B. BMW 3er-Reihe)","Van","diesel",2013,402,38.49,7.9,13.1,4,2.242,10.425564,39931000
"2928","Lancia","FCA","Voyager","Mittelklasse (z.B. BMW 3er-Reihe)","Van","gasoline",2012,123,38.49,10.8,20.8,6,2.091,10.425564,39708000
"2929","Lancia","FCA","Ypsilon","Kleinwagen (z.B. Polo)","Schrägheck","gasoline",2012,727,14.1,4.9,5.1,4,1.04,6.439192,39708000
"2930","Lancia","FCA","Ypsilon","Kleinwagen (z.B. Polo)","Schrägheck","gasoline",2013,330,14.1,4.9,5.1,4,1.04,6.439192,39931000
"2931","Lancia","FCA","Ypsilon","Kleinwagen (z.B. Polo)","Schrägheck","gasoline",2014,265,14.1,4.9,5.1,4,1.04,6.439192,40224000
"2932","Lancia","FCA","Ypsilon","Kleinwagen (z.B. Polo)","Schrägheck","gasoline",2012,272,15.75,4.2,6.3,2,1.05,6.439192,39708000
"2933","Land Rover","JaguarLandRover","Discovery Sport","Mittelklasse (z.B. BMW 3er-Reihe)","SUV","diesel",2015,1169,36.75,5.7,11,4,1.765,8.710506,40775000
"2934","Land Rover","JaguarLandRover","Discovery Sport","Mittelklasse (z.B. BMW 3er-Reihe)","SUV","diesel",2016,2384,41.3085,5.3,11,4,1.775,8.710506,40959000
"2935","Land Rover","JaguarLandRover","Discovery Sport","Mittelklasse (z.B. BMW 3er-Reihe)","SUV","diesel",2017,2182,41.3085,5.3,11,4,1.775,8.710506,41303000
"2936","Land Rover","JaguarLandRover","Discovery Sport","Mittelklasse (z.B. BMW 3er-Reihe)","SUV","diesel",2015,587,49.2,5.3,13.2,4,1.775,8.710506,40775000
"2937","Land Rover","JaguarLandRover","Discovery Sport","Mittelklasse (z.B. BMW 3er-Reihe)","SUV","diesel",2016,2279,49.2,5.3,13.2,4,1.775,8.710506,40959000
"2938","Land Rover","JaguarLandRover","Discovery Sport","Mittelklasse (z.B. BMW 3er-Reihe)","SUV","diesel",2017,2031,49.2,5.3,13.2,4,1.775,8.710506,41303000
"2939","Land Rover","JaguarLandRover","Discovery Sport","Mittelklasse (z.B. BMW 3er-Reihe)","SUV","diesel",2015,934,43.35,6,14,4,1.765,8.710506,40775000
"2940","Land Rover","JaguarLandRover","Discovery Sport","Mittelklasse (z.B. BMW 3er-Reihe)","SUV","gasoline",2015,121,48.75,8,17.7,4,1.744,8.710506,40775000
"2941","Land Rover","JaguarLandRover","Discovery Sport","Mittelklasse (z.B. BMW 3er-Reihe)","SUV","gasoline",2017,145,48.75,8,17.7,4,1.744,8.710506,41303000
"2942","Land Rover","JaguarLandRover","Discovery","Obere Mittelklasse (z.B. E-Klasse)","Geländewagen","diesel",2017,189,54.9,6.2,13.2,4,2.105,10.30281,41303000
"2943","Land Rover","JaguarLandRover","Discovery","Obere Mittelklasse (z.B. E-Klasse)","Geländewagen","diesel",2012,554,59.4,9.3,14,6,2.583,9.247535,39708000
"2944","Land Rover","JaguarLandRover","Discovery","Obere Mittelklasse (z.B. E-Klasse)","Geländewagen","diesel",2013,146,59.4,9.3,14,6,2.583,9.247535,39931000
"2945","Land Rover","JaguarLandRover","Discovery","Obere Mittelklasse (z.B. E-Klasse)","Geländewagen","diesel",2013,230,44.6,7.8,15.5,6,2.514,9.247535,39931000
"2946","Land Rover","JaguarLandRover","Discovery","Obere Mittelklasse (z.B. E-Klasse)","Geländewagen","diesel",2014,371,44.6,7.8,15.5,6,2.514,9.247535,40224000
"2947","Land Rover","JaguarLandRover","Discovery","Obere Mittelklasse (z.B. E-Klasse)","Geländewagen","diesel",2015,446,44.6,7.8,15.5,6,2.514,9.247535,40775000
"2948","Land Rover","JaguarLandRover","Discovery","Obere Mittelklasse (z.B. E-Klasse)","Geländewagen","diesel",2016,278,44.6,7.8,15.5,6,2.514,9.247535,40959000
"2949","Land Rover","JaguarLandRover","Discovery","Obere Mittelklasse (z.B. E-Klasse)","Geländewagen","diesel",2017,197,65.6,6.4,17.7,4,2.115,10.30281,41303000
"2950","Land Rover","JaguarLandRover","Discovery","Obere Mittelklasse (z.B. E-Klasse)","Geländewagen","diesel",2012,1089,54.8,8.8,18.8,6,2.583,9.247535,39708000
"2951","Land Rover","JaguarLandRover","Discovery","Obere Mittelklasse (z.B. E-Klasse)","Geländewagen","diesel",2013,1089,62.1,7.7,18.8,6,2.557,9.247535,39931000
"2952","Land Rover","JaguarLandRover","Discovery","Obere Mittelklasse (z.B. E-Klasse)","Geländewagen","diesel",2014,998,62.1,7.7,18.8,6,2.557,9.247535,40224000
"2953","Land Rover","JaguarLandRover","Discovery","Obere Mittelklasse (z.B. E-Klasse)","Geländewagen","diesel",2015,1230,62.1,7.7,18.8,6,2.557,9.247535,40775000
"2954","Land Rover","JaguarLandRover","Discovery","Obere Mittelklasse (z.B. E-Klasse)","Geländewagen","diesel",2016,1353,62.1,7.7,18.8,6,2.557,9.247535,40959000
"2955","Land Rover","JaguarLandRover","Discovery","Obere Mittelklasse (z.B. E-Klasse)","Geländewagen","diesel",2017,1013,69.5,7.2,19,6,2.23,10.30281,41303000
"2956","Land Rover","JaguarLandRover","Discovery","Obere Mittelklasse (z.B. E-Klasse)","Geländewagen","gasoline",2017,254,69.5,10.9,25,6,2.155,10.30281,41303000
"2957","Land Rover","JaguarLandRover","Freelander","Mittelklasse (z.B. BMW 3er-Reihe)","SUV","diesel",2013,736,34.33,6.2,11,4,1.86,8.595,39931000
"2958","Land Rover","JaguarLandRover","Freelander","Mittelklasse (z.B. BMW 3er-Reihe)","SUV","diesel",2014,716,34.33,6.2,11,4,1.86,8.595,40224000
"2959","Land Rover","JaguarLandRover","Freelander","Mittelklasse (z.B. BMW 3er-Reihe)","SUV","diesel",2013,534,40.7,7,14,4,1.88,8.595,39931000
"2960","Land Rover","JaguarLandRover","Freelander","Mittelklasse (z.B. BMW 3er-Reihe)","SUV","diesel",2014,649,40.7,7,14,4,1.88,8.595,40224000
"2961","Land Rover","JaguarLandRover","Range Rover Evoque","Untere Mittelklasse (z.B. Golf)","SUV","diesel",2012,2591,35.2,5.7,11,4,1.67,8.2935,39708000
"2962","Land Rover","JaguarLandRover","Range Rover Evoque","Untere Mittelklasse (z.B. Golf)","SUV","diesel",2013,2275,35.2,5.7,11,4,1.67,8.2935,39931000
"2963","Land Rover","JaguarLandRover","Range Rover Evoque","Untere Mittelklasse (z.B. Golf)","SUV","diesel",2014,2534,35.2,5.7,11,4,1.67,8.2935,40224000
"2964","Land Rover","JaguarLandRover","Range Rover Evoque","Untere Mittelklasse (z.B. Golf)","SUV","diesel",2015,3023,35.2,5.7,11,4,1.67,8.2935,40775000
"2965","Land Rover","JaguarLandRover","Range Rover Evoque","Untere Mittelklasse (z.B. Golf)","SUV","diesel",2016,3115,41.25,4.8,11,4,1.735,8.303,40959000
"2966","Land Rover","JaguarLandRover","Range Rover Evoque","Untere Mittelklasse (z.B. Golf)","SUV","diesel",2017,2680,41.25,4.8,11,4,1.735,8.303,41303000
"2967","Land Rover","JaguarLandRover","Range Rover Evoque","Untere Mittelklasse (z.B. Golf)","SUV","diesel",2015,422,40.63,5.1,13.2,4,1.735,8.303,40775000
"2968","Land Rover","JaguarLandRover","Range Rover Evoque","Untere Mittelklasse (z.B. Golf)","SUV","diesel",2016,3435,40.63,5.1,13.2,4,1.735,8.303,40959000
"2969","Land Rover","JaguarLandRover","Range Rover Evoque","Untere Mittelklasse (z.B. Golf)","SUV","diesel",2017,3152,40.63,5.1,13.2,4,1.735,8.303,41303000
"2970","Land Rover","JaguarLandRover","Range Rover Evoque","Untere Mittelklasse (z.B. Golf)","SUV","diesel",2012,2744,38.1,5.7,14,4,1.67,8.2935,39708000
"2971","Land Rover","JaguarLandRover","Range Rover Evoque","Untere Mittelklasse (z.B. Golf)","SUV","diesel",2013,2746,38.1,5.7,14,4,1.67,8.2935,39931000
"2972","Land Rover","JaguarLandRover","Range Rover Evoque","Untere Mittelklasse (z.B. Golf)","SUV","diesel",2014,2851,38.1,5.7,14,4,1.67,8.2935,40224000
"2973","Land Rover","JaguarLandRover","Range Rover Evoque","Untere Mittelklasse (z.B. Golf)","SUV","diesel",2015,1975,38.1,5.7,14,4,1.67,8.2935,40775000
"2974","Land Rover","JaguarLandRover","Range Rover Evoque","Untere Mittelklasse (z.B. Golf)","SUV","diesel",2012,473,38.1,5.7,17.7,4,1.67,8.2935,39708000
"2975","Land Rover","JaguarLandRover","Range Rover Evoque","Untere Mittelklasse (z.B. Golf)","SUV","gasoline",2012,642,40.3,8.7,17.7,4,1.64,8.2935,39708000
"2976","Land Rover","JaguarLandRover","Range Rover Evoque","Untere Mittelklasse (z.B. Golf)","SUV","gasoline",2013,323,40.3,8.7,17.7,4,1.64,8.2935,39931000
"2977","Land Rover","JaguarLandRover","Range Rover Evoque","Untere Mittelklasse (z.B. Golf)","SUV","gasoline",2014,327,51.89,8.4,17.7,4,1.752,8.303,40224000
"2978","Land Rover","JaguarLandRover","Range Rover Evoque","Untere Mittelklasse (z.B. Golf)","SUV","gasoline",2015,240,51.89,8.4,17.7,4,1.752,8.303,40775000
"2979","Land Rover","JaguarLandRover","Range Rover Evoque","Untere Mittelklasse (z.B. Golf)","SUV","gasoline",2016,389,51.89,8.4,17.7,4,1.752,8.303,40959000
"2980","Land Rover","JaguarLandRover","Range Rover Evoque","Untere Mittelklasse (z.B. Golf)","SUV","gasoline",2017,725,51.89,8.4,17.7,4,1.752,8.303,41303000
"2981","Land Rover","JaguarLandRover","Range Rover Sport","Oberklasse (z.B. S-Klasse)","Geländewagen","diesel",2017,457,67,6.5,17.7,4,2.101,9.6463035,41303000
"2982","Land Rover","JaguarLandRover","Range Rover Sport","Oberklasse (z.B. S-Klasse)","Geländewagen","diesel",2014,107,71.4,7.4,18.3,6,2.245,9.675057,40224000
"2983","Land Rover","JaguarLandRover","Range Rover Sport","Oberklasse (z.B. S-Klasse)","Geländewagen","diesel",2015,105,71.4,7.4,18.3,6,2.245,9.675057,40775000
"2984","Land Rover","JaguarLandRover","Range Rover Sport","Oberklasse (z.B. S-Klasse)","Geländewagen","diesel",2013,576,62.9,8.8,18.8,6,2.58,9.221624,39931000
"2985","Land Rover","JaguarLandRover","Range Rover Sport","Oberklasse (z.B. S-Klasse)","Geländewagen","diesel",2013,273,66.65,6.9,19,6,2.1245,9.61755,39931000
"2986","Land Rover","JaguarLandRover","Range Rover Sport","Oberklasse (z.B. S-Klasse)","Geländewagen","diesel",2014,1464,66.65,6.9,19,6,2.1245,9.61755,40224000
"2987","Land Rover","JaguarLandRover","Range Rover Sport","Oberklasse (z.B. S-Klasse)","Geländewagen","diesel",2015,2478,66.65,6.9,19,6,2.1245,9.61755,40775000
"2988","Land Rover","JaguarLandRover","Range Rover Sport","Oberklasse (z.B. S-Klasse)","Geländewagen","diesel",2016,3179,66.65,6.9,19,6,2.1245,9.61755,40959000
"2989","Land Rover","JaguarLandRover","Range Rover Sport","Oberklasse (z.B. S-Klasse)","Geländewagen","diesel",2017,2858,69.35,6.9,19,6,2.134,9.6463035,41303000
"2990","Land Rover","JaguarLandRover","Range Rover Sport","Oberklasse (z.B. S-Klasse)","Geländewagen","diesel",2013,750,79.95,7.5,21.5,6,2.115,9.61755,39931000
"2991","Land Rover","JaguarLandRover","Range Rover Sport","Oberklasse (z.B. S-Klasse)","Geländewagen","diesel",2014,1758,79.95,7.5,21.5,6,2.115,9.61755,40224000
"2992","Land Rover","JaguarLandRover","Range Rover Sport","Oberklasse (z.B. S-Klasse)","Geländewagen","diesel",2015,285,79.95,7.5,21.5,6,2.115,9.61755,40775000
"2993","Land Rover","JaguarLandRover","Range Rover Sport","Oberklasse (z.B. S-Klasse)","Geländewagen","diesel",2015,987,82.3,7,22.5,6,2.185,9.61755,40775000
"2994","Land Rover","JaguarLandRover","Range Rover Sport","Oberklasse (z.B. S-Klasse)","Geländewagen","diesel",2016,1325,82.3,7,22.5,6,2.185,9.61755,40959000
"2995","Land Rover","JaguarLandRover","Range Rover Sport","Oberklasse (z.B. S-Klasse)","Geländewagen","diesel",2017,926,86.2,7,22.5,6,2.178,9.675057,41303000
"2996","Land Rover","JaguarLandRover","Range Rover Sport","Oberklasse (z.B. S-Klasse)","Geländewagen","diesel",2013,815,92.8,9,25,8,2.398,9.61755,39931000
"2997","Land Rover","JaguarLandRover","Range Rover Sport","Oberklasse (z.B. S-Klasse)","Geländewagen","diesel",2014,1000,92.8,9,25,8,2.398,9.61755,40224000
"2998","Land Rover","JaguarLandRover","Range Rover Sport","Oberklasse (z.B. S-Klasse)","Geländewagen","diesel",2015,1078,92.8,9,25,8,2.398,9.61755,40775000
"2999","Land Rover","JaguarLandRover","Range Rover Sport","Oberklasse (z.B. S-Klasse)","Geländewagen","diesel",2016,794,92.8,9,25,8,2.398,9.61755,40959000
"3000","Land Rover","JaguarLandRover","Range Rover Sport","Oberklasse (z.B. S-Klasse)","Geländewagen","diesel",2017,687,107.7,8.7,25,8,2.451,9.766275,41303000
"3001","Land Rover","JaguarLandRover","Range Rover Sport","Oberklasse (z.B. S-Klasse)","Geländewagen","gasoline",2016,141,78.4,10.5,25,6,2.195,9.675057,40959000
"3002","Land Rover","JaguarLandRover","Range Rover Sport","Oberklasse (z.B. S-Klasse)","Geländewagen","gasoline",2017,148,79.65,10.5,25,6,2.195,9.675057,41303000
"3003","Land Rover","JaguarLandRover","Range Rover Sport","Oberklasse (z.B. S-Klasse)","Geländewagen","gasoline",2017,268,78.4,10.5,28,6,2.195,9.675057,41303000
"3004","Land Rover","JaguarLandRover","Range Rover Sport","Oberklasse (z.B. S-Klasse)","Geländewagen","gasoline",2013,135,94.9,12.8,37.5,8,2.335,9.61755,39931000
"3005","Land Rover","JaguarLandRover","Range Rover Sport","Oberklasse (z.B. S-Klasse)","Geländewagen","gasoline",2014,259,94.9,12.8,37.5,8,2.335,9.61755,40224000
"3006","Land Rover","JaguarLandRover","Range Rover Sport","Oberklasse (z.B. S-Klasse)","Geländewagen","gasoline",2015,119,94.9,12.8,37.5,8,2.335,9.61755,40775000
"3007","Land Rover","JaguarLandRover","Range Rover Sport","Oberklasse (z.B. S-Klasse)","Geländewagen","gasoline",2016,101,94.9,12.8,37.5,8,2.335,9.61755,40959000
"3008","Land Rover","JaguarLandRover","Range Rover Sport","Oberklasse (z.B. S-Klasse)","Geländewagen","gasoline",2017,113,94.9,12.8,37.5,8,2.335,9.61755,41303000
"3009","Land Rover","JaguarLandRover","Range Rover Sport","Oberklasse (z.B. S-Klasse)","Geländewagen","gasoline",2015,118,128,12.8,40.5,8,2.3325,9.661176,40775000
"3010","Land Rover","JaguarLandRover","Range Rover Sport","Oberklasse (z.B. S-Klasse)","Geländewagen","gasoline",2016,217,128,12.8,40.5,8,2.3325,9.661176,40959000
"3011","Land Rover","JaguarLandRover","Range Rover Sport","Oberklasse (z.B. S-Klasse)","Geländewagen","gasoline",2017,214,128,12.8,40.5,8,2.3325,9.661176,41303000
"3012","Land Rover","JaguarLandRover","Range Rover Velar","Mittelklasse (z.B. BMW 3er-Reihe)","SUV","diesel",2017,296,60.41,6.1,17.7,4,1.876,9.284199,41303000
"3013","Land Rover","JaguarLandRover","Range Rover Velar","Mittelklasse (z.B. BMW 3er-Reihe)","SUV","diesel",2017,730,75.19,6.5,22.1,6,1.994,9.284199,41303000
"3014","Land Rover","JaguarLandRover","Range Rover","Oberklasse (z.B. S-Klasse)","Geländewagen","diesel",2012,361,93.81,6.9,15.5,6,2.16,9.913017,39708000
"3015","Land Rover","JaguarLandRover","Range Rover","Oberklasse (z.B. S-Klasse)","Geländewagen","diesel",2013,116,93.81,6.9,18.3,6,2.16,9.913017,39931000
"3016","Land Rover","JaguarLandRover","Range Rover","Oberklasse (z.B. S-Klasse)","Geländewagen","diesel",2015,125,93.81,6.9,18.3,6,2.16,9.913017,40775000
"3017","Land Rover","JaguarLandRover","Range Rover","Oberklasse (z.B. S-Klasse)","Geländewagen","diesel",2017,141,93.81,6.9,18.3,6,2.16,9.913017,41303000
"3018","Land Rover","JaguarLandRover","Range Rover","Oberklasse (z.B. S-Klasse)","Geländewagen","diesel",2013,654,105.355,6.9,19,6,2.1875,9.913017,39931000
"3019","Land Rover","JaguarLandRover","Range Rover","Oberklasse (z.B. S-Klasse)","Geländewagen","diesel",2014,844,105.355,6.9,19,6,2.1875,9.913017,40224000
"3020","Land Rover","JaguarLandRover","Range Rover","Oberklasse (z.B. S-Klasse)","Geländewagen","diesel",2015,1691,105.355,6.9,19,6,2.1875,9.913017,40775000
"3021","Land Rover","JaguarLandRover","Range Rover","Oberklasse (z.B. S-Klasse)","Geländewagen","diesel",2016,2444,105.355,6.9,19,6,2.1875,9.913017,40959000
"3022","Land Rover","JaguarLandRover","Range Rover","Oberklasse (z.B. S-Klasse)","Geländewagen","diesel",2017,2926,113.9,6.9,19,6,2.249,9.915,41303000
"3023","Land Rover","JaguarLandRover","Range Rover","Oberklasse (z.B. S-Klasse)","Geländewagen","gasoline",2013,308,136.655,12.8,37.5,8,2.336,9.913017,39931000
"3024","Land Rover","JaguarLandRover","Range Rover","Oberklasse (z.B. S-Klasse)","Geländewagen","gasoline",2014,541,136.655,12.8,37.5,8,2.336,9.913017,40224000
"3025","Land Rover","JaguarLandRover","Range Rover","Oberklasse (z.B. S-Klasse)","Geländewagen","gasoline",2015,665,136.655,12.8,37.5,8,2.336,9.913017,40775000
"3026","Land Rover","JaguarLandRover","Range Rover","Oberklasse (z.B. S-Klasse)","Geländewagen","gasoline",2016,355,136.655,12.8,37.5,8,2.336,9.913017,40959000
"3027","Land Rover","JaguarLandRover","Range Rover","Oberklasse (z.B. S-Klasse)","Geländewagen","gasoline",2017,467,136.655,12.8,37.5,8,2.336,9.913017,41303000
"3028","Land Rover","JaguarLandRover","Range Rover","Oberklasse (z.B. S-Klasse)","Geländewagen","gasoline",2016,159,183.5,12.8,40.5,8,2.465,9.913017,40959000
"3029","Land Rover","JaguarLandRover","Range Rover","Oberklasse (z.B. S-Klasse)","Geländewagen","gasoline",2017,121,183.5,12.8,40.5,8,2.465,9.913017,41303000
"3030","Lexus","Toyota","GS","Obere Mittelklasse (z.B. E-Klasse)","Stufenheck","gasoline",2012,112,55.125,9.1,15.4,6,1.715,8.924,39708000
"3031","Lexus","Toyota","IS","Mittelklasse (z.B. BMW 3er-Reihe)","Stufenheck","gasoline",2012,150,39.56,8.5,15.3,6,1.58,8.348125,39708000
"3032","Lexus","Toyota","IS","Mittelklasse (z.B. BMW 3er-Reihe)","Stufenheck","gasoline",2013,121,35.79,8.4,15.3,6,1.605,8.253,39931000
"3033","Lexus","Toyota","NX","Mittelklasse (z.B. BMW 3er-Reihe)","SUV","gasoline",2015,115,53.4,7.9,17.5,4,1.81,8.54235,40775000
"3034","Lexus","Toyota","RX","Obere Mittelklasse (z.B. E-Klasse)","SUV","gasoline",2017,134,57.9,8.1,17.5,4,1.96,9.26655,41303000
"3035","MINI","BMW","MINI","Kleinwagen (z.B. Polo)","SUV","diesel",2012,3974,29.87,5.5,10.5,4,1.4825,7.35279,39708000
"3036","MINI","BMW","MINI","Kleinwagen (z.B. Polo)","SUV","diesel",2013,3481,31.02,5.4,10.5,4,1.4875,7.351001,39931000
"3037","MINI","BMW","MINI","Kleinwagen (z.B. Polo)","SUV","diesel",2014,2423,31.02,5.4,10.5,4,1.4875,7.351001,40224000
"3038","MINI","BMW","MINI","Kleinwagen (z.B. Polo)","SUV","diesel",2015,1581,31.02,5.4,10.5,4,1.4875,7.351001,40775000
"3039","MINI","BMW","MINI","Kleinwagen (z.B. Polo)","SUV","diesel",2016,843,31.87,5.35,10.5,4,1.4925,7.351001,40959000
"3040","MINI","BMW","MINI","Untere Mittelklasse (z.B. Golf)","Kombi","diesel",2015,307,28.6,4.1,11,4,1.435,7.6554,40775000
"3041","MINI","BMW","MINI","Untere Mittelklasse (z.B. Golf)","SUV","diesel",2016,1060,28.6,4.1,11,4,1.435,7.6554,40959000
"3042","MINI","BMW","MINI","Untere Mittelklasse (z.B. Golf)","SUV","diesel",2017,1482,28.6,4.1,11,4,1.435,7.6554,41303000
"3043","MINI","BMW","MINI","Kleinwagen (z.B. Polo)","Schrägheck","diesel",2014,611,28.05,4,12.5,4,1.225,6.598867,40224000
"3044","MINI","BMW","MINI","Kleinwagen (z.B. Polo)","Schrägheck","diesel",2015,1690,28.05,4,12.5,4,1.225,6.598867,40775000
"3045","MINI","BMW","MINI","Kleinwagen (z.B. Polo)","Schrägheck","diesel",2016,1344,28.05,4,12.5,4,1.225,6.598867,40959000
"3046","MINI","BMW","MINI","Kleinwagen (z.B. Polo)","Schrägheck","diesel",2017,942,28.05,4.05,12.5,4,1.27,6.598867,41303000
"3047","MINI","BMW","MINI","Untere Mittelklasse (z.B. Golf)","SUV","diesel",2016,1112,31.775,4.4,14,4,1.47,7.6554,40959000
"3048","MINI","BMW","MINI","Untere Mittelklasse (z.B. Golf)","SUV","diesel",2017,1338,37.375,4.85,14,4,1.63,7.832778,41303000
"3049","MINI","BMW","MINI","Kleinwagen (z.B. Polo)","SUV","diesel",2012,1339,20.65,3.8,6.6,4,1.165,6.265809,39708000
"3050","MINI","BMW","MINI","Kleinwagen (z.B. Polo)","SUV","diesel",2013,1645,20.65,3.8,6.6,4,1.165,6.265809,39931000
"3051","MINI","BMW","MINI","Kleinwagen (z.B. Polo)","SUV","diesel",2014,718,22.2,4.3,6.6,4,1.385,7.329533,40224000
"3052","MINI","BMW","MINI","Kleinwagen (z.B. Polo)","SUV","diesel",2015,353,22.2,4.3,6.6,4,1.385,7.329533,40775000
"3053","MINI","BMW","MINI","Kleinwagen (z.B. Polo)","SUV","diesel",2016,146,22.25,4.2,6.6,4,1.385,7.329533,40959000
"3054","MINI","BMW","MINI","Kleinwagen (z.B. Polo)","Schrägheck","diesel",2014,579,23.03,3.5,7,3,1.19,6.598867,40224000
"3055","MINI","BMW","MINI","Kleinwagen (z.B. Polo)","Schrägheck","diesel",2015,1285,23.03,3.5,7,3,1.19,6.598867,40775000
"3056","MINI","BMW","MINI","Kleinwagen (z.B. Polo)","Schrägheck","diesel",2016,1234,23.03,3.5,7,3,1.19,6.598867,40959000
"3057","MINI","BMW","MINI","Kleinwagen (z.B. Polo)","Schrägheck","diesel",2017,976,23.03,3.7,7,3,1.19,6.598867,41303000
"3058","MINI","BMW","MINI","Kleinwagen (z.B. Polo)","SUV","diesel",2012,4856,21.85,3.8,8.2,4,1.165,6.265809,39708000
"3059","MINI","BMW","MINI","Kleinwagen (z.B. Polo)","SUV","diesel",2013,4272,25.75,4.2,8.2,4,1.385,7.329533,39931000
"3060","MINI","BMW","MINI","Kleinwagen (z.B. Polo)","SUV","diesel",2014,2918,25.75,4.2,8.2,4,1.385,7.329533,40224000
"3061","MINI","BMW","MINI","Kleinwagen (z.B. Polo)","SUV","diesel",2015,1350,25.75,4.2,8.2,4,1.385,7.329533,40775000
"3062","MINI","BMW","MINI","Kleinwagen (z.B. Polo)","SUV","diesel",2016,701,27.05,4.2,8.2,4,1.385,7.329533,40959000
"3063","MINI","BMW","MINI","Kleinwagen (z.B. Polo)","Schrägheck","diesel",2014,1351,25.72,3.8,8.5,3,1.225,6.598867,40224000
"3064","MINI","BMW","MINI","Untere Mittelklasse (z.B. Golf)","Schrägheck","diesel",2015,2181,25.72,3.8,8.5,3,1.225,6.598867,40775000
"3065","MINI","BMW","MINI","Untere Mittelklasse (z.B. Golf)","Schrägheck","diesel",2016,2547,25.72,3.8,8.5,3,1.225,6.598867,40959000
"3066","MINI","BMW","MINI","Untere Mittelklasse (z.B. Golf)","SUV","diesel",2017,2459,26.5,3.9,8.5,3,1.42,7.6554,41303000
"3067","MINI","BMW","MINI","Kleinwagen (z.B. Polo)","Schrägheck","gasoline",2014,4459,20.5,4.5,10,3,1.215,6.598867,40224000
"3068","MINI","BMW","MINI","Untere Mittelklasse (z.B. Golf)","Schrägheck","gasoline",2015,6787,23.845,4.65,10,3,1.175,6.598867,40775000
"3069","MINI","BMW","MINI","Untere Mittelklasse (z.B. Golf)","SUV","gasoline",2016,10815,23.845,4.65,10,3,1.175,6.598867,40959000
"3070","MINI","BMW","MINI","Untere Mittelklasse (z.B. Golf)","SUV","gasoline",2017,12250,23.05,4.75,10,3,1.19,6.598867,41303000
"3071","MINI","BMW","MINI","Kleinwagen (z.B. Polo)","SUV","gasoline",2012,7073,30.42,6.3,13.5,4,1.3175,6.275907,39708000
"3072","MINI","BMW","MINI","Kleinwagen (z.B. Polo)","SUV","gasoline",2013,5139,30.42,6.3,13.5,4,1.3175,6.275907,39931000
"3073","MINI","BMW","MINI","Kleinwagen (z.B. Polo)","SUV","gasoline",2014,2817,30.42,6.3,13.5,4,1.3175,6.275907,40224000
"3074","MINI","BMW","MINI","Kleinwagen (z.B. Polo)","Roadster","gasoline",2015,1223,30.42,6.3,13.5,4,1.3175,6.275907,40775000
"3075","MINI","BMW","MINI","Kleinwagen (z.B. Polo)","SUV","gasoline",2014,548,30.22,6.75,14,4,1.4775,7.351001,40224000
"3076","MINI","BMW","MINI","Kleinwagen (z.B. Polo)","SUV","gasoline",2015,1143,30.22,6.75,14,4,1.4775,7.351001,40775000
"3077","MINI","BMW","MINI","Kleinwagen (z.B. Polo)","SUV","gasoline",2016,759,30.22,6.75,14,4,1.4775,7.351001,40959000
"3078","MINI","BMW","MINI","Kleinwagen (z.B. Polo)","Schrägheck","gasoline",2014,2807,24.75,5.7,14.1,4,1.275,6.64895,40224000
"3079","MINI","BMW","MINI","Untere Mittelklasse (z.B. Golf)","Schrägheck","gasoline",2015,4021,27.37,5.55,14.1,4,1.2425,6.64895,40775000
"3080","MINI","BMW","MINI","Untere Mittelklasse (z.B. Golf)","SUV","gasoline",2016,7095,29.45,5.8,14.1,4,1.36,6.64895,40959000
"3081","MINI","BMW","MINI","Untere Mittelklasse (z.B. Golf)","SUV","gasoline",2017,9396,30.15,5.85,14.1,4,1.37,6.64895,41303000
"3082","MINI","BMW","MINI","Kleinwagen (z.B. Polo)","Schrägheck","gasoline",2012,1628,32.75,7.3,15.5,4,1.305,6.275907,39708000
"3083","MINI","BMW","MINI","Kleinwagen (z.B. Polo)","Schrägheck","gasoline",2013,1242,32.75,7.3,15.5,4,1.305,6.275907,39931000
"3084","MINI","BMW","MINI","Kleinwagen (z.B. Polo)","Schrägheck","gasoline",2014,810,32.75,7.3,15.5,4,1.305,6.275907,40224000
"3085","MINI","BMW","MINI","Kleinwagen (z.B. Polo)","Roadster","gasoline",2015,473,32.75,7.3,15.5,4,1.305,6.275907,40775000
"3086","MINI","BMW","MINI","Kleinwagen (z.B. Polo)","SUV","gasoline",2012,176,35.67,7.45,16,4,1.4925,7.35279,39708000
"3087","MINI","BMW","MINI","Kleinwagen (z.B. Polo)","SUV","gasoline",2013,912,35.67,7.45,16,4,1.4925,7.35279,39931000
"3088","MINI","BMW","MINI","Kleinwagen (z.B. Polo)","SUV","gasoline",2014,608,35.67,7.45,16,4,1.4925,7.35279,40224000
"3089","MINI","BMW","MINI","Kleinwagen (z.B. Polo)","SUV","gasoline",2015,418,35.67,7.45,16,4,1.4925,7.35279,40775000
"3090","MINI","BMW","MINI","Kleinwagen (z.B. Polo)","SUV","gasoline",2016,244,35.67,7.45,16,4,1.4925,7.35279,40959000
"3091","MINI","BMW","MINI","Kleinwagen (z.B. Polo)","Schrägheck","gasoline",2015,1130,31.625,6,17,4,1.2875,6.690398,40775000
"3092","MINI","BMW","MINI","Untere Mittelklasse (z.B. Golf)","Schrägheck","gasoline",2016,1852,31.625,6,17,4,1.2875,6.690398,40959000
"3093","MINI","BMW","MINI","Untere Mittelklasse (z.B. Golf)","SUV","gasoline",2017,2881,32.075,6,17,4,1.2875,6.690398,41303000
"3094","MINI","BMW","MINI","Kleinwagen (z.B. Polo)","Schrägheck","gasoline",2012,2716,16.05,5.25,5.5,4,1.145,6.265809,39708000
"3095","MINI","BMW","MINI","Kleinwagen (z.B. Polo)","Schrägheck","gasoline",2013,4391,16.05,5.25,5.5,4,1.145,6.265809,39931000
"3096","MINI","BMW","MINI","Kleinwagen (z.B. Polo)","Schrägheck","gasoline",2014,1602,16.4,5.1,5.5,3,1.165,6.598867,40224000
"3097","MINI","BMW","MINI","Kleinwagen (z.B. Polo)","Schrägheck","gasoline",2015,4121,16.4,5.1,5.5,3,1.165,6.598867,40775000
"3098","MINI","BMW","MINI","Kleinwagen (z.B. Polo)","Schrägheck","gasoline",2016,3201,16.4,5.1,5.5,3,1.165,6.598867,40959000
"3099","MINI","BMW","MINI","Kleinwagen (z.B. Polo)","Schrägheck","gasoline",2017,1856,16.4,5.1,5.5,3,1.165,6.598867,41303000
"3100","MINI","BMW","MINI","Kleinwagen (z.B. Polo)","SUV","gasoline",2012,4801,19.05,5.4,7.2,4,1.145,6.265809,39708000
"3101","MINI","BMW","MINI","Kleinwagen (z.B. Polo)","SUV","gasoline",2013,5769,19.05,5.4,7.2,4,1.145,6.265809,39931000
"3102","MINI","BMW","MINI","Kleinwagen (z.B. Polo)","SUV","gasoline",2014,2795,22.59,5.7,7.2,4,1.235,6.265809,40224000
"3103","MINI","BMW","MINI","Kleinwagen (z.B. Polo)","SUV","gasoline",2015,1820,22.59,5.7,7.2,4,1.235,6.265809,40775000
"3104","MINI","BMW","MINI","Kleinwagen (z.B. Polo)","SUV","gasoline",2016,533,21.17,6.3,7.2,4,1.355,7.329533,40959000
"3105","MINI","BMW","MINI","Kleinwagen (z.B. Polo)","Schrägheck","gasoline",2014,2871,21.055,4.8,7.5,3,1.18,6.598867,40224000
"3106","MINI","BMW","MINI","Untere Mittelklasse (z.B. Golf)","Schrägheck","gasoline",2015,6445,21.055,4.8,7.5,3,1.18,6.598867,40775000
"3107","MINI","BMW","MINI","Untere Mittelklasse (z.B. Golf)","Schrägheck","gasoline",2016,9187,21.055,4.8,7.5,3,1.18,6.598867,40959000
"3108","MINI","BMW","MINI","Untere Mittelklasse (z.B. Golf)","SUV","gasoline",2017,12104,21.055,4.8,7.5,3,1.18,6.598867,41303000
"3109","MINI","BMW","MINI","Kleinwagen (z.B. Polo)","SUV","gasoline",2012,9518,26.545,6.15,9,4,1.26,6.265809,39708000
"3110","MINI","BMW","MINI","Kleinwagen (z.B. Polo)","SUV","gasoline",2013,7174,26.545,6.15,9,4,1.26,6.265809,39931000
"3111","MINI","BMW","MINI","Kleinwagen (z.B. Polo)","SUV","gasoline",2014,4923,26.545,6.15,9,4,1.26,6.265809,40224000
"3112","MINI","BMW","MINI","Kleinwagen (z.B. Polo)","SUV","gasoline",2015,3067,26.545,6.15,9,4,1.26,6.265809,40775000
"3113","MINI","BMW","MINI","Kleinwagen (z.B. Polo)","SUV","gasoline",2016,1145,26.07,6.4,9,4,1.355,7.329533,40959000
"3114","Mazda","Mazda","2","Kleinwagen (z.B. Polo)","Schrägheck","diesel",2012,264,18.04,4.2,7,4,1.1,6.6105,39708000
"3115","Mazda","Mazda","2","Kleinwagen (z.B. Polo)","Schrägheck","diesel",2013,121,18.04,4.2,7,4,1.1,6.6105,39931000
"3116","Mazda","Mazda","2","Kleinwagen (z.B. Polo)","Schrägheck","diesel",2014,127,18.04,4.2,7,4,1.1,6.6105,40224000
"3117","Mazda","Mazda","2","Kleinwagen (z.B. Polo)","Schrägheck","diesel",2015,266,18.79,3.4,7.7,4,1.115,6.8817,40775000
"3118","Mazda","Mazda","2","Kleinwagen (z.B. Polo)","Schrägheck","diesel",2016,333,18.79,3.4,7.7,4,1.115,6.8817,40959000
"3119","Mazda","Mazda","2","Kleinwagen (z.B. Polo)","Schrägheck","diesel",2017,140,18.79,3.4,7.7,4,1.115,6.8817,41303000
"3120","Mazda","Mazda","2","Kleinwagen (z.B. Polo)","Schrägheck","gasoline",2012,3497,14.59,5.1,5.5,4,1.035,6.6105,39708000
"3121","Mazda","Mazda","2","Kleinwagen (z.B. Polo)","Schrägheck","gasoline",2013,1278,14.59,5.1,5.5,4,1.035,6.6105,39931000
"3122","Mazda","Mazda","2","Kleinwagen (z.B. Polo)","Schrägheck","gasoline",2014,1980,14.59,5.1,5.5,4,1.035,6.6105,40224000
"3123","Mazda","Mazda","2","Kleinwagen (z.B. Polo)","Schrägheck","gasoline",2015,2460,12.89,4.7,5.5,4,1.045,6.8817,40775000
"3124","Mazda","Mazda","2","Kleinwagen (z.B. Polo)","Schrägheck","gasoline",2016,1993,12.89,4.7,5.5,4,1.045,6.8817,40959000
"3125","Mazda","Mazda","2","Kleinwagen (z.B. Polo)","Schrägheck","gasoline",2017,1684,12.94,4.8,5.5,4,1.0605,6.8817,41303000
"3126","Mazda","Mazda","2","Kleinwagen (z.B. Polo)","Schrägheck","gasoline",2012,2864,15.19,5.1,6.2,4,1.035,6.6105,39708000
"3127","Mazda","Mazda","2","Kleinwagen (z.B. Polo)","Schrägheck","gasoline",2013,3483,15.19,5.1,6.2,4,1.035,6.6105,39931000
"3128","Mazda","Mazda","2","Kleinwagen (z.B. Polo)","Schrägheck","gasoline",2014,4389,15.19,5.1,6.2,4,1.035,6.6105,40224000
"3129","Mazda","Mazda","2","Kleinwagen (z.B. Polo)","Schrägheck","gasoline",2015,185,15.19,5.1,6.2,4,1.035,6.6105,40775000
"3130","Mazda","Mazda","2","Kleinwagen (z.B. Polo)","Schrägheck","gasoline",2015,5675,15.59,4.5,6.6,4,1.05,6.8817,40775000
"3131","Mazda","Mazda","2","Kleinwagen (z.B. Polo)","Schrägheck","gasoline",2016,6445,15.59,4.5,6.6,4,1.05,6.8817,40959000
"3132","Mazda","Mazda","2","Kleinwagen (z.B. Polo)","Schrägheck","gasoline",2017,6932,15.69,4.7,6.6,4,1.0655,6.8817,41303000
"3133","Mazda","Mazda","2","Kleinwagen (z.B. Polo)","Schrägheck","gasoline",2012,1054,17.19,5.8,7.5,4,1.045,6.6105,39708000
"3134","Mazda","Mazda","2","Kleinwagen (z.B. Polo)","Schrägheck","gasoline",2013,438,17.19,5.8,7.5,4,1.045,6.6105,39931000
"3135","Mazda","Mazda","2","Kleinwagen (z.B. Polo)","Schrägheck","gasoline",2014,362,17.19,5.8,7.5,4,1.045,6.6105,40224000
"3136","Mazda","Mazda","2","Kleinwagen (z.B. Polo)","Schrägheck","gasoline",2015,674,19.29,4.9,8.5,4,1.05,6.8817,40775000
"3137","Mazda","Mazda","2","Kleinwagen (z.B. Polo)","Schrägheck","gasoline",2016,359,19.29,4.9,8.5,4,1.05,6.8817,40959000
"3138","Mazda","Mazda","2","Kleinwagen (z.B. Polo)","Schrägheck","gasoline",2017,255,19.39,5.15,8.5,4,1.073,6.8817,41303000
"3139","Mazda","Mazda","3","Untere Mittelklasse (z.B. Golf)","Schrägheck","diesel",2012,298,24.89,5.4,11,4,1.47,7.8273,39708000
"3140","Mazda","Mazda","3","Untere Mittelklasse (z.B. Golf)","Schrägheck","diesel",2013,519,27.49,4.1,11,4,1.395,8.0057,39931000
"3141","Mazda","Mazda","3","Untere Mittelklasse (z.B. Golf)","Stufenheck","diesel",2014,2768,27.49,4.1,11,4,1.395,8.0057,40224000
"3142","Mazda","Mazda","3","Untere Mittelklasse (z.B. Golf)","Stufenheck","diesel",2015,2278,27.49,4.1,11,4,1.395,8.0057,40775000
"3143","Mazda","Mazda","3","Untere Mittelklasse (z.B. Golf)","Stufenheck","diesel",2016,1376,28.39,4.1,11,4,1.395,8.0057,40959000
"3144","Mazda","Mazda","3","Untere Mittelklasse (z.B. Golf)","Stufenheck","diesel",2017,1043,28.39,4.1,11,4,1.395,8.0057,41303000
"3145","Mazda","Mazda","3","Untere Mittelklasse (z.B. Golf)","Schrägheck","diesel",2012,207,27.84,5.5,13.6,4,1.4675,7.8273,39708000
"3146","Mazda","Mazda","3","Untere Mittelklasse (z.B. Golf)","Schrägheck","diesel",2016,507,25.49,3.8,7.7,4,1.345,8.02365,40959000
"3147","Mazda","Mazda","3","Untere Mittelklasse (z.B. Golf)","Stufenheck","diesel",2017,312,25.49,3.8,7.7,4,1.345,8.02365,41303000
"3148","Mazda","Mazda","3","Untere Mittelklasse (z.B. Golf)","Schrägheck","diesel",2012,862,22.39,4.35,8.5,4,1.2925,7.8273,39708000
"3149","Mazda","Mazda","3","Untere Mittelklasse (z.B. Golf)","Schrägheck","diesel",2013,514,22.89,4.3,8.5,4,1.33,7.8273,39931000
"3150","Mazda","Mazda","3","Untere Mittelklasse (z.B. Golf)","Stufenheck","gasoline",2012,1592,23.29,7.6,11,4,1.36,7.8273,39708000
"3151","Mazda","Mazda","3","Untere Mittelklasse (z.B. Golf)","Stufenheck","gasoline",2013,833,23.29,7.6,11,4,1.36,7.8273,39931000
"3152","Mazda","Mazda","3","Untere Mittelklasse (z.B. Golf)","Schrägheck","gasoline",2013,380,22.69,5.8,12.1,4,1.3,8.0057,39931000
"3153","Mazda","Mazda","3","Untere Mittelklasse (z.B. Golf)","Schrägheck","gasoline",2014,1491,22.69,5.8,12.1,4,1.3,8.0057,40224000
"3154","Mazda","Mazda","3","Untere Mittelklasse (z.B. Golf)","Schrägheck","gasoline",2015,1002,22.69,5.8,12.1,4,1.3,8.0057,40775000
"3155","Mazda","Mazda","3","Untere Mittelklasse (z.B. Golf)","Schrägheck","gasoline",2016,1270,24.79,5.8,12.1,4,1.3,8.0057,40959000
"3156","Mazda","Mazda","3","Untere Mittelklasse (z.B. Golf)","Schrägheck","gasoline",2017,1334,24.79,5.8,12.1,4,1.3,8.0057,41303000
"3157","Mazda","Mazda","3","Untere Mittelklasse (z.B. Golf)","Schrägheck","gasoline",2012,323,28.39,9.6,19.1,4,1.47,7.9827,39708000
"3158","Mazda","Mazda","3","Untere Mittelklasse (z.B. Golf)","Schrägheck","gasoline",2013,149,28.39,9.6,19.1,4,1.47,7.9827,39931000
"3159","Mazda","Mazda","3","Untere Mittelklasse (z.B. Golf)","Schrägheck","gasoline",2014,873,17.59,5.1,7.4,4,1.26,8.0057,40224000
"3160","Mazda","Mazda","3","Untere Mittelklasse (z.B. Golf)","Schrägheck","gasoline",2015,591,17.59,5.1,7.4,4,1.26,8.0057,40775000
"3161","Mazda","Mazda","3","Untere Mittelklasse (z.B. Golf)","Schrägheck","gasoline",2016,174,17.69,5.1,7.4,4,1.26,8.0057,40959000
"3162","Mazda","Mazda","3","Untere Mittelklasse (z.B. Golf)","Schrägheck","gasoline",2017,141,17.69,5.1,7.4,4,1.26,8.0057,41303000
"3163","Mazda","Mazda","3","Untere Mittelklasse (z.B. Golf)","Stufenheck","gasoline",2012,5300,18.99,6.4,7.7,4,1.27,7.8273,39708000
"3164","Mazda","Mazda","3","Untere Mittelklasse (z.B. Golf)","Stufenheck","gasoline",2013,3972,18.99,6.4,7.7,4,1.27,7.8273,39931000
"3165","Mazda","Mazda","3","Untere Mittelklasse (z.B. Golf)","Stufenheck","gasoline",2013,2013,22.69,5.1,8.8,4,1.28,8.0057,39931000
"3166","Mazda","Mazda","3","Untere Mittelklasse (z.B. Golf)","Stufenheck","gasoline",2014,8848,22.69,5.1,8.8,4,1.28,8.0057,40224000
"3167","Mazda","Mazda","3","Untere Mittelklasse (z.B. Golf)","Stufenheck","gasoline",2015,9462,22.69,5.1,8.8,4,1.28,8.0057,40775000
"3168","Mazda","Mazda","3","Untere Mittelklasse (z.B. Golf)","Stufenheck","gasoline",2016,8291,23.79,5.1,8.8,4,1.28,8.02365,40959000
"3169","Mazda","Mazda","3","Untere Mittelklasse (z.B. Golf)","Stufenheck","gasoline",2017,9456,23.79,5.1,8.8,4,1.28,8.02365,41303000
"3170","Mazda","Mazda","5","Untere Mittelklasse (z.B. Golf)","Van","diesel",2012,1576,25.59,5.2,8.5,4,1.581,8.02375,39708000
"3171","Mazda","Mazda","5","Untere Mittelklasse (z.B. Golf)","Van","diesel",2013,1004,25.59,5.2,8.5,4,1.581,8.02375,39931000
"3172","Mazda","Mazda","5","Untere Mittelklasse (z.B. Golf)","Van","diesel",2014,859,25.59,5.2,8.5,4,1.581,8.02375,40224000
"3173","Mazda","Mazda","5","Untere Mittelklasse (z.B. Golf)","Van","diesel",2015,778,25.59,5.2,8.5,4,1.581,8.02375,40775000
"3174","Mazda","Mazda","5","Untere Mittelklasse (z.B. Golf)","Van","gasoline",2012,504,27.29,8.3,10.6,4,1.578,8.02375,39708000
"3175","Mazda","Mazda","5","Untere Mittelklasse (z.B. Golf)","Van","gasoline",2013,366,27.29,8.3,10.6,4,1.578,8.02375,39931000
"3176","Mazda","Mazda","5","Untere Mittelklasse (z.B. Golf)","Van","gasoline",2014,270,27.29,8.3,10.6,4,1.578,8.02375,40224000
"3177","Mazda","Mazda","5","Untere Mittelklasse (z.B. Golf)","Van","gasoline",2015,201,27.29,8.3,10.6,4,1.578,8.02375,40775000
"3178","Mazda","Mazda","5","Untere Mittelklasse (z.B. Golf)","Van","gasoline",2012,2538,25.89,6.9,11,4,1.579,8.02375,39708000
"3179","Mazda","Mazda","5","Untere Mittelklasse (z.B. Golf)","Van","gasoline",2013,1685,25.89,6.9,11,4,1.579,8.02375,39931000
"3180","Mazda","Mazda","5","Untere Mittelklasse (z.B. Golf)","Van","gasoline",2014,1544,25.89,6.9,11,4,1.579,8.02375,40224000
"3181","Mazda","Mazda","5","Untere Mittelklasse (z.B. Golf)","Van","gasoline",2015,1207,25.89,6.9,11,4,1.579,8.02375,40775000
"3182","Mazda","Mazda","5","Untere Mittelklasse (z.B. Golf)","Van","gasoline",2012,1398,23.29,7.2,8.5,4,1.551,8.02375,39708000
"3183","Mazda","Mazda","5","Untere Mittelklasse (z.B. Golf)","Van","gasoline",2013,885,23.29,7.2,8.5,4,1.551,8.02375,39931000
"3184","Mazda","Mazda","5","Untere Mittelklasse (z.B. Golf)","Van","gasoline",2014,676,23.29,7.2,8.5,4,1.551,8.02375,40224000
"3185","Mazda","Mazda","5","Untere Mittelklasse (z.B. Golf)","Van","gasoline",2015,545,23.29,7.2,8.5,4,1.551,8.02375,40775000
"3186","Mazda","Mazda","6","Mittelklasse (z.B. BMW 3er-Reihe)","Stufenheck","diesel",2013,2157,31.89,4.4,11,4,1.495,8.832,39931000
"3187","Mazda","Mazda","6","Mittelklasse (z.B. BMW 3er-Reihe)","Stufenheck","diesel",2014,2297,34.59,4.4,11,4,1.495,8.8412,40224000
"3188","Mazda","Mazda","6","Mittelklasse (z.B. BMW 3er-Reihe)","Stufenheck","diesel",2015,1592,34.59,4.4,11,4,1.495,8.8412,40775000
"3189","Mazda","Mazda","6","Mittelklasse (z.B. BMW 3er-Reihe)","Stufenheck","diesel",2016,1203,34.59,4.4,11,4,1.495,8.8412,40959000
"3190","Mazda","Mazda","6","Mittelklasse (z.B. BMW 3er-Reihe)","Stufenheck","diesel",2017,865,34.89,4.2,11,4,1.485,8.8412,41303000
"3191","Mazda","Mazda","6","Mittelklasse (z.B. BMW 3er-Reihe)","Schrägheck","diesel",2012,1961,29.39,5.4,12,4,1.575,8.589075,39708000
"3192","Mazda","Mazda","6","Mittelklasse (z.B. BMW 3er-Reihe)","Stufenheck","diesel",2013,2208,37.14,4.75,12.9,4,1.5,8.832,39931000
"3193","Mazda","Mazda","6","Mittelklasse (z.B. BMW 3er-Reihe)","Stufenheck","diesel",2014,1985,39.59,4.9,12.9,4,1.5,8.8412,40224000
"3194","Mazda","Mazda","6","Mittelklasse (z.B. BMW 3er-Reihe)","Stufenheck","diesel",2015,2228,39.59,4.9,12.9,4,1.5,8.8412,40775000
"3195","Mazda","Mazda","6","Mittelklasse (z.B. BMW 3er-Reihe)","Stufenheck","diesel",2016,2501,39.59,4.9,12.9,4,1.5,8.8412,40959000
"3196","Mazda","Mazda","6","Mittelklasse (z.B. BMW 3er-Reihe)","Stufenheck","diesel",2017,1317,39.69,4.9,12.9,4,1.5,8.8412,41303000
"3197","Mazda","Mazda","6","Mittelklasse (z.B. BMW 3er-Reihe)","Schrägheck","diesel",2012,510,33.79,5.4,13.2,4,1.575,8.589075,39708000
"3198","Mazda","Mazda","6","Mittelklasse (z.B. BMW 3er-Reihe)","Schrägheck","diesel",2012,241,28.19,5.2,9.5,4,1.565,8.589075,39708000
"3199","Mazda","Mazda","6","Mittelklasse (z.B. BMW 3er-Reihe)","Stufenheck","gasoline",2013,594,26.24,5.5,10.7,4,1.38,8.832,39931000
"3200","Mazda","Mazda","6","Mittelklasse (z.B. BMW 3er-Reihe)","Stufenheck","gasoline",2014,579,26.24,5.5,10.7,4,1.38,8.832,40224000
"3201","Mazda","Mazda","6","Mittelklasse (z.B. BMW 3er-Reihe)","Stufenheck","gasoline",2015,433,26.24,5.5,10.7,4,1.38,8.832,40775000
"3202","Mazda","Mazda","6","Mittelklasse (z.B. BMW 3er-Reihe)","Stufenheck","gasoline",2016,347,26.24,5.5,10.7,4,1.38,8.832,40959000
"3203","Mazda","Mazda","6","Mittelklasse (z.B. BMW 3er-Reihe)","Kombi","gasoline",2017,253,24.99,5.5,10.7,4,1.38,8.832,41303000
"3204","Mazda","Mazda","6","Mittelklasse (z.B. BMW 3er-Reihe)","Stufenheck","gasoline",2012,2083,27.595,7,11.4,4,1.465,8.589075,39708000
"3205","Mazda","Mazda","6","Mittelklasse (z.B. BMW 3er-Reihe)","Stufenheck","gasoline",2012,722,30.29,6,12.1,4,1.395,8.832,39708000
"3206","Mazda","Mazda","6","Mittelklasse (z.B. BMW 3er-Reihe)","Stufenheck","gasoline",2013,3218,30.29,6,12.1,4,1.395,8.832,39931000
"3207","Mazda","Mazda","6","Mittelklasse (z.B. BMW 3er-Reihe)","Stufenheck","gasoline",2014,2117,32.54,6,12.1,4,1.3925,8.8412,40224000
"3208","Mazda","Mazda","6","Mittelklasse (z.B. BMW 3er-Reihe)","Stufenheck","gasoline",2015,1706,32.54,6,12.1,4,1.3925,8.8412,40775000
"3209","Mazda","Mazda","6","Mittelklasse (z.B. BMW 3er-Reihe)","Stufenheck","gasoline",2016,1794,32.54,6,12.1,4,1.3925,8.8412,40959000
"3210","Mazda","Mazda","6","Mittelklasse (z.B. BMW 3er-Reihe)","Stufenheck","gasoline",2017,2133,32.69,6,12.1,4,1.39,8.8412,41303000
"3211","Mazda","Mazda","6","Mittelklasse (z.B. BMW 3er-Reihe)","Schrägheck","gasoline",2012,113,31.89,8.1,12.5,4,1.485,8.589075,39708000
"3212","Mazda","Mazda","6","Mittelklasse (z.B. BMW 3er-Reihe)","Stufenheck","gasoline",2013,603,36.09,6.4,14.1,4,1.45,8.832,39931000
"3213","Mazda","Mazda","6","Mittelklasse (z.B. BMW 3er-Reihe)","Stufenheck","gasoline",2014,440,36.09,6.4,14.1,4,1.45,8.832,40224000
"3214","Mazda","Mazda","6","Mittelklasse (z.B. BMW 3er-Reihe)","Stufenheck","gasoline",2015,433,36.09,6.4,14.1,4,1.45,8.832,40775000
"3215","Mazda","Mazda","6","Mittelklasse (z.B. BMW 3er-Reihe)","Stufenheck","gasoline",2016,603,36.09,6.4,14.1,4,1.45,8.832,40959000
"3216","Mazda","Mazda","6","Mittelklasse (z.B. BMW 3er-Reihe)","Stufenheck","gasoline",2017,1055,37.69,6.4,14.1,4,1.44,8.8412,41303000
"3217","Mazda","Mazda","6","Mittelklasse (z.B. BMW 3er-Reihe)","Schrägheck","gasoline",2012,374,24.09,6.6,8.8,4,1.425,8.589075,39708000
"3218","Mazda","Mazda","CX-3","Kleinwagen (z.B. Polo)","SUV","diesel",2015,1092,24.19,4,7.7,4,1.275,7.545375,40775000
"3219","Mazda","Mazda","CX-3","Kleinwagen (z.B. Polo)","SUV","diesel",2016,1780,24.19,4,7.7,4,1.275,7.545375,40959000
"3220","Mazda","Mazda","CX-3","Kleinwagen (z.B. Polo)","SUV","diesel",2017,719,24.19,4,7.7,4,1.275,7.545375,41303000
"3221","Mazda","Mazda","CX-3","Kleinwagen (z.B. Polo)","SUV","gasoline",2015,1879,26.99,6.35,11,4,1.325,7.545375,40775000
"3222","Mazda","Mazda","CX-3","Kleinwagen (z.B. Polo)","SUV","gasoline",2016,2664,26.99,6.35,11,4,1.325,7.545375,40959000
"3223","Mazda","Mazda","CX-3","Kleinwagen (z.B. Polo)","SUV","gasoline",2017,2438,26.935,6.4,11,4,1.3355,7.545375,41303000
"3224","Mazda","Mazda","CX-3","Kleinwagen (z.B. Polo)","SUV","gasoline",2015,3797,19.99,5.9,8.8,4,1.23,7.545375,40775000
"3225","Mazda","Mazda","CX-3","Kleinwagen (z.B. Polo)","SUV","gasoline",2016,9862,19.99,5.9,8.8,4,1.23,7.545375,40959000
"3226","Mazda","Mazda","CX-3","Kleinwagen (z.B. Polo)","SUV","gasoline",2017,12966,19.99,5.9,8.8,4,1.23,7.545375,41303000
"3227","Mazda","Mazda","CX-5","Untere Mittelklasse (z.B. Golf)","SUV","diesel",2012,2419,30.39,4.6,11,4,1.41,8.3812,39708000
"3228","Mazda","Mazda","CX-5","Untere Mittelklasse (z.B. Golf)","SUV","diesel",2013,5865,30.39,4.6,11,4,1.41,8.3812,39931000
"3229","Mazda","Mazda","CX-5","Untere Mittelklasse (z.B. Golf)","SUV","diesel",2014,7612,30.89,4.6,11,4,1.495,8.3812,40224000
"3230","Mazda","Mazda","CX-5","Untere Mittelklasse (z.B. Golf)","SUV","diesel",2015,5374,30.89,4.6,11,4,1.495,8.3812,40775000
"3231","Mazda","Mazda","CX-5","Untere Mittelklasse (z.B. Golf)","SUV","diesel",2016,4530,30.89,4.6,11,4,1.495,8.3812,40959000
"3232","Mazda","Mazda","CX-5","Untere Mittelklasse (z.B. Golf)","SUV","diesel",2017,3318,32.34,4.6,11,4,1.495,8.3812,41303000
"3233","Mazda","Mazda","CX-5","Untere Mittelklasse (z.B. Golf)","SUV","diesel",2012,1675,37.19,5.35,12.9,4,1.5575,8.3812,39708000
"3234","Mazda","Mazda","CX-5","Untere Mittelklasse (z.B. Golf)","SUV","diesel",2013,4487,37.19,5.35,12.9,4,1.5575,8.3812,39931000
"3235","Mazda","Mazda","CX-5","Untere Mittelklasse (z.B. Golf)","SUV","diesel",2014,4641,38.74,5.35,12.9,4,1.56,8.3812,40224000
"3236","Mazda","Mazda","CX-5","Untere Mittelklasse (z.B. Golf)","SUV","diesel",2015,5504,38.74,5.35,12.9,4,1.56,8.3812,40775000
"3237","Mazda","Mazda","CX-5","Untere Mittelklasse (z.B. Golf)","SUV","diesel",2016,5033,38.74,5.35,12.9,4,1.56,8.3812,40959000
"3238","Mazda","Mazda","CX-5","Untere Mittelklasse (z.B. Golf)","SUV","diesel",2017,4499,39.29,5.6,12.9,4,1.6025,8.372,41303000
"3239","Mazda","Mazda","CX-5","Untere Mittelklasse (z.B. Golf)","SUV","gasoline",2012,2761,31.99,6.6,11.8,4,1.39,8.3812,39708000
"3240","Mazda","Mazda","CX-5","Untere Mittelklasse (z.B. Golf)","SUV","gasoline",2013,2781,31.99,6.6,11.8,4,1.39,8.3812,39931000
"3241","Mazda","Mazda","CX-5","Untere Mittelklasse (z.B. Golf)","SUV","gasoline",2014,2234,33.19,6.6,11.8,4,1.45,8.3812,40224000
"3242","Mazda","Mazda","CX-5","Untere Mittelklasse (z.B. Golf)","SUV","gasoline",2015,1809,33.19,6.6,11.8,4,1.45,8.3812,40775000
"3243","Mazda","Mazda","CX-5","Untere Mittelklasse (z.B. Golf)","SUV","gasoline",2016,1985,33.19,6.6,11.8,4,1.45,8.3812,40959000
"3244","Mazda","Mazda","CX-5","Untere Mittelklasse (z.B. Golf)","SUV","gasoline",2017,2918,34.19,6.8,11.8,4,1.495,8.372,41303000
"3245","Mazda","Mazda","CX-5","Untere Mittelklasse (z.B. Golf)","SUV","gasoline",2012,1796,26.99,6,12.1,4,1.39,8.3812,39708000
"3246","Mazda","Mazda","CX-5","Untere Mittelklasse (z.B. Golf)","SUV","gasoline",2013,2766,26.99,6,12.1,4,1.39,8.3812,39931000
"3247","Mazda","Mazda","CX-5","Untere Mittelklasse (z.B. Golf)","SUV","gasoline",2014,4184,27.99,6,12.1,4,1.39,8.3812,40224000
"3248","Mazda","Mazda","CX-5","Untere Mittelklasse (z.B. Golf)","SUV","gasoline",2015,3167,27.99,6,12.1,4,1.39,8.3812,40775000
"3249","Mazda","Mazda","CX-5","Untere Mittelklasse (z.B. Golf)","SUV","gasoline",2016,4041,27.99,6,12.1,4,1.39,8.3812,40959000
"3250","Mazda","Mazda","CX-5","Untere Mittelklasse (z.B. Golf)","SUV","gasoline",2017,5034,30.39,6.4,12.1,4,1.515,8.372,41303000
"3251","Mazda","Mazda","CX-5","Untere Mittelklasse (z.B. Golf)","SUV","gasoline",2015,1206,38.84,7.2,14.1,4,1.515,8.3812,40775000
"3252","Mazda","Mazda","CX-5","Untere Mittelklasse (z.B. Golf)","SUV","gasoline",2016,1517,38.84,7.2,14.1,4,1.515,8.3812,40959000
"3253","Mazda","Mazda","CX-5","Untere Mittelklasse (z.B. Golf)","SUV","gasoline",2017,792,38.84,7.2,14.1,4,1.515,8.3812,41303000
"3254","Mazda","Mazda","CX-5","Untere Mittelklasse (z.B. Golf)","SUV","gasoline",2017,2336,37.63,7.2,14.3,4,1.65,8.372,41303000
"3255","Mazda","Mazda","CX-7","Mittelklasse (z.B. BMW 3er-Reihe)","SUV","diesel",2012,1345,34.59,7.5,12.7,4,1.875,8.789,39708000
"3256","Mazda","Mazda","CX-7","Mittelklasse (z.B. BMW 3er-Reihe)","SUV","diesel",2013,630,34.59,7.5,12.7,4,1.875,8.789,39931000
"3257","Mazda","Mazda","MX-5","Untere Mittelklasse (z.B. Golf)","Roadster","gasoline",2012,677,27.59,7.8,11.8,4,1.165,6.9144,39708000
"3258","Mazda","Mazda","MX-5","Untere Mittelklasse (z.B. Golf)","Roadster","gasoline",2013,399,27.59,7.8,11.8,4,1.165,6.9144,39931000
"3259","Mazda","Mazda","MX-5","Untere Mittelklasse (z.B. Golf)","Roadster","gasoline",2014,501,28.79,7.8,11.8,4,1.165,6.9144,40224000
"3260","Mazda","Mazda","MX-5","Untere Mittelklasse (z.B. Golf)","Roadster","gasoline",2015,834,28.39,6.75,11.8,4,1.0825,6.792525,40775000
"3261","Mazda","Mazda","MX-5","Untere Mittelklasse (z.B. Golf)","Roadster","gasoline",2016,2724,29.89,6.6,11.8,4,1.13,6.792525,40959000
"3262","Mazda","Mazda","MX-5","Untere Mittelklasse (z.B. Golf)","Roadster","gasoline",2017,3796,29.89,6.6,11.8,4,1.13,6.792525,41303000
"3263","Mazda","Mazda","MX-5","Untere Mittelklasse (z.B. Golf)","Roadster","gasoline",2012,1516,24.19,7.1,9.3,4,1.15,6.9144,39708000
"3264","Mazda","Mazda","MX-5","Untere Mittelklasse (z.B. Golf)","Roadster","gasoline",2013,1357,24.19,7.1,9.3,4,1.15,6.9144,39931000
"3265","Mazda","Mazda","MX-5","Untere Mittelklasse (z.B. Golf)","Roadster","gasoline",2014,1625,24.69,7.1,9.3,4,1.15,6.9144,40224000
"3266","Mazda","Mazda","MX-5","Untere Mittelklasse (z.B. Golf)","Roadster","gasoline",2015,409,24.69,7.1,9.3,4,1.15,6.9144,40775000
"3267","Mazda","Mazda","MX-5","Untere Mittelklasse (z.B. Golf)","Roadster","gasoline",2015,1030,24.09,6,9.6,4,1.05,6.792525,40775000
"3268","Mazda","Mazda","MX-5","Untere Mittelklasse (z.B. Golf)","Roadster","gasoline",2016,1924,24.09,6,9.6,4,1.05,6.792525,40959000
"3269","Mazda","Mazda","MX-5","Untere Mittelklasse (z.B. Golf)","Roadster","gasoline",2017,1469,24.09,6,9.6,4,1.05,6.792525,41303000
"3270","Mercedes","Daimler","A-Klasse","Untere Mittelklasse (z.B. Golf)","Schrägheck","diesel",2012,2024,30.7445,4.2,10,4,1.46,7.63976,39708000
"3271","Mercedes","Daimler","A-Klasse","Untere Mittelklasse (z.B. Golf)","Schrägheck","diesel",2013,5029,30.7445,4.2,10,4,1.46,7.63976,39931000
"3272","Mercedes","Daimler","A-Klasse","Untere Mittelklasse (z.B. Golf)","Schrägheck","diesel",2014,3652,31.574,4,10,4,1.465,7.63976,40224000
"3273","Mercedes","Daimler","A-Klasse","Untere Mittelklasse (z.B. Golf)","Schrägheck","diesel",2015,3454,31.574,4,10,4,1.465,7.63976,40775000
"3274","Mercedes","Daimler","A-Klasse","Untere Mittelklasse (z.B. Golf)","Schrägheck","diesel",2016,3572,31.232,4.1,10,4,1.455,7.65222,40959000
"3275","Mercedes","Daimler","A-Klasse","Untere Mittelklasse (z.B. Golf)","Schrägheck","diesel",2017,2921,31.232,4.1,10,4,1.455,7.65222,41303000
"3276","Mercedes","Daimler","A-Klasse","Untere Mittelklasse (z.B. Golf)","Schrägheck","diesel",2012,205,29.268,5.5,10.3,4,1.37,6.849612,39708000
"3277","Mercedes","Daimler","A-Klasse","Untere Mittelklasse (z.B. Golf)","Schrägheck","diesel",2012,150,34.451,4,12.5,4,1.485,7.63976,39708000
"3278","Mercedes","Daimler","A-Klasse","Untere Mittelklasse (z.B. Golf)","Schrägheck","diesel",2013,1325,34.451,4,12.5,4,1.485,7.63976,39931000
"3279","Mercedes","Daimler","A-Klasse","Untere Mittelklasse (z.B. Golf)","Schrägheck","diesel",2014,972,35.29,4,12.5,4,1.485,7.63976,40224000
"3280","Mercedes","Daimler","A-Klasse","Untere Mittelklasse (z.B. Golf)","Schrägheck","diesel",2015,485,35.29,4,12.5,4,1.485,7.63976,40775000
"3281","Mercedes","Daimler","A-Klasse","Untere Mittelklasse (z.B. Golf)","Schrägheck","diesel",2015,332,36.2325,4,13,4,1.485,7.65222,40775000
"3282","Mercedes","Daimler","A-Klasse","Untere Mittelklasse (z.B. Golf)","Schrägheck","diesel",2016,950,36.2325,4,13,4,1.485,7.65222,40959000
"3283","Mercedes","Daimler","A-Klasse","Untere Mittelklasse (z.B. Golf)","Schrägheck","diesel",2017,860,36.2325,4,13,4,1.485,7.65222,41303000
"3284","Mercedes","Daimler","A-Klasse","Untere Mittelklasse (z.B. Golf)","Schrägheck","diesel",2012,1594,23.5145,4.9,6,4,1.3,6.849612,39708000
"3285","Mercedes","Daimler","A-Klasse","Untere Mittelklasse (z.B. Golf)","Schrägheck","diesel",2014,315,29.2685,3.7,6.6,4,1.41,7.63976,40224000
"3286","Mercedes","Daimler","A-Klasse","Untere Mittelklasse (z.B. Golf)","Schrägheck","diesel",2015,165,29.2685,3.7,6.6,4,1.41,7.63976,40775000
"3287","Mercedes","Daimler","A-Klasse","Untere Mittelklasse (z.B. Golf)","Schrägheck","diesel",2016,205,28.578,3.7,6.6,4,1.395,7.65222,40959000
"3288","Mercedes","Daimler","A-Klasse","Untere Mittelklasse (z.B. Golf)","Schrägheck","diesel",2012,7449,25.728,5,8,4,1.3325,6.849612,39708000
"3289","Mercedes","Daimler","A-Klasse","Untere Mittelklasse (z.B. Golf)","Schrägheck","diesel",2013,9655,29.8785,3.75,8,4,1.41,7.63976,39931000
"3290","Mercedes","Daimler","A-Klasse","Untere Mittelklasse (z.B. Golf)","Schrägheck","diesel",2014,6206,30.3305,3.8,8,4,1.425,7.63976,40224000
"3291","Mercedes","Daimler","A-Klasse","Untere Mittelklasse (z.B. Golf)","Schrägheck","diesel",2015,5173,30.3305,3.8,8,4,1.425,7.63976,40775000
"3292","Mercedes","Daimler","A-Klasse","Untere Mittelklasse (z.B. Golf)","Schrägheck","diesel",2016,4247,31.493,3.7,8,4,1.395,7.65222,40959000
"3293","Mercedes","Daimler","A-Klasse","Untere Mittelklasse (z.B. Golf)","Schrägheck","diesel",2017,3246,31.493,3.7,8,4,1.395,7.65222,41303000
"3294","Mercedes","Daimler","A-Klasse","Untere Mittelklasse (z.B. Golf)","Schrägheck","gasoline",2012,347,26.281,7.2,10,4,1.2775,6.849612,39708000
"3295","Mercedes","Daimler","A-Klasse","Untere Mittelklasse (z.B. Golf)","Schrägheck","gasoline",2012,1909,30.8,5.3,11.5,4,1.3825,7.63976,39708000
"3296","Mercedes","Daimler","A-Klasse","Untere Mittelklasse (z.B. Golf)","Schrägheck","gasoline",2013,5070,30.8,5.3,11.5,4,1.3825,7.63976,39931000
"3297","Mercedes","Daimler","A-Klasse","Untere Mittelklasse (z.B. Golf)","Schrägheck","gasoline",2014,3549,32.332,5.45,11.5,4,1.3825,7.65222,40224000
"3298","Mercedes","Daimler","A-Klasse","Untere Mittelklasse (z.B. Golf)","Schrägheck","gasoline",2015,2779,32.332,5.45,11.5,4,1.3825,7.65222,40775000
"3299","Mercedes","Daimler","A-Klasse","Untere Mittelklasse (z.B. Golf)","Schrägheck","gasoline",2016,3058,32.332,5.45,11.5,4,1.3825,7.65222,40959000
"3300","Mercedes","Daimler","A-Klasse","Untere Mittelklasse (z.B. Golf)","Schrägheck","gasoline",2017,3800,32.332,5.45,11.5,4,1.3825,7.65222,41303000
"3301","Mercedes","Daimler","A-Klasse","Untere Mittelklasse (z.B. Golf)","Schrägheck","gasoline",2015,217,34.6795,6.4,13.5,4,1.5,7.65222,40775000
"3302","Mercedes","Daimler","A-Klasse","Untere Mittelklasse (z.B. Golf)","Schrägheck","gasoline",2016,377,34.6795,6.4,13.5,4,1.5,7.65222,40959000
"3303","Mercedes","Daimler","A-Klasse","Untere Mittelklasse (z.B. Golf)","Schrägheck","gasoline",2017,563,34.6795,6.4,13.5,4,1.5,7.65222,41303000
"3304","Mercedes","Daimler","A-Klasse","Untere Mittelklasse (z.B. Golf)","Schrägheck","gasoline",2012,928,33.284,6.6,15.5,4,1.44,7.65222,39708000
"3305","Mercedes","Daimler","A-Klasse","Untere Mittelklasse (z.B. Golf)","Schrägheck","gasoline",2013,2006,33.284,6.6,15.5,4,1.44,7.65222,39931000
"3306","Mercedes","Daimler","A-Klasse","Untere Mittelklasse (z.B. Golf)","Schrägheck","gasoline",2014,1311,36.173,5.9,15.5,4,1.435,7.65222,40224000
"3307","Mercedes","Daimler","A-Klasse","Untere Mittelklasse (z.B. Golf)","Schrägheck","gasoline",2015,699,36.173,5.9,15.5,4,1.435,7.65222,40775000
"3308","Mercedes","Daimler","A-Klasse","Untere Mittelklasse (z.B. Golf)","Schrägheck","gasoline",2016,408,36.173,5.9,15.5,4,1.435,7.65222,40959000
"3309","Mercedes","Daimler","A-Klasse","Untere Mittelklasse (z.B. Golf)","Schrägheck","gasoline",2017,461,36.173,6.25,15.5,4,1.415,7.65222,41303000
"3310","Mercedes","Daimler","A-Klasse","Untere Mittelklasse (z.B. Golf)","Schrägheck","gasoline",2015,314,40.18,6.8,16,4,1.415,7.65222,40775000
"3311","Mercedes","Daimler","A-Klasse","Untere Mittelklasse (z.B. Golf)","Schrägheck","gasoline",2016,966,40.18,6.8,16,4,1.415,7.65222,40959000
"3312","Mercedes","Daimler","A-Klasse","Untere Mittelklasse (z.B. Golf)","Schrägheck","gasoline",2017,817,40.18,6.8,16,4,1.415,7.65222,41303000
"3313","Mercedes","Daimler","A-Klasse","Untere Mittelklasse (z.B. Golf)","Schrägheck","gasoline",2013,652,53.568,6.9,26.5,4,1.555,7.77326,39931000
"3314","Mercedes","Daimler","A-Klasse","Untere Mittelklasse (z.B. Golf)","Schrägheck","gasoline",2014,1025,53.568,6.9,26.5,4,1.555,7.77326,40224000
"3315","Mercedes","Daimler","A-Klasse","Untere Mittelklasse (z.B. Golf)","Schrägheck","gasoline",2015,660,53.568,6.9,26.5,4,1.555,7.77326,40775000
"3316","Mercedes","Daimler","A-Klasse","Untere Mittelklasse (z.B. Golf)","Schrägheck","gasoline",2015,496,58.521,6.9,28,4,1.555,7.77326,40775000
"3317","Mercedes","Daimler","A-Klasse","Untere Mittelklasse (z.B. Golf)","Schrägheck","gasoline",2016,1814,58.521,6.9,28,4,1.555,7.77326,40959000
"3318","Mercedes","Daimler","A-Klasse","Untere Mittelklasse (z.B. Golf)","Schrägheck","gasoline",2017,1528,58.521,6.9,28,4,1.555,7.77326,41303000
"3319","Mercedes","Daimler","A-Klasse","Untere Mittelklasse (z.B. Golf)","Schrägheck","gasoline",2012,7246,21.5685,6.1,7,4,1.215,6.849612,39708000
"3320","Mercedes","Daimler","A-Klasse","Untere Mittelklasse (z.B. Golf)","Schrägheck","gasoline",2015,280,25.841,5.4,7.5,4,1.37,7.65222,40775000
"3321","Mercedes","Daimler","A-Klasse","Untere Mittelklasse (z.B. Golf)","Schrägheck","gasoline",2016,3284,25.841,5.4,7.5,4,1.37,7.65222,40959000
"3322","Mercedes","Daimler","A-Klasse","Untere Mittelklasse (z.B. Golf)","Schrägheck","gasoline",2017,727,25.841,5.4,7.5,4,1.37,7.65222,41303000
"3323","Mercedes","Daimler","A-Klasse","Untere Mittelklasse (z.B. Golf)","Schrägheck","gasoline",2012,2676,24.169,6.6,8.5,4,1.26,6.849612,39708000
"3324","Mercedes","Daimler","A-Klasse","Untere Mittelklasse (z.B. Golf)","Schrägheck","gasoline",2012,7269,27.7805,5.2,9,4,1.37,7.63976,39708000
"3325","Mercedes","Daimler","A-Klasse","Untere Mittelklasse (z.B. Golf)","Schrägheck","gasoline",2013,23326,27.7805,5.2,9,4,1.37,7.63976,39931000
"3326","Mercedes","Daimler","A-Klasse","Untere Mittelklasse (z.B. Golf)","Schrägheck","gasoline",2014,19477,27.962,5.4,9,4,1.37,7.65222,40224000
"3327","Mercedes","Daimler","A-Klasse","Untere Mittelklasse (z.B. Golf)","Schrägheck","gasoline",2015,17471,27.962,5.4,9,4,1.37,7.65222,40775000
"3328","Mercedes","Daimler","A-Klasse","Untere Mittelklasse (z.B. Golf)","Schrägheck","gasoline",2016,15346,27.962,5.4,9,4,1.37,7.65222,40959000
"3329","Mercedes","Daimler","A-Klasse","Untere Mittelklasse (z.B. Golf)","Schrägheck","gasoline",2017,14263,29.0535,5.4,9,4,1.37,7.65222,41303000
"3330","Mercedes","Daimler","AMG GT","Oberklasse (z.B. S-Klasse)","Coupe","gasoline",2015,204,116.382,9.3,34,8,1.615,8.810816,40775000
"3331","Mercedes","Daimler","AMG GT","Oberklasse (z.B. S-Klasse)","Coupe","gasoline",2016,433,116.382,9.3,34,8,1.615,8.810816,40959000
"3332","Mercedes","Daimler","AMG GT","Oberklasse (z.B. S-Klasse)","Roadster","gasoline",2017,231,129.835,11.4,35,8,1.67,8.810816,41303000
"3333","Mercedes","Daimler","AMG GT","Oberklasse (z.B. S-Klasse)","Coupe","gasoline",2015,1078,143.0085,9.4,37.5,8,1.645,8.810816,40775000
"3334","Mercedes","Daimler","AMG GT","Oberklasse (z.B. S-Klasse)","Coupe","gasoline",2016,801,143.0085,9.4,37.5,8,1.645,8.810816,40959000
"3335","Mercedes","Daimler","AMG GT","Oberklasse (z.B. S-Klasse)","Coupe","gasoline",2017,140,143.0085,9.4,37.5,8,1.645,8.810816,41303000
"3336","Mercedes","Daimler","AMG GT","Oberklasse (z.B. S-Klasse)","Coupe","gasoline",2017,119,136.856,11.5,38.4,8,1.645,8.810816,41303000
"3337","Mercedes","Daimler","AMG GT","Oberklasse (z.B. S-Klasse)","Roadster","gasoline",2017,407,161.543,12.5,41,8,1.735,8.824389,41303000
"3338","Mercedes","Daimler","AMG GT","Oberklasse (z.B. S-Klasse)","Coupe","gasoline",2017,251,166.66,12.4,43,8,1.63,8.824389,41303000
"3339","Mercedes","Daimler","B-Klasse","Untere Mittelklasse (z.B. Golf)","Van","diesel",2012,7914,32.6805,4.4,10,4,1.475,7.785174,39708000
"3340","Mercedes","Daimler","B-Klasse","Untere Mittelklasse (z.B. Golf)","Van","diesel",2013,5346,32.6805,4.4,10,4,1.475,7.785174,39931000
"3341","Mercedes","Daimler","B-Klasse","Untere Mittelklasse (z.B. Golf)","Van","diesel",2014,3983,30.643,4.4,10,4,1.475,7.785174,40224000
"3342","Mercedes","Daimler","B-Klasse","Untere Mittelklasse (z.B. Golf)","Van","diesel",2015,4398,33.6865,4.15,10,4,1.495,7.845898,40775000
"3343","Mercedes","Daimler","B-Klasse","Untere Mittelklasse (z.B. Golf)","Van","diesel",2016,3335,31.606,4.2,10,4,1.485,7.845898,40959000
"3344","Mercedes","Daimler","B-Klasse","Untere Mittelklasse (z.B. Golf)","Van","diesel",2017,2411,31.606,4.2,10,4,1.485,7.845898,41303000
"3345","Mercedes","Daimler","B-Klasse","Untere Mittelklasse (z.B. Golf)","Van","diesel",2013,1292,35.76,4.1,12.5,4,1.5,7.785174,39931000
"3346","Mercedes","Daimler","B-Klasse","Untere Mittelklasse (z.B. Golf)","Van","diesel",2014,1156,35.76,4.1,12.5,4,1.5,7.785174,40224000
"3347","Mercedes","Daimler","B-Klasse","Untere Mittelklasse (z.B. Golf)","Van","diesel",2014,143,36.89,4.1,13,4,1.505,7.845898,40224000
"3348","Mercedes","Daimler","B-Klasse","Untere Mittelklasse (z.B. Golf)","Van","diesel",2015,1502,36.89,4.1,13,4,1.505,7.845898,40775000
"3349","Mercedes","Daimler","B-Klasse","Untere Mittelklasse (z.B. Golf)","Van","diesel",2016,1172,37.2855,4.15,13,4,1.505,7.845898,40959000
"3350","Mercedes","Daimler","B-Klasse","Untere Mittelklasse (z.B. Golf)","Van","diesel",2017,1084,37.2855,4.15,13,4,1.505,7.845898,41303000
"3351","Mercedes","Daimler","B-Klasse","Untere Mittelklasse (z.B. Golf)","Van","diesel",2014,200,28.542,4.1,6.6,4,1.45,7.785174,40224000
"3352","Mercedes","Daimler","B-Klasse","Untere Mittelklasse (z.B. Golf)","Van","diesel",2015,104,28.542,4.1,6.6,4,1.45,7.785174,40775000
"3353","Mercedes","Daimler","B-Klasse","Untere Mittelklasse (z.B. Golf)","Van","diesel",2012,15816,29.346,4.3,8,4,1.49,7.785174,39708000
"3354","Mercedes","Daimler","B-Klasse","Untere Mittelklasse (z.B. Golf)","Van","diesel",2013,12587,29.346,4.3,8,4,1.49,7.785174,39931000
"3355","Mercedes","Daimler","B-Klasse","Untere Mittelklasse (z.B. Golf)","Van","diesel",2014,8495,28.858,4.1,8,4,1.465,7.845898,40224000
"3356","Mercedes","Daimler","B-Klasse","Untere Mittelklasse (z.B. Golf)","Van","diesel",2015,8144,28.858,4.1,8,4,1.465,7.845898,40775000
"3357","Mercedes","Daimler","B-Klasse","Untere Mittelklasse (z.B. Golf)","Van","diesel",2016,5943,28.858,4.1,8,4,1.465,7.845898,40959000
"3358","Mercedes","Daimler","B-Klasse","Untere Mittelklasse (z.B. Golf)","Van","diesel",2017,4458,28.858,4.1,8,4,1.465,7.845898,41303000
"3359","Mercedes","Daimler","B-Klasse","Untere Mittelklasse (z.B. Golf)","Van","gasoline",2012,12612,30.568,5.9,11.5,4,1.395,7.785174,39708000
"3360","Mercedes","Daimler","B-Klasse","Untere Mittelklasse (z.B. Golf)","Van","gasoline",2013,7713,31.654,5.9,11.5,4,1.395,7.845898,39931000
"3361","Mercedes","Daimler","B-Klasse","Untere Mittelklasse (z.B. Golf)","Van","gasoline",2014,5340,29.554,5.7,11.5,4,1.41,7.845898,40224000
"3362","Mercedes","Daimler","B-Klasse","Untere Mittelklasse (z.B. Golf)","Van","gasoline",2015,5419,29.554,5.7,11.5,4,1.41,7.845898,40775000
"3363","Mercedes","Daimler","B-Klasse","Untere Mittelklasse (z.B. Golf)","Van","gasoline",2016,5014,29.554,5.7,11.5,4,1.41,7.845898,40959000
"3364","Mercedes","Daimler","B-Klasse","Untere Mittelklasse (z.B. Golf)","Van","gasoline",2017,5413,29.554,5.7,11.5,4,1.41,7.845898,41303000
"3365","Mercedes","Daimler","B-Klasse","Untere Mittelklasse (z.B. Golf)","Van","gasoline",2012,290,34.629,6.15,15.5,4,1.475,7.785174,39708000
"3366","Mercedes","Daimler","B-Klasse","Untere Mittelklasse (z.B. Golf)","Van","gasoline",2013,1199,35.9475,6.6,15.5,4,1.465,7.845898,39931000
"3367","Mercedes","Daimler","B-Klasse","Untere Mittelklasse (z.B. Golf)","Van","gasoline",2014,499,33.487,6.6,15.5,4,1.47,7.845898,40224000
"3368","Mercedes","Daimler","B-Klasse","Untere Mittelklasse (z.B. Golf)","Van","gasoline",2015,766,33.487,6.6,15.5,4,1.47,7.845898,40775000
"3369","Mercedes","Daimler","B-Klasse","Untere Mittelklasse (z.B. Golf)","Van","gasoline",2016,602,33.487,6.6,15.5,4,1.47,7.845898,40959000
"3370","Mercedes","Daimler","B-Klasse","Untere Mittelklasse (z.B. Golf)","Van","gasoline",2017,613,33.487,6.6,15.5,4,1.47,7.845898,41303000
"3371","Mercedes","Daimler","B-Klasse","Untere Mittelklasse (z.B. Golf)","Van","gasoline",2016,255,27.334,5.5,7.5,4,1.395,7.845898,40959000
"3372","Mercedes","Daimler","B-Klasse","Untere Mittelklasse (z.B. Golf)","Van","gasoline",2017,180,27.334,5.5,7.5,4,1.395,7.845898,41303000
"3373","Mercedes","Daimler","B-Klasse","Untere Mittelklasse (z.B. Golf)","Van","gasoline",2012,22569,28.62,5.9,9,4,1.395,7.785174,39708000
"3374","Mercedes","Daimler","B-Klasse","Untere Mittelklasse (z.B. Golf)","Van","gasoline",2013,18472,30.1965,5.9,9,4,1.395,7.845898,39931000
"3375","Mercedes","Daimler","B-Klasse","Untere Mittelklasse (z.B. Golf)","Van","gasoline",2014,15076,27.858,5.6,9,4,1.41,7.845898,40224000
"3376","Mercedes","Daimler","B-Klasse","Untere Mittelklasse (z.B. Golf)","Van","gasoline",2015,12931,27.858,5.6,9,4,1.41,7.845898,40775000
"3377","Mercedes","Daimler","B-Klasse","Untere Mittelklasse (z.B. Golf)","Van","gasoline",2016,12905,27.858,5.6,9,4,1.41,7.845898,40959000
"3378","Mercedes","Daimler","B-Klasse","Untere Mittelklasse (z.B. Golf)","Van","gasoline",2017,9935,27.858,5.6,9,4,1.41,7.845898,41303000
"3379","Mercedes","Daimler","C-Klasse","Mittelklasse (z.B. BMW 3er-Reihe)","Stufenheck","diesel",2012,11148,37.663,6.35,10,4,1.61,8.14377,39708000
"3380","Mercedes","Daimler","C-Klasse","Mittelklasse (z.B. BMW 3er-Reihe)","Stufenheck","diesel",2013,9028,37.188,4.8,10,4,1.615,8.14377,39931000
"3381","Mercedes","Daimler","C-Klasse","Mittelklasse (z.B. BMW 3er-Reihe)","Stufenheck","diesel",2014,3941,37.188,4.8,10,4,1.615,8.14377,40224000
"3382","Mercedes","Daimler","C-Klasse","Mittelklasse (z.B. BMW 3er-Reihe)","Stufenheck","diesel",2016,6017,40.793,4.4,10,4,1.615,8.51062,40959000
"3383","Mercedes","Daimler","C-Klasse","Mittelklasse (z.B. BMW 3er-Reihe)","Stufenheck","diesel",2017,5224,40.793,4.4,10,4,1.615,8.51062,41303000
"3384","Mercedes","Daimler","C-Klasse","Mittelklasse (z.B. BMW 3er-Reihe)","Stufenheck","diesel",2014,113,43.941,4,12,4,1.505,8.48166,40224000
"3385","Mercedes","Daimler","C-Klasse","Mittelklasse (z.B. BMW 3er-Reihe)","Stufenheck","diesel",2015,204,43.941,4,12,4,1.505,8.48166,40775000
"3386","Mercedes","Daimler","C-Klasse","Mittelklasse (z.B. BMW 3er-Reihe)","Stufenheck","diesel",2012,19286,39.449,4.7,12.5,4,1.655,8.14377,39708000
"3387","Mercedes","Daimler","C-Klasse","Mittelklasse (z.B. BMW 3er-Reihe)","Stufenheck","diesel",2013,15728,39.449,4.7,12.5,4,1.655,8.14377,39931000
"3388","Mercedes","Daimler","C-Klasse","Mittelklasse (z.B. BMW 3er-Reihe)","Stufenheck","diesel",2014,26771,43.23,4.3,12.5,4,1.57,8.48166,40224000
"3389","Mercedes","Daimler","C-Klasse","Mittelklasse (z.B. BMW 3er-Reihe)","Stufenheck","diesel",2015,25719,44.8215,4.4,12.5,4,1.615,8.51062,40775000
"3390","Mercedes","Daimler","C-Klasse","Mittelklasse (z.B. BMW 3er-Reihe)","Stufenheck","diesel",2016,20901,44.8215,4.4,12.5,4,1.615,8.51062,40959000
"3391","Mercedes","Daimler","C-Klasse","Mittelklasse (z.B. BMW 3er-Reihe)","Stufenheck","diesel",2017,17143,44.8215,4.4,12.5,4,1.615,8.51062,41303000
"3392","Mercedes","Daimler","C-Klasse","Mittelklasse (z.B. BMW 3er-Reihe)","Stufenheck","diesel",2012,5483,44.2,5.2,15,4,1.675,8.14377,39708000
"3393","Mercedes","Daimler","C-Klasse","Mittelklasse (z.B. BMW 3er-Reihe)","Stufenheck","diesel",2013,3841,44.53,5,15,4,1.675,8.14377,39931000
"3394","Mercedes","Daimler","C-Klasse","Mittelklasse (z.B. BMW 3er-Reihe)","Stufenheck","diesel",2014,4456,48.195,4.5,15,4,1.66,8.51062,40224000
"3395","Mercedes","Daimler","C-Klasse","Mittelklasse (z.B. BMW 3er-Reihe)","Stufenheck","diesel",2015,8724,48.195,4.5,15,4,1.66,8.51062,40775000
"3396","Mercedes","Daimler","C-Klasse","Mittelklasse (z.B. BMW 3er-Reihe)","Kombi","diesel",2016,5727,48.195,4.5,15,4,1.66,8.51062,40959000
"3397","Mercedes","Daimler","C-Klasse","Mittelklasse (z.B. BMW 3er-Reihe)","Kombi","diesel",2017,4585,48.195,4.5,15,4,1.66,8.51062,41303000
"3398","Mercedes","Daimler","C-Klasse","Mittelklasse (z.B. BMW 3er-Reihe)","Stufenheck","diesel",2012,1149,49.7365,7.2,17,6,1.81,8.14377,39708000
"3399","Mercedes","Daimler","C-Klasse","Mittelklasse (z.B. BMW 3er-Reihe)","Stufenheck","diesel",2013,545,49.326,7.2,17,6,1.81,8.14377,39931000
"3400","Mercedes","Daimler","C-Klasse","Mittelklasse (z.B. BMW 3er-Reihe)","Stufenheck","diesel",2012,1380,50.218,6,19.5,6,1.76,8.14377,39708000
"3401","Mercedes","Daimler","C-Klasse","Mittelklasse (z.B. BMW 3er-Reihe)","Stufenheck","diesel",2013,942,50.218,6,19.5,6,1.76,8.14377,39931000
"3402","Mercedes","Daimler","C-Klasse","Mittelklasse (z.B. BMW 3er-Reihe)","Stufenheck","diesel",2014,252,50.218,6,19.5,6,1.76,8.14377,40224000
"3403","Mercedes","Daimler","C-Klasse","Mittelklasse (z.B. BMW 3er-Reihe)","Stufenheck","diesel",2014,102,38.354,3.9,8.5,4,1.485,8.48166,40224000
"3404","Mercedes","Daimler","C-Klasse","Mittelklasse (z.B. BMW 3er-Reihe)","Stufenheck","diesel",2015,828,40.103,4.3,8.5,4,1.585,8.51062,40775000
"3405","Mercedes","Daimler","C-Klasse","Mittelklasse (z.B. BMW 3er-Reihe)","Stufenheck","diesel",2016,734,40.103,4.3,8.5,4,1.585,8.51062,40959000
"3406","Mercedes","Daimler","C-Klasse","Mittelklasse (z.B. BMW 3er-Reihe)","Stufenheck","diesel",2017,474,40.103,4.3,8.5,4,1.585,8.51062,41303000
"3407","Mercedes","Daimler","C-Klasse","Mittelklasse (z.B. BMW 3er-Reihe)","Stufenheck","diesel",2012,2392,38.074,4.95,8.8,4,1.63,8.14377,39708000
"3408","Mercedes","Daimler","C-Klasse","Mittelklasse (z.B. BMW 3er-Reihe)","Stufenheck","diesel",2013,1397,38.074,4.95,8.8,4,1.63,8.14377,39931000
"3409","Mercedes","Daimler","C-Klasse","Mittelklasse (z.B. BMW 3er-Reihe)","Stufenheck","diesel",2014,335,38.074,4.95,8.8,4,1.63,8.14377,40224000
"3410","Mercedes","Daimler","C-Klasse","Mittelklasse (z.B. BMW 3er-Reihe)","Stufenheck","gasoline",2012,18835,34.29,6.7,11.5,4,1.48,8.11722,39708000
"3411","Mercedes","Daimler","C-Klasse","Mittelklasse (z.B. BMW 3er-Reihe)","Stufenheck","gasoline",2013,14766,30.613,6.5,11.5,4,1.465,8.11722,39931000
"3412","Mercedes","Daimler","C-Klasse","Mittelklasse (z.B. BMW 3er-Reihe)","Stufenheck","gasoline",2014,15785,36.9,5.8,11.5,4,1.425,8.48166,40224000
"3413","Mercedes","Daimler","C-Klasse","Mittelklasse (z.B. BMW 3er-Reihe)","Stufenheck","gasoline",2015,12521,38.526,5.4,11.5,4,1.425,8.48166,40775000
"3414","Mercedes","Daimler","C-Klasse","Mittelklasse (z.B. BMW 3er-Reihe)","Stufenheck","gasoline",2016,12891,38.526,5.4,11.5,4,1.425,8.48166,40959000
"3415","Mercedes","Daimler","C-Klasse","Mittelklasse (z.B. BMW 3er-Reihe)","Stufenheck","gasoline",2017,12473,37.967,5.9,11.5,4,1.425,8.48166,41303000
"3416","Mercedes","Daimler","C-Klasse","Mittelklasse (z.B. BMW 3er-Reihe)","Stufenheck","gasoline",2012,4469,37.902,6.6,13.5,4,1.505,8.11722,39708000
"3417","Mercedes","Daimler","C-Klasse","Mittelklasse (z.B. BMW 3er-Reihe)","Stufenheck","gasoline",2013,3284,38.223,6.5,13.5,4,1.5025,8.11722,39931000
"3418","Mercedes","Daimler","C-Klasse","Mittelklasse (z.B. BMW 3er-Reihe)","Stufenheck","gasoline",2014,5646,41.412,5.3,13.5,4,1.465,8.48166,40224000
"3419","Mercedes","Daimler","C-Klasse","Mittelklasse (z.B. BMW 3er-Reihe)","Stufenheck","gasoline",2015,4746,41.412,5.3,13.5,4,1.465,8.48166,40775000
"3420","Mercedes","Daimler","C-Klasse","Mittelklasse (z.B. BMW 3er-Reihe)","Stufenheck","gasoline",2016,6815,41.412,5.3,13.5,4,1.465,8.48166,40959000
"3421","Mercedes","Daimler","C-Klasse","Mittelklasse (z.B. BMW 3er-Reihe)","Stufenheck","gasoline",2017,7989,49.808,6.1,13.5,4,1.665,8.48166,41303000
"3422","Mercedes","Daimler","C-Klasse","Mittelklasse (z.B. BMW 3er-Reihe)","Stufenheck","gasoline",2012,2449,44.6845,6.5,15,4,1.55,8.1243,39708000
"3423","Mercedes","Daimler","C-Klasse","Mittelklasse (z.B. BMW 3er-Reihe)","Stufenheck","gasoline",2013,1453,44.078,6.7,15,4,1.575,8.14377,39931000
"3424","Mercedes","Daimler","C-Klasse","Mittelklasse (z.B. BMW 3er-Reihe)","Stufenheck","gasoline",2014,532,44.078,6.7,15,4,1.575,8.14377,40224000
"3425","Mercedes","Daimler","C-Klasse","Mittelklasse (z.B. BMW 3er-Reihe)","Stufenheck","gasoline",2014,938,41.269,5.3,15.5,4,1.48,8.48166,40224000
"3426","Mercedes","Daimler","C-Klasse","Mittelklasse (z.B. BMW 3er-Reihe)","Stufenheck","gasoline",2015,2344,42.935,5.6,15.5,4,1.545,8.51062,40775000
"3427","Mercedes","Daimler","C-Klasse","Mittelklasse (z.B. BMW 3er-Reihe)","Stufenheck","gasoline",2016,2468,42.935,5.6,15.5,4,1.545,8.51062,40959000
"3428","Mercedes","Daimler","C-Klasse","Mittelklasse (z.B. BMW 3er-Reihe)","Stufenheck","gasoline",2017,3662,42.935,5.6,15.5,4,1.545,8.51062,41303000
"3429","Mercedes","Daimler","C-Klasse","Mittelklasse (z.B. BMW 3er-Reihe)","Stufenheck","gasoline",2015,293,46.565,6.4,18,4,1.545,8.51062,40775000
"3430","Mercedes","Daimler","C-Klasse","Mittelklasse (z.B. BMW 3er-Reihe)","Stufenheck","gasoline",2016,1415,45.256,6.3,18,4,1.565,8.48166,40959000
"3431","Mercedes","Daimler","C-Klasse","Mittelklasse (z.B. BMW 3er-Reihe)","Stufenheck","gasoline",2017,2144,46.565,6.4,18,4,1.545,8.51062,41303000
"3432","Mercedes","Daimler","C-Klasse","Mittelklasse (z.B. BMW 3er-Reihe)","Stufenheck","gasoline",2012,1241,50.456,6.8,22.5,6,1.615,8.1243,39708000
"3433","Mercedes","Daimler","C-Klasse","Mittelklasse (z.B. BMW 3er-Reihe)","Stufenheck","gasoline",2013,490,50.456,6.8,22.5,6,1.615,8.1243,39931000
"3434","Mercedes","Daimler","C-Klasse","Mittelklasse (z.B. BMW 3er-Reihe)","Kombi","gasoline",2014,136,50.456,6.8,22.5,6,1.615,8.1243,40224000
"3435","Mercedes","Daimler","C-Klasse","Mittelklasse (z.B. BMW 3er-Reihe)","Stufenheck","gasoline",2015,1272,58.0015,7.55,24.5,6,1.73,8.51062,40775000
"3436","Mercedes","Daimler","C-Klasse","Mittelklasse (z.B. BMW 3er-Reihe)","Stufenheck","gasoline",2016,1391,58.0015,7.55,24.5,6,1.73,8.51062,40959000
"3437","Mercedes","Daimler","C-Klasse","Mittelklasse (z.B. BMW 3er-Reihe)","Stufenheck","gasoline",2017,2154,58.013,7.7,24.5,6,1.73,8.51062,41303000
"3438","Mercedes","Daimler","C-Klasse","Mittelklasse (z.B. BMW 3er-Reihe)","Stufenheck","gasoline",2015,732,61.731,7.7,27,6,1.735,8.51062,40775000
"3439","Mercedes","Daimler","C-Klasse","Mittelklasse (z.B. BMW 3er-Reihe)","Stufenheck","gasoline",2016,3930,61.85,7.9,27,6,1.735,8.51062,40959000
"3440","Mercedes","Daimler","C-Klasse","Mittelklasse (z.B. BMW 3er-Reihe)","Stufenheck","gasoline",2017,6127,61.85,7.9,27,6,1.735,8.51062,41303000
"3441","Mercedes","Daimler","C-Klasse","Mittelklasse (z.B. BMW 3er-Reihe)","Stufenheck","gasoline",2012,613,77.737,12,33.6,8,1.73,8.23905,39708000
"3442","Mercedes","Daimler","C-Klasse","Mittelklasse (z.B. BMW 3er-Reihe)","Stufenheck","gasoline",2013,486,75.03,12.3,33.6,8,1.795,8.456245,39931000
"3443","Mercedes","Daimler","C-Klasse","Mittelklasse (z.B. BMW 3er-Reihe)","Stufenheck","gasoline",2014,275,77.737,12,33.6,8,1.73,8.23905,40224000
"3444","Mercedes","Daimler","C-Klasse","Mittelklasse (z.B. BMW 3er-Reihe)","Stufenheck","gasoline",2015,465,77.588,9.9,35,8,1.745,8.748123,40775000
"3445","Mercedes","Daimler","C-Klasse","Mittelklasse (z.B. BMW 3er-Reihe)","Stufenheck","gasoline",2016,1139,88.001,10,35,8,1.825,8.775708,40959000
"3446","Mercedes","Daimler","C-Klasse","Mittelklasse (z.B. BMW 3er-Reihe)","Stufenheck","gasoline",2017,1780,77.588,9.9,35,8,1.745,8.61437675,41303000
"3447","Mercedes","Daimler","C-Klasse","Mittelklasse (z.B. BMW 3er-Reihe)","Stufenheck","gasoline",2012,469,84.7935,12,35.8,8,1.73,8.23905,39708000
"3448","Mercedes","Daimler","C-Klasse","Mittelklasse (z.B. BMW 3er-Reihe)","Stufenheck","gasoline",2013,249,79.349,12,35.8,8,1.73,8.48317,39931000
"3449","Mercedes","Daimler","C-Klasse","Mittelklasse (z.B. BMW 3er-Reihe)","Stufenheck","gasoline",2013,146,85.561,12,37.3,8,1.73,8.23905,39931000
"3450","Mercedes","Daimler","C-Klasse","Mittelklasse (z.B. BMW 3er-Reihe)","Stufenheck","gasoline",2014,264,85.561,12,37.3,8,1.73,8.23905,40224000
"3451","Mercedes","Daimler","C-Klasse","Mittelklasse (z.B. BMW 3er-Reihe)","Stufenheck","gasoline",2015,1067,86.335,9.9,37.5,8,1.755,8.748123,40775000
"3452","Mercedes","Daimler","C-Klasse","Mittelklasse (z.B. BMW 3er-Reihe)","Stufenheck","gasoline",2016,2156,88.001,10,37.5,8,1.825,8.775708,40959000
"3453","Mercedes","Daimler","C-Klasse","Mittelklasse (z.B. BMW 3er-Reihe)","Stufenheck","gasoline",2017,3006,88.001,10,37.5,8,1.825,8.6426565,41303000
"3454","Mercedes","Daimler","C-Klasse","Mittelklasse (z.B. BMW 3er-Reihe)","Coupe","gasoline",2012,134,115.43,12.2,38,8,1.71,9.516474,39708000
"3455","Mercedes","Daimler","C-Klasse","Mittelklasse (z.B. BMW 3er-Reihe)","Stufenheck","gasoline",2016,113,36.3015,5.55,9.5,4,1.41,8.48166,40959000
"3456","Mercedes","Daimler","CL-Klasse","Oberklasse (z.B. S-Klasse)","Coupe","gasoline",2012,160,128.6095,9.9,32,8,2.12,9.532745,39708000
"3457","Mercedes","Daimler","CL-Klasse","Oberklasse (z.B. S-Klasse)","Coupe","gasoline",2013,114,128.6095,9.9,32,8,2.12,9.532745,39931000
"3458","Mercedes","Daimler","CLA","Untere Mittelklasse (z.B. Golf)","Coupe","diesel",2013,290,37.331,4.2,10,4,1.4925,8.22751,39931000
"3459","Mercedes","Daimler","CLA","Untere Mittelklasse (z.B. Golf)","Coupe","diesel",2014,944,37.331,4.2,10,4,1.4925,8.22751,40224000
"3460","Mercedes","Daimler","CLA","Untere Mittelklasse (z.B. Golf)","Kombi","diesel",2015,2188,38.003,4,10,4,1.5425,8.22751,40775000
"3461","Mercedes","Daimler","CLA","Untere Mittelklasse (z.B. Golf)","Kombi","diesel",2016,2561,37.181,4.1,10,4,1.53,8.22751,40959000
"3462","Mercedes","Daimler","CLA","Untere Mittelklasse (z.B. Golf)","Kombi","diesel",2017,2385,37.181,4.1,10,4,1.53,8.22751,41303000
"3463","Mercedes","Daimler","CLA","Untere Mittelklasse (z.B. Golf)","Coupe","diesel",2013,2827,39.609,4,12.5,4,1.525,8.22751,39931000
"3464","Mercedes","Daimler","CLA","Untere Mittelklasse (z.B. Golf)","Coupe","diesel",2014,2080,39.609,4,12.5,4,1.525,8.22751,40224000
"3465","Mercedes","Daimler","CLA","Untere Mittelklasse (z.B. Golf)","Coupe","diesel",2015,162,39.609,4,12.5,4,1.525,8.22751,40775000
"3466","Mercedes","Daimler","CLA","Untere Mittelklasse (z.B. Golf)","Kombi","diesel",2014,158,41.109,4,13,4,1.525,8.22751,40224000
"3467","Mercedes","Daimler","CLA","Untere Mittelklasse (z.B. Golf)","Kombi","diesel",2015,4199,40.996,4.2,13,4,1.555,8.22751,40775000
"3468","Mercedes","Daimler","CLA","Untere Mittelklasse (z.B. Golf)","Kombi","diesel",2016,4052,40.74,4.2,13,4,1.555,8.22751,40959000
"3469","Mercedes","Daimler","CLA","Untere Mittelklasse (z.B. Golf)","Kombi","diesel",2017,3326,40.74,4.2,13,4,1.555,8.22751,41303000
"3470","Mercedes","Daimler","CLA","Untere Mittelklasse (z.B. Golf)","Coupe","diesel",2014,209,35.1945,3.85,8,4,1.4625,8.22751,40224000
"3471","Mercedes","Daimler","CLA","Untere Mittelklasse (z.B. Golf)","Kombi","diesel",2015,281,35.1945,3.85,8,4,1.4625,8.22751,40775000
"3472","Mercedes","Daimler","CLA","Untere Mittelklasse (z.B. Golf)","Kombi","diesel",2016,977,35.771,4.1,8,4,1.47,8.24528,40959000
"3473","Mercedes","Daimler","CLA","Untere Mittelklasse (z.B. Golf)","Kombi","diesel",2017,1134,35.771,4.1,8,4,1.47,8.24528,41303000
"3474","Mercedes","Daimler","CLA","Untere Mittelklasse (z.B. Golf)","Coupe","gasoline",2013,2950,36.682,5.25,11.5,4,1.395,8.22751,39931000
"3475","Mercedes","Daimler","CLA","Untere Mittelklasse (z.B. Golf)","Coupe","gasoline",2014,2130,36.682,5.25,11.5,4,1.395,8.22751,40224000
"3476","Mercedes","Daimler","CLA","Untere Mittelklasse (z.B. Golf)","Kombi","gasoline",2015,4238,36.7765,5.6,11.5,4,1.445,8.24528,40775000
"3477","Mercedes","Daimler","CLA","Untere Mittelklasse (z.B. Golf)","Kombi","gasoline",2016,4312,36.7765,5.6,11.5,4,1.445,8.24528,40959000
"3478","Mercedes","Daimler","CLA","Untere Mittelklasse (z.B. Golf)","Kombi","gasoline",2017,4374,36.7765,5.6,11.5,4,1.445,8.24528,41303000
"3479","Mercedes","Daimler","CLA","Untere Mittelklasse (z.B. Golf)","Kombi","gasoline",2016,258,39.377,6.7,13.5,4,1.55,8.24528,40959000
"3480","Mercedes","Daimler","CLA","Untere Mittelklasse (z.B. Golf)","Kombi","gasoline",2017,829,39.377,6.7,13.5,4,1.55,8.24528,41303000
"3481","Mercedes","Daimler","CLA","Untere Mittelklasse (z.B. Golf)","Kombi","gasoline",2013,1104,44.09,6.7,15.5,4,1.5,8.22751,39931000
"3482","Mercedes","Daimler","CLA","Untere Mittelklasse (z.B. Golf)","Kombi","gasoline",2014,1015,41.793,5.4,15.5,4,1.48,8.22751,40224000
"3483","Mercedes","Daimler","CLA","Untere Mittelklasse (z.B. Golf)","Kombi","gasoline",2015,1814,41.126,6.6,15.5,4,1.47,8.24528,40775000
"3484","Mercedes","Daimler","CLA","Untere Mittelklasse (z.B. Golf)","Kombi","gasoline",2016,980,41.126,6.6,15.5,4,1.47,8.24528,40959000
"3485","Mercedes","Daimler","CLA","Untere Mittelklasse (z.B. Golf)","Kombi","gasoline",2017,852,41.126,6.6,15.5,4,1.47,8.24528,41303000
"3486","Mercedes","Daimler","CLA","Untere Mittelklasse (z.B. Golf)","Kombi","gasoline",2015,252,42.049,6.45,16,4,1.49,8.236395,40775000
"3487","Mercedes","Daimler","CLA","Untere Mittelklasse (z.B. Golf)","Kombi","gasoline",2016,760,45.8865,6.85,16,4,1.565,8.236395,40959000
"3488","Mercedes","Daimler","CLA","Untere Mittelklasse (z.B. Golf)","Kombi","gasoline",2017,927,45.8865,6.85,16,4,1.565,8.236395,41303000
"3489","Mercedes","Daimler","CLA","Untere Mittelklasse (z.B. Golf)","Coupe","gasoline",2013,124,63.695,6.9,26.5,4,1.585,8.335907,39931000
"3490","Mercedes","Daimler","CLA","Untere Mittelklasse (z.B. Golf)","Kombi","gasoline",2014,770,63.695,6.9,26.5,4,1.585,8.335907,40224000
"3491","Mercedes","Daimler","CLA","Untere Mittelklasse (z.B. Golf)","Kombi","gasoline",2015,843,63.695,6.9,26.5,4,1.585,8.335907,40775000
"3492","Mercedes","Daimler","CLA","Untere Mittelklasse (z.B. Golf)","Kombi","gasoline",2015,530,62.0645,7.7,28,4,1.615,8.335907,40775000
"3493","Mercedes","Daimler","CLA","Untere Mittelklasse (z.B. Golf)","Kombi","gasoline",2016,2092,61.4695,6.9,28,4,1.585,8.335907,40959000
"3494","Mercedes","Daimler","CLA","Untere Mittelklasse (z.B. Golf)","Kombi","gasoline",2017,1551,61.4695,6.9,28,4,1.585,8.335907,41303000
"3495","Mercedes","Daimler","CLA","Untere Mittelklasse (z.B. Golf)","Coupe","gasoline",2013,2883,33.035,5.1,9,4,1.395,8.22751,39931000
"3496","Mercedes","Daimler","CLA","Untere Mittelklasse (z.B. Golf)","Kombi","gasoline",2014,3438,33.035,5.1,9,4,1.395,8.22751,40224000
"3497","Mercedes","Daimler","CLA","Untere Mittelklasse (z.B. Golf)","Kombi","gasoline",2015,6526,33.225,5.4,9,4,1.395,8.24528,40775000
"3498","Mercedes","Daimler","CLA","Untere Mittelklasse (z.B. Golf)","Kombi","gasoline",2016,7005,33.82,5.5,9,4,1.43,8.24528,40959000
"3499","Mercedes","Daimler","CLA","Untere Mittelklasse (z.B. Golf)","Kombi","gasoline",2017,5915,33.82,5.5,9,4,1.43,8.24528,41303000
"3500","Mercedes","Daimler","CLS-Klasse","Obere Mittelklasse (z.B. E-Klasse)","Kombi","diesel",2012,412,63.5815,5.1,15,4,1.8,9.29214,39708000
"3501","Mercedes","Daimler","CLS-Klasse","Obere Mittelklasse (z.B. E-Klasse)","Kombi","diesel",2013,681,61.761,5,15,4,1.885,9.316593,39931000
"3502","Mercedes","Daimler","CLS-Klasse","Obere Mittelklasse (z.B. E-Klasse)","Kombi","diesel",2014,439,61.761,5,15,4,1.885,9.316593,40224000
"3503","Mercedes","Daimler","CLS-Klasse","Obere Mittelklasse (z.B. E-Klasse)","Kombi","diesel",2015,456,61.761,5,15,4,1.885,9.316593,40775000
"3504","Mercedes","Daimler","CLS-Klasse","Obere Mittelklasse (z.B. E-Klasse)","Coupe","diesel",2013,177,65.153,5.5,18.5,6,1.845,9.29214,39931000
"3505","Mercedes","Daimler","CLS-Klasse","Obere Mittelklasse (z.B. E-Klasse)","Coupe","diesel",2014,465,66.2535,6.1,18.5,6,1.925,9.2893185,40224000
"3506","Mercedes","Daimler","CLS-Klasse","Obere Mittelklasse (z.B. E-Klasse)","Coupe","diesel",2015,350,66.2535,6.1,18.5,6,1.925,9.2893185,40775000
"3507","Mercedes","Daimler","CLS-Klasse","Obere Mittelklasse (z.B. E-Klasse)","Kombi","diesel",2012,2586,67.4495,6,19.5,6,1.815,9.29214,39708000
"3508","Mercedes","Daimler","CLS-Klasse","Obere Mittelklasse (z.B. E-Klasse)","Kombi","diesel",2013,3471,70.2015,6,19.5,6,1.91,9.322236,39931000
"3509","Mercedes","Daimler","CLS-Klasse","Obere Mittelklasse (z.B. E-Klasse)","Kombi","diesel",2014,1701,70.2015,6,19.5,6,1.91,9.322236,40224000
"3510","Mercedes","Daimler","CLS-Klasse","Obere Mittelklasse (z.B. E-Klasse)","Kombi","diesel",2015,185,67.4495,6,19.5,6,1.815,9.29214,40775000
"3511","Mercedes","Daimler","CLS-Klasse","Obere Mittelklasse (z.B. E-Klasse)","Kombi","gasoline",2012,510,68.58,6.8,22.5,6,1.735,9.29214,39708000
"3512","Mercedes","Daimler","CLS-Klasse","Obere Mittelklasse (z.B. E-Klasse)","Kombi","gasoline",2013,641,71.3915,7.3,22.5,6,1.83,9.322236,39931000
"3513","Mercedes","Daimler","CLS-Klasse","Obere Mittelklasse (z.B. E-Klasse)","Kombi","gasoline",2014,212,68.58,6.8,22.5,6,1.735,9.29214,40224000
"3514","Mercedes","Daimler","CLS-Klasse","Obere Mittelklasse (z.B. E-Klasse)","Kombi","gasoline",2012,544,86.266,9.6,30,8,1.94,9.29214,39708000
"3515","Mercedes","Daimler","CLS-Klasse","Obere Mittelklasse (z.B. E-Klasse)","Kombi","gasoline",2013,481,85.8885,9.8,30,8,2.005,9.3194145,39931000
"3516","Mercedes","Daimler","CLS-Klasse","Obere Mittelklasse (z.B. E-Klasse)","Kombi","gasoline",2014,379,85.8885,9.8,30,8,2.005,9.3194145,40224000
"3517","Mercedes","Daimler","CLS-Klasse","Obere Mittelklasse (z.B. E-Klasse)","Kombi","gasoline",2015,332,84.639,9.6,30,8,1.94,9.2893185,40775000
"3518","Mercedes","Daimler","CLS-Klasse","Obere Mittelklasse (z.B. E-Klasse)","Kombi","gasoline",2012,142,120.836,9.9,38.6,8,1.87,9.29214,39708000
"3519","Mercedes","Daimler","CLS-Klasse","Obere Mittelklasse (z.B. E-Klasse)","Coupe","gasoline",2012,117,122.0345,9.9,41,8,1.87,9.29214,39708000
"3520","Mercedes","Daimler","CLS-Klasse","Obere Mittelklasse (z.B. E-Klasse)","Kombi","gasoline",2014,112,131.436,10.35,43,8,1.9075,9.3175335,40224000
"3521","Mercedes","Daimler","CLS-Klasse","Obere Mittelklasse (z.B. E-Klasse)","Coupe","gasoline",2015,104,131.436,10.35,43,8,1.9075,9.3175335,40775000
"3522","Mercedes","Daimler","CLS","Obere Mittelklasse (z.B. E-Klasse)","Kombi","diesel",2015,381,56.585,4.7,12.5,4,1.845,9.316593,40775000
"3523","Mercedes","Daimler","CLS","Obere Mittelklasse (z.B. E-Klasse)","Kombi","diesel",2016,243,56.585,4.7,12.5,4,1.845,9.316593,40959000
"3524","Mercedes","Daimler","CLS","Obere Mittelklasse (z.B. E-Klasse)","Kombi","diesel",2014,104,61.702,5.5,15,4,1.955,9.316593,40224000
"3525","Mercedes","Daimler","CLS","Obere Mittelklasse (z.B. E-Klasse)","Kombi","diesel",2015,329,61.702,5.5,15,4,1.955,9.316593,40775000
"3526","Mercedes","Daimler","CLS","Obere Mittelklasse (z.B. E-Klasse)","Kombi","diesel",2016,534,57.18,4.6,15,4,1.815,9.286497,40959000
"3527","Mercedes","Daimler","CLS","Obere Mittelklasse (z.B. E-Klasse)","Kombi","diesel",2017,202,58.965,4.8,15,4,1.885,9.316593,41303000
"3528","Mercedes","Daimler","CLS","Obere Mittelklasse (z.B. E-Klasse)","Kombi","diesel",2014,281,66.521,6.6,18.5,6,1.995,9.316593,40224000
"3529","Mercedes","Daimler","CLS","Obere Mittelklasse (z.B. E-Klasse)","Kombi","diesel",2015,614,66.521,6.6,18.5,6,1.995,9.316593,40775000
"3530","Mercedes","Daimler","CLS","Obere Mittelklasse (z.B. E-Klasse)","Kombi","diesel",2014,251,62.178,5.3,19,6,1.845,9.286497,40224000
"3531","Mercedes","Daimler","CLS","Obere Mittelklasse (z.B. E-Klasse)","Kombi","diesel",2015,1657,63.963,5.6,19,6,1.935,9.316593,40775000
"3532","Mercedes","Daimler","CLS","Obere Mittelklasse (z.B. E-Klasse)","Kombi","diesel",2016,1369,70.805,6.1,19,6,1.995,9.316593,40959000
"3533","Mercedes","Daimler","CLS","Obere Mittelklasse (z.B. E-Klasse)","Kombi","diesel",2017,924,70.805,6.1,19,6,1.995,9.316593,41303000
"3534","Mercedes","Daimler","CLS","Obere Mittelklasse (z.B. E-Klasse)","Kombi","gasoline",2014,187,63.427,7.4,24.5,6,1.775,9.286497,40224000
"3535","Mercedes","Daimler","CLS","Obere Mittelklasse (z.B. E-Klasse)","Kombi","gasoline",2015,509,70.21,7.8,24.5,6,1.835,9.286497,40775000
"3536","Mercedes","Daimler","CLS","Obere Mittelklasse (z.B. E-Klasse)","Kombi","gasoline",2016,389,70.21,7.8,24.5,6,1.835,9.286497,40959000
"3537","Mercedes","Daimler","CLS","Obere Mittelklasse (z.B. E-Klasse)","Kombi","gasoline",2017,205,57.0545,8,24.5,6,1.915,9.316593,41303000
"3538","Mercedes","Daimler","CLS","Obere Mittelklasse (z.B. E-Klasse)","Kombi","gasoline",2016,252,85.8885,9.55,30,8,2.005,9.316593,40959000
"3539","Mercedes","Daimler","CLS","Obere Mittelklasse (z.B. E-Klasse)","Kombi","gasoline",2017,106,84.639,9.35,30,8,1.94,9.286497,41303000
"3540","Mercedes","Daimler","CLS","Obere Mittelklasse (z.B. E-Klasse)","Kombi","gasoline",2016,117,131.793,10.3,43,8,1.945,9.342927,40959000
"3541","Mercedes","Daimler","Citan","Untere Mittelklasse (z.B. Golf)","Hochdach-Kombi","diesel",2015,185,21.099,4.3,5.5,4,1.455,7.911751,40775000
"3542","Mercedes","Daimler","Citan","Untere Mittelklasse (z.B. Golf)","Hochdach-Kombi","diesel",2012,640,21.491,4.3,6.6,4,1.455,7.911751,39708000
"3543","Mercedes","Daimler","Citan","Untere Mittelklasse (z.B. Golf)","Hochdach-Kombi","diesel",2013,1170,21.491,4.3,6.6,4,1.63,8.614855,39931000
"3544","Mercedes","Daimler","Citan","Untere Mittelklasse (z.B. Golf)","Hochdach-Kombi","diesel",2014,1772,21.9005,4.3,6.6,4,1.5425,8.263303,40224000
"3545","Mercedes","Daimler","Citan","Untere Mittelklasse (z.B. Golf)","Hochdach-Kombi","diesel",2015,743,21.9005,4.3,6.6,4,1.5425,8.263303,40775000
"3546","Mercedes","Daimler","Citan","Untere Mittelklasse (z.B. Golf)","Hochdach-Kombi","diesel",2016,425,21.9005,4.3,6.6,4,1.5425,8.263303,40959000
"3547","Mercedes","Daimler","Citan","Untere Mittelklasse (z.B. Golf)","Hochdach-Kombi","diesel",2017,422,21.4245,4.3,6.6,4,1.455,7.911751,41303000
"3548","Mercedes","Daimler","Citan","Untere Mittelklasse (z.B. Golf)","Hochdach-Kombi","diesel",2014,1123,22.82,4.4,8.1,4,1.47,7.911751,40224000
"3549","Mercedes","Daimler","Citan","Untere Mittelklasse (z.B. Golf)","Hochdach-Kombi","diesel",2015,2218,22.82,4.4,8.1,4,1.47,7.911751,40775000
"3550","Mercedes","Daimler","Citan","Untere Mittelklasse (z.B. Golf)","Hochdach-Kombi","diesel",2016,2565,22.82,4.4,8.1,4,1.47,7.911751,40959000
"3551","Mercedes","Daimler","Citan","Untere Mittelklasse (z.B. Golf)","Hochdach-Kombi","diesel",2017,2798,23.209,4.4,8.1,4,1.47,7.911751,41303000
"3552","Mercedes","Daimler","Citan","Untere Mittelklasse (z.B. Golf)","Hochdach-Kombi","gasoline",2014,101,19.99,6.2,8.4,4,1.44,7.911751,40224000
"3553","Mercedes","Daimler","Citan","Untere Mittelklasse (z.B. Golf)","Hochdach-Kombi","gasoline",2015,175,19.99,6.2,8.4,4,1.44,7.911751,40775000
"3554","Mercedes","Daimler","Citan","Untere Mittelklasse (z.B. Golf)","Hochdach-Kombi","gasoline",2016,515,19.99,6.2,8.4,4,1.44,7.911751,40959000
"3555","Mercedes","Daimler","Citan","Untere Mittelklasse (z.B. Golf)","Hochdach-Kombi","gasoline",2017,1126,19.99,6.2,8.4,4,1.44,7.911751,41303000
"3556","Mercedes","Daimler","E-Klasse","Obere Mittelklasse (z.B. E-Klasse)","Stufenheck","diesel",2012,7468,43.2925,4.9,10,4,1.735,9.045666,39708000
"3557","Mercedes","Daimler","E-Klasse","Obere Mittelklasse (z.B. E-Klasse)","Stufenheck","diesel",2013,8580,43.2925,4.9,10,4,1.735,9.045666,39931000
"3558","Mercedes","Daimler","E-Klasse","Obere Mittelklasse (z.B. E-Klasse)","Stufenheck","diesel",2014,7974,43.2925,4.9,10,4,1.735,9.045666,40224000
"3559","Mercedes","Daimler","E-Klasse","Obere Mittelklasse (z.B. E-Klasse)","Stufenheck","diesel",2015,7434,43.834,4.6,10,4,1.735,9.045666,40775000
"3560","Mercedes","Daimler","E-Klasse","Obere Mittelklasse (z.B. E-Klasse)","Stufenheck","diesel",2016,4693,46.9425,4.9,10,4,1.845,9.09387,40959000
"3561","Mercedes","Daimler","E-Klasse","Obere Mittelklasse (z.B. E-Klasse)","Stufenheck","diesel",2016,1151,44.566,3.9,11,4,1.68,9.117396,40959000
"3562","Mercedes","Daimler","E-Klasse","Obere Mittelklasse (z.B. E-Klasse)","Stufenheck","diesel",2017,5950,44.7145,4.2,11,4,1.68,9.117396,41303000
"3563","Mercedes","Daimler","E-Klasse","Obere Mittelklasse (z.B. E-Klasse)","Stufenheck","diesel",2012,11415,50.7005,4.8,12.5,4,1.845,9.09387,39708000
"3564","Mercedes","Daimler","E-Klasse","Obere Mittelklasse (z.B. E-Klasse)","Stufenheck","diesel",2013,11465,50.7005,4.8,12.5,4,1.845,9.09387,39931000
"3565","Mercedes","Daimler","E-Klasse","Obere Mittelklasse (z.B. E-Klasse)","Stufenheck","diesel",2014,11100,50.7005,4.8,12.5,4,1.845,9.09387,40224000
"3566","Mercedes","Daimler","E-Klasse","Obere Mittelklasse (z.B. E-Klasse)","Stufenheck","diesel",2015,9671,50.7005,4.8,12.5,4,1.845,9.09387,40775000
"3567","Mercedes","Daimler","E-Klasse","Obere Mittelklasse (z.B. E-Klasse)","Stufenheck","diesel",2016,5468,50.7005,4.8,12.5,4,1.845,9.09387,40959000
"3568","Mercedes","Daimler","E-Klasse","Obere Mittelklasse (z.B. E-Klasse)","Stufenheck","diesel",2017,1504,54.782,5.5,12.5,4,1.955,9.09387,41303000
"3569","Mercedes","Daimler","E-Klasse","Obere Mittelklasse (z.B. E-Klasse)","Stufenheck","diesel",2016,12347,47.338,3.9,14.3,4,1.68,9.117396,40959000
"3570","Mercedes","Daimler","E-Klasse","Obere Mittelklasse (z.B. E-Klasse)","Stufenheck","diesel",2017,22208,50.813,4.55,14.3,4,1.7975,9.135916,41303000
"3571","Mercedes","Daimler","E-Klasse","Obere Mittelklasse (z.B. E-Klasse)","Stufenheck","diesel",2012,5218,52.2955,5.2,15,4,1.885,9.09387,39708000
"3572","Mercedes","Daimler","E-Klasse","Obere Mittelklasse (z.B. E-Klasse)","Stufenheck","diesel",2013,5902,52.2955,5.2,15,4,1.885,9.09387,39931000
"3573","Mercedes","Daimler","E-Klasse","Obere Mittelklasse (z.B. E-Klasse)","Stufenheck","diesel",2014,5216,52.2955,5.2,15,4,1.885,9.09387,40224000
"3574","Mercedes","Daimler","E-Klasse","Obere Mittelklasse (z.B. E-Klasse)","Stufenheck","diesel",2015,3455,57.293,5.5,15,4,1.955,9.09387,40775000
"3575","Mercedes","Daimler","E-Klasse","Obere Mittelklasse (z.B. E-Klasse)","Stufenheck","diesel",2016,1435,57.293,5.5,15,4,1.955,9.09387,40959000
"3576","Mercedes","Daimler","E-Klasse","Obere Mittelklasse (z.B. E-Klasse)","Stufenheck","diesel",2017,618,43.524,4.7,15,4,1.735,9.045666,41303000
"3577","Mercedes","Daimler","E-Klasse","Obere Mittelklasse (z.B. E-Klasse)","Stufenheck","diesel",2012,105,55.918,6.8,15.5,6,1.845,9.025272,39708000
"3578","Mercedes","Daimler","E-Klasse","Obere Mittelklasse (z.B. E-Klasse)","Stufenheck","diesel",2012,1923,57.209,7.2,17,6,1.955,9.07533,39708000
"3579","Mercedes","Daimler","E-Klasse","Obere Mittelklasse (z.B. E-Klasse)","Stufenheck","diesel",2013,1877,57.209,7.2,17,6,1.955,9.07533,39931000
"3580","Mercedes","Daimler","E-Klasse","Obere Mittelklasse (z.B. E-Klasse)","Stufenheck","diesel",2014,1418,57.209,7.2,17,6,1.955,9.07533,40224000
"3581","Mercedes","Daimler","E-Klasse","Obere Mittelklasse (z.B. E-Klasse)","Stufenheck","diesel",2015,1243,57.209,7.2,17,6,1.955,9.07533,40775000
"3582","Mercedes","Daimler","E-Klasse","Obere Mittelklasse (z.B. E-Klasse)","Stufenheck","diesel",2016,370,57.209,7.2,17,6,1.955,9.07533,40959000
"3583","Mercedes","Daimler","E-Klasse","Obere Mittelklasse (z.B. E-Klasse)","Stufenheck","diesel",2017,115,49.891,6.8,17,6,1.845,9.025272,41303000
"3584","Mercedes","Daimler","E-Klasse","Obere Mittelklasse (z.B. E-Klasse)","Stufenheck","diesel",2013,5567,62.844,6.4,18.5,6,2.035,9.09387,39931000
"3585","Mercedes","Daimler","E-Klasse","Obere Mittelklasse (z.B. E-Klasse)","Stufenheck","diesel",2014,5058,62.844,6.4,18.5,6,2.035,9.09387,40224000
"3586","Mercedes","Daimler","E-Klasse","Obere Mittelklasse (z.B. E-Klasse)","Stufenheck","diesel",2015,187,58.429,5.6,18.5,6,1.935,8.399558,40775000
"3587","Mercedes","Daimler","E-Klasse","Obere Mittelklasse (z.B. E-Klasse)","Stufenheck","diesel",2014,1763,63.052,6.2,19,6,2.015,9.09387,40224000
"3588","Mercedes","Daimler","E-Klasse","Obere Mittelklasse (z.B. E-Klasse)","Stufenheck","diesel",2015,5001,63.052,6.2,19,6,2.015,9.09387,40775000
"3589","Mercedes","Daimler","E-Klasse","Obere Mittelklasse (z.B. E-Klasse)","Stufenheck","diesel",2016,5611,55.876,5.3,19,6,1.8,9.117396,40959000
"3590","Mercedes","Daimler","E-Klasse","Obere Mittelklasse (z.B. E-Klasse)","Stufenheck","diesel",2017,5958,58.667,5.6,19,6,1.89,9.135916,41303000
"3591","Mercedes","Daimler","E-Klasse","Obere Mittelklasse (z.B. E-Klasse)","Stufenheck","diesel",2012,6543,60.5,7.1,19.5,6,2.01,9.07533,39708000
"3592","Mercedes","Daimler","E-Klasse","Obere Mittelklasse (z.B. E-Klasse)","Stufenheck","diesel",2013,1625,60.5,7.1,19.5,6,2.01,9.07533,39931000
"3593","Mercedes","Daimler","E-Klasse","Obere Mittelklasse (z.B. E-Klasse)","Stufenheck","gasoline",2012,6637,43.346,7.1,13.5,4,1.65,9.025272,39708000
"3594","Mercedes","Daimler","E-Klasse","Obere Mittelklasse (z.B. E-Klasse)","Stufenheck","gasoline",2013,5927,45.7855,5.95,13.5,4,1.63,9.045666,39931000
"3595","Mercedes","Daimler","E-Klasse","Obere Mittelklasse (z.B. E-Klasse)","Stufenheck","gasoline",2014,4721,45.7855,5.95,13.5,4,1.63,9.045666,40224000
"3596","Mercedes","Daimler","E-Klasse","Obere Mittelklasse (z.B. E-Klasse)","Stufenheck","gasoline",2015,3915,45.7855,5.95,13.5,4,1.63,9.045666,40775000
"3597","Mercedes","Daimler","E-Klasse","Obere Mittelklasse (z.B. E-Klasse)","Stufenheck","gasoline",2016,6335,44.161,6,13.5,4,1.59,9.117396,40959000
"3598","Mercedes","Daimler","E-Klasse","Obere Mittelklasse (z.B. E-Klasse)","Stufenheck","gasoline",2017,6270,45.303,6.1,13.5,4,1.605,9.117396,41303000
"3599","Mercedes","Daimler","E-Klasse","Obere Mittelklasse (z.B. E-Klasse)","Stufenheck","gasoline",2012,2054,50.664,7.9,15,4,1.695,8.390628,39708000
"3600","Mercedes","Daimler","E-Klasse","Obere Mittelklasse (z.B. E-Klasse)","Stufenheck","gasoline",2013,628,50.664,7.9,15,4,1.695,8.390628,39931000
"3601","Mercedes","Daimler","E-Klasse","Obere Mittelklasse (z.B. E-Klasse)","Stufenheck","gasoline",2013,2042,49.427,5.8,15.5,4,1.68,9.045666,39931000
"3602","Mercedes","Daimler","E-Klasse","Obere Mittelklasse (z.B. E-Klasse)","Stufenheck","gasoline",2014,2247,49.427,5.8,15.5,4,1.68,9.045666,40224000
"3603","Mercedes","Daimler","E-Klasse","Obere Mittelklasse (z.B. E-Klasse)","Stufenheck","gasoline",2015,1938,49.427,5.8,15.5,4,1.68,9.045666,40775000
"3604","Mercedes","Daimler","E-Klasse","Obere Mittelklasse (z.B. E-Klasse)","Stufenheck","gasoline",2016,1415,50.926,6.2,15.5,4,1.72,9.135916,40959000
"3605","Mercedes","Daimler","E-Klasse","Obere Mittelklasse (z.B. E-Klasse)","Stufenheck","gasoline",2017,2076,50.926,6.2,15.5,4,1.72,9.135916,41303000
"3606","Mercedes","Daimler","E-Klasse","Obere Mittelklasse (z.B. E-Klasse)","Stufenheck","gasoline",2017,1012,54.981,7,18,4,1.685,8.97636,41303000
"3607","Mercedes","Daimler","E-Klasse","Obere Mittelklasse (z.B. E-Klasse)","Stufenheck","gasoline",2012,728,52.6665,6.8,18.5,6,1.73,9.035469,39708000
"3608","Mercedes","Daimler","E-Klasse","Obere Mittelklasse (z.B. E-Klasse)","Stufenheck","gasoline",2013,742,52.6665,6.8,18.5,6,1.73,9.035469,39931000
"3609","Mercedes","Daimler","E-Klasse","Obere Mittelklasse (z.B. E-Klasse)","Stufenheck","gasoline",2014,401,52.6665,6.8,18.5,6,1.73,9.035469,40224000
"3610","Mercedes","Daimler","E-Klasse","Obere Mittelklasse (z.B. E-Klasse)","Coupe","gasoline",2015,269,60.2855,7.7,20,6,1.845,8.399558,40775000
"3611","Mercedes","Daimler","E-Klasse","Obere Mittelklasse (z.B. E-Klasse)","Coupe","gasoline",2016,186,60.2855,7.7,20,6,1.845,8.399558,40959000
"3612","Mercedes","Daimler","E-Klasse","Obere Mittelklasse (z.B. E-Klasse)","Coupe","gasoline",2012,102,53.044,8.5,21.5,6,1.67,8.390628,39708000
"3613","Mercedes","Daimler","E-Klasse","Obere Mittelklasse (z.B. E-Klasse)","Stufenheck","gasoline",2012,1348,57.864,7.2,22.5,6,1.785,8.390628,39708000
"3614","Mercedes","Daimler","E-Klasse","Obere Mittelklasse (z.B. E-Klasse)","Stufenheck","gasoline",2013,1075,57.864,7.2,22.5,6,1.785,8.390628,39931000
"3615","Mercedes","Daimler","E-Klasse","Obere Mittelklasse (z.B. E-Klasse)","Stufenheck","gasoline",2014,695,55.4335,6.8,22.5,6,1.7325,9.035469,40224000
"3616","Mercedes","Daimler","E-Klasse","Obere Mittelklasse (z.B. E-Klasse)","Stufenheck","gasoline",2015,142,57.001,8.3,22.5,6,1.735,8.399558,40775000
"3617","Mercedes","Daimler","E-Klasse","Obere Mittelklasse (z.B. E-Klasse)","Stufenheck","gasoline",2013,846,60.94,8.1,24.5,6,1.845,9.045666,39931000
"3618","Mercedes","Daimler","E-Klasse","Obere Mittelklasse (z.B. E-Klasse)","Stufenheck","gasoline",2014,1064,60.869,7.6,24.5,6,1.845,8.399558,40224000
"3619","Mercedes","Daimler","E-Klasse","Obere Mittelklasse (z.B. E-Klasse)","Stufenheck","gasoline",2015,1165,62.1505,7.3,24.5,6,1.885,9.09387,40775000
"3620","Mercedes","Daimler","E-Klasse","Obere Mittelklasse (z.B. E-Klasse)","Stufenheck","gasoline",2016,750,62.963,7.6,24.5,6,1.82,9.117396,40959000
"3621","Mercedes","Daimler","E-Klasse","Obere Mittelklasse (z.B. E-Klasse)","Stufenheck","gasoline",2017,3638,65.753,8.2,24.5,6,1.91,9.135916,41303000
"3622","Mercedes","Daimler","E-Klasse","Obere Mittelklasse (z.B. E-Klasse)","Stufenheck","gasoline",2016,144,75.387,8.2,29.5,6,1.84,9.19212,40959000
"3623","Mercedes","Daimler","E-Klasse","Obere Mittelklasse (z.B. E-Klasse)","Stufenheck","gasoline",2017,1510,78.177,8.6,29.5,6,1.93,9.21444,41303000
"3624","Mercedes","Daimler","E-Klasse","Obere Mittelklasse (z.B. E-Klasse)","Stufenheck","gasoline",2012,678,76.368,9.5,30,8,2.075,9.09387,39708000
"3625","Mercedes","Daimler","E-Klasse","Obere Mittelklasse (z.B. E-Klasse)","Stufenheck","gasoline",2013,688,76.368,9.5,30,8,2.075,9.09387,39931000
"3626","Mercedes","Daimler","E-Klasse","Obere Mittelklasse (z.B. E-Klasse)","Stufenheck","gasoline",2014,676,76.368,9.5,30,8,2.075,9.09387,40224000
"3627","Mercedes","Daimler","E-Klasse","Obere Mittelklasse (z.B. E-Klasse)","Stufenheck","gasoline",2015,433,76.383,9.65,30,8,2.055,9.09387,40775000
"3628","Mercedes","Daimler","E-Klasse","Obere Mittelklasse (z.B. E-Klasse)","Kombi","gasoline",2016,236,76.22,9.2,30,8,1.945,8.399558,40959000
"3629","Mercedes","Daimler","E-Klasse","Obere Mittelklasse (z.B. E-Klasse)","Kombi","gasoline",2016,239,78.177,8.6,31,6,1.93,9.24606,40959000
"3630","Mercedes","Daimler","E-Klasse","Obere Mittelklasse (z.B. E-Klasse)","Kombi","gasoline",2017,177,78.177,8.6,31,6,1.93,9.24606,41303000
"3631","Mercedes","Daimler","E-Klasse","Obere Mittelklasse (z.B. E-Klasse)","Stufenheck","gasoline",2012,148,105.791,9.8,38.6,8,1.84,9.025272,39708000
"3632","Mercedes","Daimler","E-Klasse","Obere Mittelklasse (z.B. E-Klasse)","Stufenheck","gasoline",2012,133,103.709,9.7,41,8,1.845,9.162716,39708000
"3633","Mercedes","Daimler","E-Klasse","Obere Mittelklasse (z.B. E-Klasse)","Stufenheck","gasoline",2013,185,110.254,10.4,41,8,2.025,9.185192,39931000
"3634","Mercedes","Daimler","E-Klasse","Obere Mittelklasse (z.B. E-Klasse)","Stufenheck","gasoline",2014,190,110.254,10.4,41,8,2.025,9.185192,40224000
"3635","Mercedes","Daimler","E-Klasse","Obere Mittelklasse (z.B. E-Klasse)","Stufenheck","gasoline",2015,140,110.254,10.4,41,8,2.025,9.185192,40775000
"3636","Mercedes","Daimler","E-Klasse","Obere Mittelklasse (z.B. E-Klasse)","Stufenheck","gasoline",2017,165,110.408,10.8,42,8,1.98,9.521651,41303000
"3637","Mercedes","Daimler","E-Klasse","Obere Mittelklasse (z.B. E-Klasse)","Stufenheck","gasoline",2013,333,119.06,10.2,43,8,1.94,9.162716,39931000
"3638","Mercedes","Daimler","E-Klasse","Obere Mittelklasse (z.B. E-Klasse)","Stufenheck","gasoline",2014,412,119.06,10.2,43,8,1.94,9.162716,40224000
"3639","Mercedes","Daimler","E-Klasse","Obere Mittelklasse (z.B. E-Klasse)","Stufenheck","gasoline",2015,293,121.678,10.4,43,8,2.045,9.185192,40775000
"3640","Mercedes","Daimler","E-Klasse","Obere Mittelklasse (z.B. E-Klasse)","Stufenheck","gasoline",2016,143,121.678,10.4,43,8,2.045,9.185192,40959000
"3641","Mercedes","Daimler","E-Klasse","Obere Mittelklasse (z.B. E-Klasse)","Stufenheck","gasoline",2017,854,122.725,10.8,45,8,1.99,9.521651,41303000
"3642","Mercedes","Daimler","G-Klasse","Oberklasse (z.B. S-Klasse)","Geländewagen","diesel",2012,120,67.949,11.7,13.5,5,2.585,9.10028,39708000
"3643","Mercedes","Daimler","G-Klasse","Oberklasse (z.B. S-Klasse)","Geländewagen","diesel",2013,191,67.949,11.7,13.5,5,2.585,9.10028,39931000
"3644","Mercedes","Daimler","G-Klasse","Oberklasse (z.B. S-Klasse)","Geländewagen","diesel",2012,858,87.066,11.2,15.5,6,2.445,8.20512,39708000
"3645","Mercedes","Daimler","G-Klasse","Oberklasse (z.B. S-Klasse)","Geländewagen","diesel",2013,868,87.066,11.2,15.5,6,2.445,8.20512,39931000
"3646","Mercedes","Daimler","G-Klasse","Oberklasse (z.B. S-Klasse)","Geländewagen","diesel",2014,908,94.0485,11.2,15.5,6,2.57,8.20512,40224000
"3647","Mercedes","Daimler","G-Klasse","Oberklasse (z.B. S-Klasse)","Geländewagen","diesel",2015,820,94.0485,11.2,15.5,6,2.57,8.20512,40775000
"3648","Mercedes","Daimler","G-Klasse","Oberklasse (z.B. S-Klasse)","Geländewagen","diesel",2015,324,85.927,9.9,18,6,2.61,8.818023,40775000
"3649","Mercedes","Daimler","G-Klasse","Oberklasse (z.B. S-Klasse)","Geländewagen","diesel",2016,1759,85.927,9.9,18,6,2.61,8.818023,40959000
"3650","Mercedes","Daimler","G-Klasse","Oberklasse (z.B. S-Klasse)","Geländewagen","diesel",2017,1901,85.927,9.9,18,6,2.61,8.818023,41303000
"3651","Mercedes","Daimler","G-Klasse","Oberklasse (z.B. S-Klasse)","Geländewagen","gasoline",2012,321,100.686,14.9,28.5,8,2.38,8.20512,39708000
"3652","Mercedes","Daimler","G-Klasse","Oberklasse (z.B. S-Klasse)","Geländewagen","gasoline",2013,339,100.686,14.9,28.5,8,2.38,8.20512,39931000
"3653","Mercedes","Daimler","G-Klasse","Oberklasse (z.B. S-Klasse)","Geländewagen","gasoline",2014,318,102.06,14.9,28.5,8,2.53,8.20512,40224000
"3654","Mercedes","Daimler","G-Klasse","Oberklasse (z.B. S-Klasse)","Geländewagen","gasoline",2015,263,102.06,14.9,28.5,8,2.53,8.20512,40775000
"3655","Mercedes","Daimler","G-Klasse","Oberklasse (z.B. S-Klasse)","Geländewagen","gasoline",2015,135,169.197,13.05,31,8,2.808,8.675982,40775000
"3656","Mercedes","Daimler","G-Klasse","Oberklasse (z.B. S-Klasse)","Geländewagen","gasoline",2016,583,169.197,13.05,31,8,2.808,8.675982,40959000
"3657","Mercedes","Daimler","G-Klasse","Oberklasse (z.B. S-Klasse)","Geländewagen","gasoline",2017,767,169.197,13.05,31,8,2.808,8.675982,41303000
"3658","Mercedes","Daimler","G-Klasse","Oberklasse (z.B. S-Klasse)","Geländewagen","gasoline",2012,261,147.44,13.8,40,8,2.55,8.668415,39708000
"3659","Mercedes","Daimler","G-Klasse","Oberklasse (z.B. S-Klasse)","Geländewagen","gasoline",2013,517,147.44,13.8,40,8,2.55,8.668415,39931000
"3660","Mercedes","Daimler","G-Klasse","Oberklasse (z.B. S-Klasse)","Geländewagen","gasoline",2014,413,147.44,13.8,40,8,2.55,8.668415,40224000
"3661","Mercedes","Daimler","G-Klasse","Oberklasse (z.B. S-Klasse)","Geländewagen","gasoline",2015,407,147.44,13.8,40,8,2.55,8.668415,40775000
"3662","Mercedes","Daimler","G-Klasse","Oberklasse (z.B. S-Klasse)","Geländewagen","gasoline",2015,201,152.886,13.8,42,8,2.55,8.668415,40775000
"3663","Mercedes","Daimler","G-Klasse","Oberklasse (z.B. S-Klasse)","Geländewagen","gasoline",2016,918,152.886,13.8,42,8,2.55,8.668415,40959000
"3664","Mercedes","Daimler","G-Klasse","Oberklasse (z.B. S-Klasse)","Geländewagen","gasoline",2017,1225,152.886,13.8,42,8,2.55,8.668415,41303000
"3665","Mercedes","Daimler","GL-Klasse","Oberklasse (z.B. S-Klasse)","SUV","diesel",2012,250,74.286,7.4,19,6,2.455,9.90208,39708000
"3666","Mercedes","Daimler","GL-Klasse","Oberklasse (z.B. S-Klasse)","SUV","diesel",2013,1564,74.286,7.4,19,6,2.455,9.90208,39931000
"3667","Mercedes","Daimler","GL-Klasse","Oberklasse (z.B. S-Klasse)","SUV","diesel",2014,1403,74.286,7.4,19,6,2.455,9.90208,40224000
"3668","Mercedes","Daimler","GL-Klasse","Oberklasse (z.B. S-Klasse)","SUV","diesel",2015,1141,74.286,7.4,19,6,2.455,9.90208,40775000
"3669","Mercedes","Daimler","GL-Klasse","Oberklasse (z.B. S-Klasse)","SUV","diesel",2016,407,74.286,7.4,19,6,2.455,9.90208,40959000
"3670","Mercedes","Daimler","GL-Klasse","Oberklasse (z.B. S-Klasse)","SUV","diesel",2012,309,78.2425,8.9,19.5,6,2.505,9.79008,39708000
"3671","Mercedes","Daimler","GL-Klasse","Oberklasse (z.B. S-Klasse)","SUV","gasoline",2013,274,96.286,11.3,32,8,2.445,9.90208,39931000
"3672","Mercedes","Daimler","GL-Klasse","Oberklasse (z.B. S-Klasse)","SUV","gasoline",2014,178,96.286,11.3,32,8,2.445,9.90208,40224000
"3673","Mercedes","Daimler","GL-Klasse","Oberklasse (z.B. S-Klasse)","SUV","gasoline",2015,103,96.286,11.3,32,8,2.445,9.90208,40775000
"3674","Mercedes","Daimler","GLA","Untere Mittelklasse (z.B. Golf)","SUV","diesel",2014,3378,35.4295,4.25,10,4,1.52,7.968268,40224000
"3675","Mercedes","Daimler","GLA","Untere Mittelklasse (z.B. Golf)","SUV","diesel",2015,2872,35.4295,4.25,10,4,1.52,7.968268,40775000
"3676","Mercedes","Daimler","GLA","Untere Mittelklasse (z.B. Golf)","SUV","diesel",2016,2658,35.742,4.2,10,4,1.52,7.968268,40959000
"3677","Mercedes","Daimler","GLA","Untere Mittelklasse (z.B. Golf)","SUV","diesel",2017,1915,35.9145,4.2,10,4,1.535,7.974582,41303000
"3678","Mercedes","Daimler","GLA","Untere Mittelklasse (z.B. Golf)","SUV","diesel",2014,3776,41.097,4.9,12.5,4,1.595,7.968268,40224000
"3679","Mercedes","Daimler","GLA","Untere Mittelklasse (z.B. Golf)","SUV","diesel",2015,2620,41.097,4.9,12.5,4,1.595,7.968268,40775000
"3680","Mercedes","Daimler","GLA","Untere Mittelklasse (z.B. Golf)","SUV","diesel",2015,783,40.942,4.8,13,4,1.595,7.968268,40775000
"3681","Mercedes","Daimler","GLA","Untere Mittelklasse (z.B. Golf)","SUV","diesel",2016,2638,40.942,4.8,13,4,1.595,7.968268,40959000
"3682","Mercedes","Daimler","GLA","Untere Mittelklasse (z.B. Golf)","SUV","diesel",2017,2404,40.942,4.8,13,4,1.595,7.968268,41303000
"3683","Mercedes","Daimler","GLA","Untere Mittelklasse (z.B. Golf)","SUV","diesel",2015,924,33.838,3.95,8,4,1.455,7.968268,40775000
"3684","Mercedes","Daimler","GLA","Untere Mittelklasse (z.B. Golf)","SUV","diesel",2016,882,34.7845,4,8,4,1.455,7.980896,40959000
"3685","Mercedes","Daimler","GLA","Untere Mittelklasse (z.B. Golf)","SUV","diesel",2017,1505,34.7845,4,8,4,1.455,7.980896,41303000
"3686","Mercedes","Daimler","GLA","Untere Mittelklasse (z.B. Golf)","SUV","gasoline",2014,5245,33.142,5.7,11.5,4,1.415,7.968268,40224000
"3687","Mercedes","Daimler","GLA","Untere Mittelklasse (z.B. Golf)","SUV","gasoline",2015,5915,33.142,5.7,11.5,4,1.415,7.968268,40775000
"3688","Mercedes","Daimler","GLA","Untere Mittelklasse (z.B. Golf)","SUV","gasoline",2016,4648,33.142,5.8,11.5,4,1.415,7.968268,40959000
"3689","Mercedes","Daimler","GLA","Untere Mittelklasse (z.B. Golf)","SUV","gasoline",2017,4292,33.142,5.8,11.5,4,1.415,7.968268,41303000
"3690","Mercedes","Daimler","GLA","Untere Mittelklasse (z.B. Golf)","SUV","gasoline",2017,674,37.86,6.5,13.5,4,1.505,7.980896,41303000
"3691","Mercedes","Daimler","GLA","Untere Mittelklasse (z.B. Golf)","SUV","gasoline",2014,1687,40.841,6.4,15.5,4,1.505,7.968268,40224000
"3692","Mercedes","Daimler","GLA","Untere Mittelklasse (z.B. Golf)","SUV","gasoline",2015,1577,40.841,6.4,15.5,4,1.505,7.968268,40775000
"3693","Mercedes","Daimler","GLA","Untere Mittelklasse (z.B. Golf)","SUV","gasoline",2016,1477,40.615,6.45,15.5,4,1.505,7.968268,40959000
"3694","Mercedes","Daimler","GLA","Untere Mittelklasse (z.B. Golf)","SUV","gasoline",2017,1692,40.865,6.5,15.5,4,1.505,7.980896,41303000
"3695","Mercedes","Daimler","GLA","Untere Mittelklasse (z.B. Golf)","SUV","gasoline",2014,325,56.168,7.5,26.5,4,1.585,8.01878,40224000
"3696","Mercedes","Daimler","GLA","Untere Mittelklasse (z.B. Golf)","SUV","gasoline",2015,416,56.168,7.5,26.5,4,1.585,8.01878,40775000
"3697","Mercedes","Daimler","GLA","Untere Mittelklasse (z.B. Golf)","SUV","gasoline",2015,187,56.347,7.4,28,4,1.585,8.01878,40775000
"3698","Mercedes","Daimler","GLA","Untere Mittelklasse (z.B. Golf)","SUV","gasoline",2016,428,57.608,7.4,28,4,1.585,8.01878,40959000
"3699","Mercedes","Daimler","GLA","Untere Mittelklasse (z.B. Golf)","SUV","gasoline",2017,319,57.608,7.4,28,4,1.585,8.01878,41303000
"3700","Mercedes","Daimler","GLA","Untere Mittelklasse (z.B. Golf)","SUV","gasoline",2015,1797,29.019,5.7,9,4,1.395,7.968268,40775000
"3701","Mercedes","Daimler","GLA","Untere Mittelklasse (z.B. Golf)","SUV","gasoline",2016,4487,29.019,5.7,9,4,1.395,7.968268,40959000
"3702","Mercedes","Daimler","GLA","Untere Mittelklasse (z.B. Golf)","SUV","gasoline",2017,4188,29.019,5.7,9,4,1.395,7.968268,41303000
"3703","Mercedes","Daimler","GLC","Mittelklasse (z.B. BMW 3er-Reihe)","SUV","diesel",2015,3967,46.327,5,12.5,4,1.845,8.79984,40775000
"3704","Mercedes","Daimler","GLC","Mittelklasse (z.B. BMW 3er-Reihe)","SUV","diesel",2016,10246,46.327,5,12.5,4,1.845,8.79984,40959000
"3705","Mercedes","Daimler","GLC","Mittelklasse (z.B. BMW 3er-Reihe)","SUV","diesel",2017,10665,46.327,5,12.5,4,1.845,8.79984,41303000
"3706","Mercedes","Daimler","GLC","Mittelklasse (z.B. BMW 3er-Reihe)","SUV","diesel",2015,2874,47.874,5,15,4,1.845,8.79984,40775000
"3707","Mercedes","Daimler","GLC","Mittelklasse (z.B. BMW 3er-Reihe)","SUV","diesel",2016,11338,47.874,5,15,4,1.845,8.79984,40959000
"3708","Mercedes","Daimler","GLC","Mittelklasse (z.B. BMW 3er-Reihe)","SUV","diesel",2017,11092,47.874,5,15,4,1.845,8.79984,41303000
"3709","Mercedes","Daimler","GLC","Mittelklasse (z.B. BMW 3er-Reihe)","SUV","diesel",2017,4071,53.288,5.9,19,6,1.89,8.79984,41303000
"3710","Mercedes","Daimler","GLC","Mittelklasse (z.B. BMW 3er-Reihe)","SUV","gasoline",2015,947,45.97,6.5,15.5,4,1.735,8.79984,40775000
"3711","Mercedes","Daimler","GLC","Mittelklasse (z.B. BMW 3er-Reihe)","SUV","gasoline",2016,3563,45.97,6.5,15.5,4,1.735,8.79984,40959000
"3712","Mercedes","Daimler","GLC","Mittelklasse (z.B. BMW 3er-Reihe)","SUV","gasoline",2017,7450,45.97,6.5,15.5,4,1.735,8.79984,41303000
"3713","Mercedes","Daimler","GLC","Mittelklasse (z.B. BMW 3er-Reihe)","SUV","gasoline",2017,954,50.313,7.5,18,4,1.735,8.79984,41303000
"3714","Mercedes","Daimler","GLC","Mittelklasse (z.B. BMW 3er-Reihe)","SUV","gasoline",2016,605,63.457,9,27,6,1.855,8.79984,40959000
"3715","Mercedes","Daimler","GLC","Mittelklasse (z.B. BMW 3er-Reihe)","SUV","gasoline",2017,2833,63.457,9,27,6,1.855,8.79984,41303000
"3716","Mercedes","Daimler","GLE","Obere Mittelklasse (z.B. E-Klasse)","SUV","diesel",2015,590,61.285,5.7,15,4,2.15,9.324765,40775000
"3717","Mercedes","Daimler","GLE","Obere Mittelklasse (z.B. E-Klasse)","SUV","diesel",2016,1737,61.285,5.7,15,4,2.15,9.324765,40959000
"3718","Mercedes","Daimler","GLE","Obere Mittelklasse (z.B. E-Klasse)","SUV","diesel",2017,1489,61.285,5.7,15,4,2.15,9.324765,41303000
"3719","Mercedes","Daimler","GLE","Obere Mittelklasse (z.B. E-Klasse)","SUV","gasoline",2015,291,69.026,8.75,24.5,6,2.155,9.5683555,40775000
"3720","Mercedes","Daimler","GLE","Obere Mittelklasse (z.B. E-Klasse)","SUV","gasoline",2016,672,69.026,8.75,24.5,6,2.155,9.5683555,40959000
"3721","Mercedes","Daimler","GLE","Obere Mittelklasse (z.B. E-Klasse)","SUV","gasoline",2017,764,69.026,8.75,24.5,6,2.155,9.5683555,41303000
"3722","Mercedes","Daimler","GLE","Obere Mittelklasse (z.B. E-Klasse)","SUV","gasoline",2015,371,81.991,9.4,27,6,2.24,9.850754,40775000
"3723","Mercedes","Daimler","GLE","Obere Mittelklasse (z.B. E-Klasse)","SUV","gasoline",2016,1500,81.991,9.4,27,6,2.24,9.850754,40959000
"3724","Mercedes","Daimler","GLE","Obere Mittelklasse (z.B. E-Klasse)","SUV","gasoline",2017,1076,73.256,8.6,27,6,2.18,9.324765,41303000
"3725","Mercedes","Daimler","GLE","Obere Mittelklasse (z.B. E-Klasse)","SUV","gasoline",2017,353,72.233,8.7,28.7,6,2.18,9.8147,41303000
"3726","Mercedes","Daimler","GLE","Obere Mittelklasse (z.B. E-Klasse)","SUV","gasoline",2016,358,89.607,10.5,33.5,8,2.27,9.8147,40959000
"3727","Mercedes","Daimler","GLE","Obere Mittelklasse (z.B. E-Klasse)","SUV","gasoline",2017,470,89.607,10.5,33.5,8,2.27,9.8147,41303000
"3728","Mercedes","Daimler","GLE","Obere Mittelklasse (z.B. E-Klasse)","SUV","gasoline",2016,213,121.916,12.95,41,8,2.35,9.850754,40959000
"3729","Mercedes","Daimler","GLE","Obere Mittelklasse (z.B. E-Klasse)","SUV","gasoline",2017,175,121.916,12.95,41,8,2.35,9.850754,41303000
"3730","Mercedes","Daimler","GLE","Obere Mittelklasse (z.B. E-Klasse)","SUV","gasoline",2015,289,127.509,11.8,43,8,2.345,9.563292,40775000
"3731","Mercedes","Daimler","GLE","Obere Mittelklasse (z.B. E-Klasse)","SUV","gasoline",2016,815,127.509,11.8,43,8,2.345,9.563292,40959000
"3732","Mercedes","Daimler","GLE","Obere Mittelklasse (z.B. E-Klasse)","SUV","gasoline",2017,679,121.916,11.9,43,8,2.35,9.850754,41303000
"3733","Mercedes","Daimler","GLK-Klasse","Mittelklasse (z.B. BMW 3er-Reihe)","SUV","diesel",2012,1485,37.634,5.65,10.5,4,1.825,8.33152,39708000
"3734","Mercedes","Daimler","GLK-Klasse","Mittelklasse (z.B. BMW 3er-Reihe)","SUV","diesel",2013,1669,37.634,5.65,10.5,4,1.825,8.33152,39931000
"3735","Mercedes","Daimler","GLK-Klasse","Mittelklasse (z.B. BMW 3er-Reihe)","SUV","diesel",2014,1276,38.497,5.55,10.5,4,1.835,8.34624,40224000
"3736","Mercedes","Daimler","GLK-Klasse","Mittelklasse (z.B. BMW 3er-Reihe)","SUV","diesel",2015,625,38.497,5.55,10.5,4,1.835,8.34624,40775000
"3737","Mercedes","Daimler","GLK-Klasse","Mittelklasse (z.B. BMW 3er-Reihe)","SUV","diesel",2012,11060,43.9645,6.4,12.5,4,1.8625,8.33152,39708000
"3738","Mercedes","Daimler","GLK-Klasse","Mittelklasse (z.B. BMW 3er-Reihe)","SUV","diesel",2013,11237,43.9645,6.4,12.5,4,1.8625,8.33152,39931000
"3739","Mercedes","Daimler","GLK-Klasse","Mittelklasse (z.B. BMW 3er-Reihe)","SUV","diesel",2014,8887,44.506,6.1,12.5,4,1.9025,8.34624,40224000
"3740","Mercedes","Daimler","GLK-Klasse","Mittelklasse (z.B. BMW 3er-Reihe)","SUV","diesel",2015,5694,44.506,6.1,12.5,4,1.9025,8.34624,40775000
"3741","Mercedes","Daimler","GLK-Klasse","Mittelklasse (z.B. BMW 3er-Reihe)","SUV","diesel",2012,3046,44.857,6.4,15,4,1.8625,8.33152,39708000
"3742","Mercedes","Daimler","GLK-Klasse","Mittelklasse (z.B. BMW 3er-Reihe)","SUV","diesel",2013,2299,44.857,6.4,15,4,1.8625,8.33152,39931000
"3743","Mercedes","Daimler","GLK-Klasse","Mittelklasse (z.B. BMW 3er-Reihe)","SUV","diesel",2014,1831,46.856,6.1,15,4,1.925,8.34624,40224000
"3744","Mercedes","Daimler","GLK-Klasse","Mittelklasse (z.B. BMW 3er-Reihe)","SUV","diesel",2015,1272,46.856,6.1,15,4,1.925,8.34624,40775000
"3745","Mercedes","Daimler","GLK-Klasse","Mittelklasse (z.B. BMW 3er-Reihe)","SUV","diesel",2012,1213,49.742,8,17,6,1.88,8.33152,39708000
"3746","Mercedes","Daimler","GLK-Klasse","Mittelklasse (z.B. BMW 3er-Reihe)","SUV","diesel",2012,1564,51.468,6.9,19.5,6,1.925,8.34624,39708000
"3747","Mercedes","Daimler","GLK-Klasse","Mittelklasse (z.B. BMW 3er-Reihe)","SUV","diesel",2013,2030,51.468,6.9,19.5,6,1.925,8.34624,39931000
"3748","Mercedes","Daimler","GLK-Klasse","Mittelklasse (z.B. BMW 3er-Reihe)","SUV","diesel",2014,1432,51.468,6.9,19.5,6,1.925,8.34624,40224000
"3749","Mercedes","Daimler","GLK-Klasse","Mittelklasse (z.B. BMW 3er-Reihe)","SUV","diesel",2015,703,51.468,6.9,19.5,6,1.925,8.34624,40775000
"3750","Mercedes","Daimler","GLK-Klasse","Mittelklasse (z.B. BMW 3er-Reihe)","SUV","gasoline",2014,130,37.3065,7.2,13.5,4,1.735,8.34624,40224000
"3751","Mercedes","Daimler","GLK-Klasse","Mittelklasse (z.B. BMW 3er-Reihe)","SUV","gasoline",2013,217,44.3275,7.5,15.5,4,1.825,8.34624,39931000
"3752","Mercedes","Daimler","GLK-Klasse","Mittelklasse (z.B. BMW 3er-Reihe)","SUV","gasoline",2014,444,44.3275,7.5,15.5,4,1.825,8.34624,40224000
"3753","Mercedes","Daimler","GLK-Klasse","Mittelklasse (z.B. BMW 3er-Reihe)","SUV","gasoline",2015,217,44.3275,7.5,15.5,4,1.825,8.34624,40775000
"3754","Mercedes","Daimler","GLK-Klasse","Mittelklasse (z.B. BMW 3er-Reihe)","SUV","gasoline",2012,391,50.813,8.15,22.5,6,1.845,8.33888,39708000
"3755","Mercedes","Daimler","GLK-Klasse","Mittelklasse (z.B. BMW 3er-Reihe)","SUV","gasoline",2013,220,50.813,8.15,22.5,6,1.845,8.33888,39931000
"3756","Mercedes","Daimler","GLK-Klasse","Mittelklasse (z.B. BMW 3er-Reihe)","SUV","gasoline",2014,115,52.36,8.1,22.5,6,1.845,8.34624,40224000
"3757","Mercedes","Daimler","GLS","Oberklasse (z.B. S-Klasse)","SUV","diesel",2016,1232,79.736,7.9,19,6,2.455,9.92142,40959000
"3758","Mercedes","Daimler","GLS","Oberklasse (z.B. S-Klasse)","SUV","diesel",2017,1002,79.736,7.9,19,6,2.455,9.92142,41303000
"3759","Mercedes","Daimler","GLS","Oberklasse (z.B. S-Klasse)","SUV","gasoline",2016,115,81.61,9.4,24.5,6,2.435,9.92142,40959000
"3760","Mercedes","Daimler","GLS","Oberklasse (z.B. S-Klasse)","SUV","gasoline",2017,227,81.61,9.4,24.5,6,2.435,9.92142,41303000
"3761","Mercedes","Daimler","GLS","Oberklasse (z.B. S-Klasse)","SUV","gasoline",2016,185,102.227,11.3,33.5,8,2.445,9.92142,40959000
"3762","Mercedes","Daimler","GLS","Oberklasse (z.B. S-Klasse)","SUV","gasoline",2017,194,102.227,11.3,33.5,8,2.445,9.92142,41303000
"3763","Mercedes","Daimler","GLS","Oberklasse (z.B. S-Klasse)","SUV","gasoline",2016,119,140.242,13.8,43,8,2.58,10.231084,40959000
"3764","Mercedes","Daimler","M-Klasse","Obere Mittelklasse (z.B. E-Klasse)","SUV","diesel",2012,2552,56.228,5.8,15,4,2.15,9.252504,39708000
"3765","Mercedes","Daimler","M-Klasse","Obere Mittelklasse (z.B. E-Klasse)","SUV","diesel",2013,2225,56.228,5.8,15,4,2.15,9.252504,39931000
"3766","Mercedes","Daimler","M-Klasse","Obere Mittelklasse (z.B. E-Klasse)","SUV","diesel",2014,1955,56.228,5.8,15,4,2.15,9.252504,40224000
"3767","Mercedes","Daimler","M-Klasse","Obere Mittelklasse (z.B. E-Klasse)","SUV","diesel",2015,1220,56.228,5.8,15,4,2.15,9.252504,40775000
"3768","Mercedes","Daimler","M-Klasse","Obere Mittelklasse (z.B. E-Klasse)","SUV","diesel",2012,10580,65.242,6.8,19,6,2.175,9.252504,39708000
"3769","Mercedes","Daimler","M-Klasse","Obere Mittelklasse (z.B. E-Klasse)","SUV","diesel",2013,8741,60.036,6.8,19,6,2.175,9.252504,39931000
"3770","Mercedes","Daimler","M-Klasse","Obere Mittelklasse (z.B. E-Klasse)","SUV","diesel",2014,6919,60.036,6.8,19,6,2.175,9.252504,40224000
"3771","Mercedes","Daimler","M-Klasse","Obere Mittelklasse (z.B. E-Klasse)","SUV","diesel",2015,3918,60.036,6.8,19,6,2.175,9.252504,40775000
"3772","Mercedes","Daimler","M-Klasse","Obere Mittelklasse (z.B. E-Klasse)","SUV","gasoline",2012,1035,63.338,8.5,22.5,6,2.13,9.252504,39708000
"3773","Mercedes","Daimler","M-Klasse","Obere Mittelklasse (z.B. E-Klasse)","SUV","gasoline",2013,432,58.191,8.5,22.5,6,2.13,9.252504,39931000
"3774","Mercedes","Daimler","M-Klasse","Obere Mittelklasse (z.B. E-Klasse)","SUV","gasoline",2014,221,58.191,8.5,22.5,6,2.13,9.252504,40224000
"3775","Mercedes","Daimler","M-Klasse","Obere Mittelklasse (z.B. E-Klasse)","SUV","gasoline",2013,271,76.22,11,30,8,2.235,9.252504,39931000
"3776","Mercedes","Daimler","M-Klasse","Obere Mittelklasse (z.B. E-Klasse)","SUV","gasoline",2014,198,76.22,11,30,8,2.235,9.252504,40224000
"3777","Mercedes","Daimler","M-Klasse","Obere Mittelklasse (z.B. E-Klasse)","SUV","gasoline",2012,207,110.254,11.8,38.6,8,2.345,9.252504,39708000
"3778","Mercedes","Daimler","M-Klasse","Obere Mittelklasse (z.B. E-Klasse)","SUV","gasoline",2013,156,110.254,11.8,38.6,8,2.345,9.252504,39931000
"3779","Mercedes","Daimler","M-Klasse","Obere Mittelklasse (z.B. E-Klasse)","SUV","gasoline",2014,148,110.254,11.8,38.6,8,2.345,9.252504,40224000
"3780","Mercedes","Daimler","M-Klasse","Obere Mittelklasse (z.B. E-Klasse)","SUV","gasoline",2012,233,117.322,11.8,41,8,2.345,9.252504,39708000
"3781","Mercedes","Daimler","M-Klasse","Obere Mittelklasse (z.B. E-Klasse)","SUV","gasoline",2013,271,117.322,11.8,41,8,2.345,9.252504,39931000
"3782","Mercedes","Daimler","M-Klasse","Obere Mittelklasse (z.B. E-Klasse)","SUV","gasoline",2014,243,117.322,11.8,41,8,2.345,9.252504,40224000
"3783","Mercedes","Daimler","M-Klasse","Obere Mittelklasse (z.B. E-Klasse)","SUV","gasoline",2015,114,117.322,11.8,41,8,2.345,9.252504,40775000
"3784","Mercedes","Daimler","Maybach S-Klasse","Oberklasse (z.B. S-Klasse)","Stufenheck","gasoline",2015,152,134.768,8.9,33.5,8,2.22,10.355247,40775000
"3785","Mercedes","Daimler","Maybach S-Klasse","Oberklasse (z.B. S-Klasse)","Stufenheck","gasoline",2016,147,138.576,9.4,33.5,8,2.275,10.355247,40959000
"3786","Mercedes","Daimler","Maybach S-Klasse","Oberklasse (z.B. S-Klasse)","Stufenheck","gasoline",2017,101,138.576,9.4,33.5,8,2.275,10.355247,41303000
"3787","Mercedes","Daimler","Maybach S-Klasse","Oberklasse (z.B. S-Klasse)","Stufenheck","gasoline",2017,116,144.5495,9.8,34.5,8,2.295,10.372338,41303000
"3788","Mercedes","Daimler","Maybach S-Klasse","Oberklasse (z.B. S-Klasse)","Stufenheck","gasoline",2016,102,188.556,11.7,39,12,2.335,10.355247,40959000
"3789","Mercedes","Daimler","R-Klasse","Oberklasse (z.B. S-Klasse)","Van","diesel",2012,176,52.42,7.6,14,6,2.185,9.460084,39708000
"3790","Mercedes","Daimler","R-Klasse","Oberklasse (z.B. S-Klasse)","Van","diesel",2012,977,60.1845,8.5,19.5,6,2.2725,9.685919,39708000
"3791","Mercedes","Daimler","R-Klasse","Oberklasse (z.B. S-Klasse)","Van","diesel",2013,329,60.1845,8.5,19.5,6,2.2725,9.685919,39931000
"3792","Mercedes","Daimler","S-Klasse","Oberklasse (z.B. S-Klasse)","Stufenheck","diesel",2012,179,76.041,5.7,15,4,2.0075,9.656231,39708000
"3793","Mercedes","Daimler","S-Klasse","Oberklasse (z.B. S-Klasse)","Stufenheck","diesel",2012,1696,80.682,6.5,19,6,2.0275,9.656231,39708000
"3794","Mercedes","Daimler","S-Klasse","Oberklasse (z.B. S-Klasse)","Stufenheck","diesel",2013,2548,89.131,5.5,19,6,1.955,9.715284,39931000
"3795","Mercedes","Daimler","S-Klasse","Oberklasse (z.B. S-Klasse)","Stufenheck","diesel",2014,4384,89.131,5.5,19,6,1.955,9.715284,40224000
"3796","Mercedes","Daimler","S-Klasse","Oberklasse (z.B. S-Klasse)","Stufenheck","diesel",2015,3311,92.939,5.9,19,6,2.025,9.715284,40775000
"3797","Mercedes","Daimler","S-Klasse","Oberklasse (z.B. S-Klasse)","Stufenheck","diesel",2016,2991,92.493,5.7,19,6,2.035,9.838719,40959000
"3798","Mercedes","Daimler","S-Klasse","Oberklasse (z.B. S-Klasse)","Stufenheck","diesel",2017,1862,87.763,5.3,19,6,1.955,9.715284,41303000
"3799","Mercedes","Daimler","S-Klasse","Oberklasse (z.B. S-Klasse)","Stufenheck","diesel",2017,699,89.577,6.2,21,6,2.06,9.732375,41303000
"3800","Mercedes","Daimler","S-Klasse","Oberklasse (z.B. S-Klasse)","Stufenheck","diesel",2017,692,94.337,6.2,25,6,2.095,9.732375,41303000
"3801","Mercedes","Daimler","S-Klasse","Oberklasse (z.B. S-Klasse)","Stufenheck","gasoline",2012,690,83.36,7.65,22.5,6,1.9425,9.656231,39708000
"3802","Mercedes","Daimler","S-Klasse","Oberklasse (z.B. S-Klasse)","Stufenheck","gasoline",2013,255,83.36,7.65,22.5,6,1.9425,9.656231,39931000
"3803","Mercedes","Daimler","S-Klasse","Oberklasse (z.B. S-Klasse)","Stufenheck","gasoline",2015,128,96.688,8.4,24.5,6,1.995,9.715284,40775000
"3804","Mercedes","Daimler","S-Klasse","Oberklasse (z.B. S-Klasse)","Stufenheck","gasoline",2016,212,96.688,8.4,24.5,6,1.995,9.715284,40959000
"3805","Mercedes","Daimler","S-Klasse","Oberklasse (z.B. S-Klasse)","Coupe","gasoline",2016,124,107.047,8.3,27,6,2.035,9.546273,40959000
"3806","Mercedes","Daimler","S-Klasse","Oberklasse (z.B. S-Klasse)","Stufenheck","gasoline",2017,227,107.047,8.3,27,6,2.035,9.546273,41303000
"3807","Mercedes","Daimler","S-Klasse","Oberklasse (z.B. S-Klasse)","Stufenheck","gasoline",2012,575,106.565,9.85,32,8,2.1075,9.656231,39708000
"3808","Mercedes","Daimler","S-Klasse","Oberklasse (z.B. S-Klasse)","Stufenheck","gasoline",2013,155,106.565,9.85,32,8,2.1075,9.656231,39931000
"3809","Mercedes","Daimler","S-Klasse","Oberklasse (z.B. S-Klasse)","Stufenheck","gasoline",2013,1337,107.219,8.5,33.5,8,1.955,9.715284,39931000
"3810","Mercedes","Daimler","S-Klasse","Oberklasse (z.B. S-Klasse)","Stufenheck","gasoline",2014,2442,111.027,9,33.5,8,2.05,9.715284,40224000
"3811","Mercedes","Daimler","S-Klasse","Oberklasse (z.B. S-Klasse)","Stufenheck","gasoline",2015,1866,111.027,9,33.5,8,2.05,9.715284,40775000
"3812","Mercedes","Daimler","S-Klasse","Oberklasse (z.B. S-Klasse)","Stufenheck","gasoline",2016,1700,111.027,9,33.5,8,2.05,9.715284,40959000
"3813","Mercedes","Daimler","S-Klasse","Oberklasse (z.B. S-Klasse)","Stufenheck","gasoline",2017,906,147.031,8.5,33.5,8,2.115,9.546273,41303000
"3814","Mercedes","Daimler","S-Klasse","Oberklasse (z.B. S-Klasse)","Stufenheck","gasoline",2017,759,115.0015,9.25,34.5,8,2.1025,9.732375,41303000
"3815","Mercedes","Daimler","S-Klasse","Oberklasse (z.B. S-Klasse)","Stufenheck","gasoline",2014,133,166.445,11.5,39,12,2.185,9.962154,40224000
"3816","Mercedes","Daimler","S-Klasse","Oberklasse (z.B. S-Klasse)","Stufenheck","gasoline",2015,117,166.445,11.5,39,12,2.185,9.962154,40775000
"3817","Mercedes","Daimler","S-Klasse","Oberklasse (z.B. S-Klasse)","Stufenheck","gasoline",2016,113,168.8225,11.55,39,12,2.21,9.9706995,40959000
"3818","Mercedes","Daimler","S-Klasse","Oberklasse (z.B. S-Klasse)","Stufenheck","gasoline",2014,748,155.771,10.3,43,8,2.07,10.124605,40224000
"3819","Mercedes","Daimler","S-Klasse","Oberklasse (z.B. S-Klasse)","Stufenheck","gasoline",2015,709,178.6485,10.3,43,8,2.07,9.649172,40775000
"3820","Mercedes","Daimler","S-Klasse","Oberklasse (z.B. S-Klasse)","Stufenheck","gasoline",2016,706,190.013,10.4,43,8,2.185,9.649172,40959000
"3821","Mercedes","Daimler","S-Klasse","Oberklasse (z.B. S-Klasse)","Stufenheck","gasoline",2017,435,190.013,10.4,43,8,2.185,9.649172,41303000
"3822","Mercedes","Daimler","S-Klasse","Oberklasse (z.B. S-Klasse)","Stufenheck","gasoline",2017,220,161.3345,10.05,45,8,2.07,10.124605,41303000
"3823","Mercedes","Daimler","SL-Klasse","Oberklasse (z.B. S-Klasse)","Roadster","gasoline",2012,944,107.16,6.8,22.5,6,1.685,8.666109,39708000
"3824","Mercedes","Daimler","SL-Klasse","Oberklasse (z.B. S-Klasse)","Roadster","gasoline",2013,639,107.16,6.8,22.5,6,1.685,8.666109,39931000
"3825","Mercedes","Daimler","SL-Klasse","Oberklasse (z.B. S-Klasse)","Roadster","gasoline",2014,369,107.16,6.8,22.5,6,1.685,8.666109,40224000
"3826","Mercedes","Daimler","SL-Klasse","Oberklasse (z.B. S-Klasse)","Roadster","gasoline",2014,132,109.064,7.3,24.5,6,1.73,8.666109,40224000
"3827","Mercedes","Daimler","SL-Klasse","Oberklasse (z.B. S-Klasse)","Roadster","gasoline",2015,281,109.064,7.3,24.5,6,1.73,8.666109,40775000
"3828","Mercedes","Daimler","SL-Klasse","Oberklasse (z.B. S-Klasse)","Roadster","gasoline",2012,955,128.068,9.2,32,8,1.785,8.666109,39708000
"3829","Mercedes","Daimler","SL-Klasse","Oberklasse (z.B. S-Klasse)","Roadster","gasoline",2013,530,128.068,9.2,32,8,1.785,8.666109,39931000
"3830","Mercedes","Daimler","SL-Klasse","Oberklasse (z.B. S-Klasse)","Roadster","gasoline",2014,331,128.068,9.2,32,8,1.785,8.666109,40224000
"3831","Mercedes","Daimler","SL-Klasse","Oberklasse (z.B. S-Klasse)","Roadster","gasoline",2015,149,128.068,9.2,32,8,1.785,8.666109,40775000
"3832","Mercedes","Daimler","SL-Klasse","Oberklasse (z.B. S-Klasse)","Roadster","gasoline",2015,113,127.009,9.1,33.5,8,1.785,8.666109,40775000
"3833","Mercedes","Daimler","SL-Klasse","Oberklasse (z.B. S-Klasse)","Roadster","gasoline",2016,234,128.9245,9.05,33.5,8,1.79,8.679248,40959000
"3834","Mercedes","Daimler","SL-Klasse","Oberklasse (z.B. S-Klasse)","Roadster","gasoline",2017,196,127.5445,9.1,33.5,8,1.795,8.692387,41303000
"3835","Mercedes","Daimler","SL-Klasse","Oberklasse (z.B. S-Klasse)","Roadster","gasoline",2012,104,160.591,9.9,39.5,8,1.845,8.666109,39708000
"3836","Mercedes","Daimler","SL-Klasse","Oberklasse (z.B. S-Klasse)","Roadster","gasoline",2013,135,182.9925,9.9,41.5,8,1.845,8.666109,39931000
"3837","Mercedes","Daimler","SL-Klasse","Oberklasse (z.B. S-Klasse)","Roadster","gasoline",2015,144,161.959,9.8,43,8,1.845,8.696141,40775000
"3838","Mercedes","Daimler","SL-Klasse","Oberklasse (z.B. S-Klasse)","Roadster","gasoline",2016,126,161.959,9.8,43,8,1.845,8.696141,40959000
"3839","Mercedes","Daimler","SL-Klasse","Oberklasse (z.B. S-Klasse)","Roadster","gasoline",2017,147,161.959,9.8,43,8,1.845,8.696141,41303000
"3840","Mercedes","Daimler","SL","Oberklasse (z.B. S-Klasse)","Roadster","gasoline",2016,267,99.341,7.7,27,6,1.735,8.692387,40959000
"3841","Mercedes","Daimler","SL","Oberklasse (z.B. S-Klasse)","Roadster","gasoline",2017,221,99.8765,8.05,27,6,1.735,8.692387,41303000
"3842","Mercedes","Daimler","SLC","Mittelklasse (z.B. BMW 3er-Reihe)","Roadster","gasoline",2016,562,36.3875,5.6,11.5,4,1.4475,7.48073,40959000
"3843","Mercedes","Daimler","SLC","Mittelklasse (z.B. BMW 3er-Reihe)","Roadster","gasoline",2017,833,36.003,5.6,11.5,4,1.435,7.48073,41303000
"3844","Mercedes","Daimler","SLC","Mittelklasse (z.B. BMW 3er-Reihe)","Roadster","gasoline",2016,274,61.1965,7.8,27,6,1.595,7.50426,40959000
"3845","Mercedes","Daimler","SLC","Mittelklasse (z.B. BMW 3er-Reihe)","Roadster","gasoline",2017,414,61.1965,7.8,27,6,1.595,7.50426,41303000
"3846","Mercedes","Daimler","SLK-Klasse","Mittelklasse (z.B. BMW 3er-Reihe)","Roadster","diesel",2012,907,42.501,4.8,15,4,1.59,7.48254,39708000
"3847","Mercedes","Daimler","SLK-Klasse","Mittelklasse (z.B. BMW 3er-Reihe)","Roadster","diesel",2013,971,42.501,4.8,15,4,1.59,7.48254,39931000
"3848","Mercedes","Daimler","SLK-Klasse","Mittelklasse (z.B. BMW 3er-Reihe)","Roadster","diesel",2014,802,42.501,4.8,15,4,1.59,7.48254,40224000
"3849","Mercedes","Daimler","SLK-Klasse","Mittelklasse (z.B. BMW 3er-Reihe)","Roadster","diesel",2015,645,43.376,4.4,15,4,1.605,7.48254,40775000
"3850","Mercedes","Daimler","SLK-Klasse","Mittelklasse (z.B. BMW 3er-Reihe)","Roadster","diesel",2016,546,43.947,4.4,15,4,1.605,7.48073,40959000
"3851","Mercedes","Daimler","SLK-Klasse","Mittelklasse (z.B. BMW 3er-Reihe)","Roadster","diesel",2017,283,43.947,4.4,15,4,1.605,7.48073,41303000
"3852","Mercedes","Daimler","SLK-Klasse","Mittelklasse (z.B. BMW 3er-Reihe)","Roadster","gasoline",2012,4322,39.901,6.4,13.5,4,1.435,7.48254,39708000
"3853","Mercedes","Daimler","SLK-Klasse","Mittelklasse (z.B. BMW 3er-Reihe)","Roadster","gasoline",2013,2991,39.901,6.4,13.5,4,1.435,7.48254,39931000
"3854","Mercedes","Daimler","SLK-Klasse","Mittelklasse (z.B. BMW 3er-Reihe)","Roadster","gasoline",2014,2567,39.901,6.4,13.5,4,1.435,7.48254,40224000
"3855","Mercedes","Daimler","SLK-Klasse","Mittelklasse (z.B. BMW 3er-Reihe)","Roadster","gasoline",2015,2390,39.901,6.4,13.5,4,1.435,7.48254,40775000
"3856","Mercedes","Daimler","SLK-Klasse","Mittelklasse (z.B. BMW 3er-Reihe)","Roadster","gasoline",2016,1801,42.0575,6.1,13.5,4,1.47,7.48254,40959000
"3857","Mercedes","Daimler","SLK-Klasse","Mittelklasse (z.B. BMW 3er-Reihe)","Roadster","gasoline",2017,1154,41.787,6.1,13.5,4,1.47,7.48254,41303000
"3858","Mercedes","Daimler","SLK-Klasse","Mittelklasse (z.B. BMW 3er-Reihe)","Roadster","gasoline",2012,902,44.941,6.2,15,4,1.5,7.48254,39708000
"3859","Mercedes","Daimler","SLK-Klasse","Mittelklasse (z.B. BMW 3er-Reihe)","Roadster","gasoline",2013,440,44.941,6.2,15,4,1.5,7.48254,39931000
"3860","Mercedes","Daimler","SLK-Klasse","Mittelklasse (z.B. BMW 3er-Reihe)","Roadster","gasoline",2014,290,44.941,6.2,15,4,1.5,7.48254,40224000
"3861","Mercedes","Daimler","SLK-Klasse","Mittelklasse (z.B. BMW 3er-Reihe)","Roadster","gasoline",2015,167,44.941,6.2,15,4,1.5,7.48254,40775000
"3862","Mercedes","Daimler","SLK-Klasse","Mittelklasse (z.B. BMW 3er-Reihe)","Roadster","gasoline",2015,146,46.428,6,18,4,1.505,7.481635,40775000
"3863","Mercedes","Daimler","SLK-Klasse","Mittelklasse (z.B. BMW 3er-Reihe)","Roadster","gasoline",2016,413,46.428,6,18,4,1.505,7.481635,40959000
"3864","Mercedes","Daimler","SLK-Klasse","Mittelklasse (z.B. BMW 3er-Reihe)","Roadster","gasoline",2017,362,46.803,6.2,18,4,1.505,7.48073,41303000
"3865","Mercedes","Daimler","SLK-Klasse","Mittelklasse (z.B. BMW 3er-Reihe)","Roadster","gasoline",2012,644,53.223,7.1,22.5,6,1.54,7.48254,39708000
"3866","Mercedes","Daimler","SLK-Klasse","Mittelklasse (z.B. BMW 3er-Reihe)","Roadster","gasoline",2013,376,53.223,7.1,22.5,6,1.54,7.48254,39931000
"3867","Mercedes","Daimler","SLK-Klasse","Mittelklasse (z.B. BMW 3er-Reihe)","Roadster","gasoline",2014,304,53.223,7.1,22.5,6,1.54,7.48254,40224000
"3868","Mercedes","Daimler","SLK-Klasse","Mittelklasse (z.B. BMW 3er-Reihe)","Roadster","gasoline",2015,236,53.223,7.1,22.5,6,1.54,7.48254,40775000
"3869","Mercedes","Daimler","SLK-Klasse","Mittelklasse (z.B. BMW 3er-Reihe)","Roadster","gasoline",2012,356,80.503,8.4,31,8,1.61,7.48254,39708000
"3870","Mercedes","Daimler","SLK-Klasse","Mittelklasse (z.B. BMW 3er-Reihe)","Roadster","gasoline",2013,150,80.503,8.4,31,8,1.61,7.48254,39931000
"3871","Mercedes","Daimler","SLK-Klasse","Mittelklasse (z.B. BMW 3er-Reihe)","Roadster","gasoline",2014,154,80.503,8.4,31,8,1.61,7.48254,40224000
"3872","Mercedes","Daimler","SLK-Klasse","Mittelklasse (z.B. BMW 3er-Reihe)","Roadster","gasoline",2015,143,80.503,8.4,31,8,1.61,7.48254,40775000
"3873","Mercedes","Daimler","SLS AMG","Oberklasse (z.B. S-Klasse)","Roadster","gasoline",2012,611,195.16,13.2,42,8,1.735,8.993082,39708000
"3874","Mercedes","Daimler","SLS AMG","Oberklasse (z.B. S-Klasse)","Roadster","gasoline",2013,211,195.16,13.2,42,8,1.735,8.993082,39931000
"3875","Mitsubishi","Renault","ASX","Untere Mittelklasse (z.B. Golf)","SUV","diesel",2012,4638,25.49,5.4,11,4,1.495,7.60215,39708000
"3876","Mitsubishi","Renault","ASX","Untere Mittelklasse (z.B. Golf)","SUV","diesel",2013,3510,25.49,5.4,11,4,1.495,7.60215,39931000
"3877","Mitsubishi","Renault","ASX","Untere Mittelklasse (z.B. Golf)","SUV","diesel",2014,4686,26.24,5.4,11,4,1.495,7.60215,40224000
"3878","Mitsubishi","Renault","ASX","Untere Mittelklasse (z.B. Golf)","SUV","diesel",2015,3445,26.24,5.4,11,4,1.495,7.60215,40775000
"3879","Mitsubishi","Renault","ASX","Untere Mittelklasse (z.B. Golf)","SUV","diesel",2016,1897,29.99,5.8,11,4,1.595,7.77395,40959000
"3880","Mitsubishi","Renault","ASX","Untere Mittelklasse (z.B. Golf)","SUV","diesel",2017,1774,29.99,5.8,11,4,1.595,7.77395,41303000
"3881","Mitsubishi","Renault","ASX","Untere Mittelklasse (z.B. Golf)","SUV","diesel",2015,185,26.64,4.6,8.4,4,1.395,7.82825,40775000
"3882","Mitsubishi","Renault","ASX","Untere Mittelklasse (z.B. Golf)","SUV","diesel",2016,1313,26.64,4.6,8.4,4,1.395,7.82825,40959000
"3883","Mitsubishi","Renault","ASX","Untere Mittelklasse (z.B. Golf)","SUV","diesel",2017,679,26.64,4.6,8.4,4,1.395,7.82825,41303000
"3884","Mitsubishi","Renault","ASX","Untere Mittelklasse (z.B. Golf)","SUV","gasoline",2012,3632,21.69,5.9,8.6,4,1.335,7.60215,39708000
"3885","Mitsubishi","Renault","ASX","Untere Mittelklasse (z.B. Golf)","SUV","gasoline",2013,3265,21.69,5.9,8.6,4,1.335,7.60215,39931000
"3886","Mitsubishi","Renault","ASX","Untere Mittelklasse (z.B. Golf)","SUV","gasoline",2014,3991,22.24,5.9,8.6,4,1.335,7.60215,40224000
"3887","Mitsubishi","Renault","ASX","Untere Mittelklasse (z.B. Golf)","SUV","gasoline",2015,7488,21.54,5.9,8.6,4,1.335,7.60215,40775000
"3888","Mitsubishi","Renault","ASX","Untere Mittelklasse (z.B. Golf)","SUV","gasoline",2016,7249,21.54,5.9,8.6,4,1.335,7.60215,40959000
"3889","Mitsubishi","Renault","ASX","Untere Mittelklasse (z.B. Golf)","SUV","gasoline",2017,9735,21.54,5.9,8.6,4,1.335,7.60215,41303000
"3890","Mitsubishi","Renault","Colt","Kleinwagen (z.B. Polo)","Schrägheck","gasoline",2012,2654,9.99,5.5,5.5,3,1.025,6.5766,39708000
"3891","Mitsubishi","Renault","Colt","Kleinwagen (z.B. Polo)","Schrägheck","gasoline",2013,863,9.99,5.5,5.5,3,1.025,6.5766,39931000
"3892","Mitsubishi","Renault","Colt","Kleinwagen (z.B. Polo)","Schrägheck","gasoline",2012,5226,13.36,5.1,7,4,1.02,6.5766,39708000
"3893","Mitsubishi","Renault","Colt","Kleinwagen (z.B. Polo)","Schrägheck","gasoline",2013,1766,12.49,6,7,4,1.015,6.5766,39931000
"3894","Mitsubishi","Renault","Lancer","Untere Mittelklasse (z.B. Golf)","Stufenheck","diesel",2012,332,23.99,5.1,11,4,1.54,8.0696,39708000
"3895","Mitsubishi","Renault","Lancer","Untere Mittelklasse (z.B. Golf)","Schrägheck","diesel",2013,105,23.99,5.1,11,4,1.54,8.0696,39931000
"3896","Mitsubishi","Renault","Lancer","Untere Mittelklasse (z.B. Golf)","Schrägheck","diesel",2014,118,23.99,5.1,11,4,1.54,8.0696,40224000
"3897","Mitsubishi","Renault","Lancer","Untere Mittelklasse (z.B. Golf)","Stufenheck","gasoline",2012,1112,18.24,5.5,8.6,4,1.345,8.0696,39708000
"3898","Mitsubishi","Renault","Lancer","Untere Mittelklasse (z.B. Golf)","Stufenheck","gasoline",2013,535,18.49,5.5,8.6,4,1.345,8.0696,39931000
"3899","Mitsubishi","Renault","Lancer","Untere Mittelklasse (z.B. Golf)","Stufenheck","gasoline",2014,741,18.99,5.5,8.6,4,1.345,8.0696,40224000
"3900","Mitsubishi","Renault","Lancer","Untere Mittelklasse (z.B. Golf)","Stufenheck","gasoline",2015,926,18.99,5.5,8.6,4,1.345,8.0696,40775000
"3901","Mitsubishi","Renault","Lancer","Untere Mittelklasse (z.B. Golf)","Stufenheck","gasoline",2016,760,18.99,5.5,8.6,4,1.345,8.0696,40959000
"3902","Mitsubishi","Renault","Lancer","Untere Mittelklasse (z.B. Golf)","Stufenheck","gasoline",2017,819,21.99,5.5,8.6,4,1.345,8.0696,41303000
"3903","Mitsubishi","Renault","Outlander","Mittelklasse (z.B. BMW 3er-Reihe)","SUV","diesel",2012,949,35.19,5.4,11,4,1.665,8.379,39708000
"3904","Mitsubishi","Renault","Outlander","Mittelklasse (z.B. BMW 3er-Reihe)","SUV","diesel",2013,3559,35.19,5.4,11,4,1.665,8.379,39931000
"3905","Mitsubishi","Renault","Outlander","Mittelklasse (z.B. BMW 3er-Reihe)","SUV","diesel",2014,1984,34.99,5.7,11,4,1.685,8.379,40224000
"3906","Mitsubishi","Renault","Outlander","Mittelklasse (z.B. BMW 3er-Reihe)","SUV","diesel",2015,2962,34.99,5.7,11,4,1.685,8.379,40775000
"3907","Mitsubishi","Renault","Outlander","Mittelklasse (z.B. BMW 3er-Reihe)","SUV","diesel",2016,3373,34.99,5.7,11,4,1.685,8.379,40959000
"3908","Mitsubishi","Renault","Outlander","Mittelklasse (z.B. BMW 3er-Reihe)","SUV","diesel",2017,2647,34.79,5.8,11,4,1.736,8.49795,41303000
"3909","Mitsubishi","Renault","Outlander","Mittelklasse (z.B. BMW 3er-Reihe)","SUV","diesel",2012,858,34.69,7.2,11.5,4,1.79,8.397,39708000
"3910","Mitsubishi","Renault","Outlander","Mittelklasse (z.B. BMW 3er-Reihe)","SUV","diesel",2013,145,34.69,7.2,11.5,4,1.79,8.397,39931000
"3911","Mitsubishi","Renault","Outlander","Mittelklasse (z.B. BMW 3er-Reihe)","SUV","diesel",2012,1550,33.79,6.3,13,4,1.795,8.397,39708000
"3912","Mitsubishi","Renault","Outlander","Mittelklasse (z.B. BMW 3er-Reihe)","SUV","diesel",2013,180,33.79,6.3,13,4,1.795,8.397,39931000
"3913","Mitsubishi","Renault","Outlander","Mittelklasse (z.B. BMW 3er-Reihe)","SUV","gasoline",2012,514,21.99,7.7,10.8,4,1.56,8.397,39708000
"3914","Mitsubishi","Renault","Outlander","Mittelklasse (z.B. BMW 3er-Reihe)","SUV","gasoline",2013,636,24.665,6.8,11,4,1.455,8.379,39931000
"3915","Mitsubishi","Renault","Outlander","Mittelklasse (z.B. BMW 3er-Reihe)","SUV","gasoline",2014,426,24.99,6.8,11,4,1.455,8.379,40224000
"3916","Mitsubishi","Renault","Outlander","Mittelklasse (z.B. BMW 3er-Reihe)","SUV","gasoline",2015,745,24.99,6.8,11,4,1.455,8.379,40775000
"3917","Mitsubishi","Renault","Outlander","Mittelklasse (z.B. BMW 3er-Reihe)","SUV","gasoline",2016,2719,24.99,6.8,11,4,1.455,8.379,40959000
"3918","Mitsubishi","Renault","Outlander","Mittelklasse (z.B. BMW 3er-Reihe)","SUV","gasoline",2017,4552,24.99,6.7,11,4,1.497,8.49795,41303000
"3919","Mitsubishi","Renault","Pajero","Obere Mittelklasse (z.B. E-Klasse)","Geländewagen","diesel",2015,767,42.39,9.15,14,4,2.3405,8.7046875,40775000
"3920","Mitsubishi","Renault","Pajero","Obere Mittelklasse (z.B. E-Klasse)","Geländewagen","diesel",2016,2066,42.39,9.15,14,4,2.3405,8.7046875,40959000
"3921","Mitsubishi","Renault","Pajero","Obere Mittelklasse (z.B. E-Klasse)","Geländewagen","diesel",2017,1806,42.39,9.15,14,4,2.3405,8.7046875,41303000
"3922","Mitsubishi","Renault","Pajero","Obere Mittelklasse (z.B. E-Klasse)","Geländewagen","diesel",2012,1534,41.89,8.1,14.7,4,2.34,9.1875,39708000
"3923","Mitsubishi","Renault","Pajero","Obere Mittelklasse (z.B. E-Klasse)","Geländewagen","diesel",2013,1225,41.89,8.1,14.7,4,2.34,9.1875,39931000
"3924","Mitsubishi","Renault","Pajero","Obere Mittelklasse (z.B. E-Klasse)","Geländewagen","diesel",2014,1567,41.89,8.1,14.7,4,2.34,9.1875,40224000
"3925","Mitsubishi","Renault","Pajero","Obere Mittelklasse (z.B. E-Klasse)","Geländewagen","diesel",2015,1268,41.89,8.1,14.7,4,2.34,9.1875,40775000
"3926","Mitsubishi","Renault","Space Star","Kleinwagen (z.B. Polo)","Schrägheck","gasoline",2013,2217,8.99,4.2,5.2,3,0.92,6.17715,39931000
"3927","Mitsubishi","Renault","Space Star","Kleinwagen (z.B. Polo)","Schrägheck","gasoline",2014,4830,8.99,4.2,5.2,3,0.92,6.17715,40224000
"3928","Mitsubishi","Renault","Space Star","Kleinwagen (z.B. Polo)","Schrägheck","gasoline",2015,9515,9.99,4.2,5.2,3,0.92,6.318675,40775000
"3929","Mitsubishi","Renault","Space Star","Kleinwagen (z.B. Polo)","Schrägheck","gasoline",2016,9575,9.64,4.2,5.2,3,0.92,6.318675,40959000
"3930","Mitsubishi","Renault","Space Star","Kleinwagen (z.B. Polo)","Schrägheck","gasoline",2017,12151,9.29,4.2,5.2,3,0.92,6.318675,41303000
"3931","Mitsubishi","Renault","Space Star","Kleinwagen (z.B. Polo)","Schrägheck","gasoline",2013,2822,12.99,4.1,5.9,3,0.953,6.17715,39931000
"3932","Mitsubishi","Renault","Space Star","Kleinwagen (z.B. Polo)","Schrägheck","gasoline",2014,4496,12.99,4.1,5.9,3,0.953,6.17715,40224000
"3933","Mitsubishi","Renault","Space Star","Kleinwagen (z.B. Polo)","Schrägheck","gasoline",2015,4722,12.99,4.1,5.9,3,0.949,6.17715,40775000
"3934","Mitsubishi","Renault","Space Star","Kleinwagen (z.B. Polo)","Schrägheck","gasoline",2016,6656,12.99,4.1,5.9,3,0.945,6.17715,40959000
"3935","Mitsubishi","Renault","Space Star","Kleinwagen (z.B. Polo)","Schrägheck","gasoline",2017,6808,12.99,4.1,5.9,3,0.949,6.17715,41303000
"3936","Nissan","Renault","370Z","Mittelklasse (z.B. BMW 3er-Reihe)","Roadster","gasoline",2012,488,35.1,10.6,24.1,6,1.496,7.84125,39708000
"3937","Nissan","Renault","370Z","Mittelklasse (z.B. BMW 3er-Reihe)","Roadster","gasoline",2013,340,35.1,10.6,24.1,6,1.496,7.84125,39931000
"3938","Nissan","Renault","370Z","Mittelklasse (z.B. BMW 3er-Reihe)","Roadster","gasoline",2014,227,34.13,10.6,24.1,6,1.496,7.84125,40224000
"3939","Nissan","Renault","370Z","Mittelklasse (z.B. BMW 3er-Reihe)","Roadster","gasoline",2015,216,40.94,11.05,24.1,6,1.511,7.84125,40775000
"3940","Nissan","Renault","370Z","Mittelklasse (z.B. BMW 3er-Reihe)","Roadster","gasoline",2016,233,41.75,10.9,24.1,6,1.526,7.84125,40959000
"3941","Nissan","Renault","370Z","Mittelklasse (z.B. BMW 3er-Reihe)","Roadster","gasoline",2017,280,42.28,11.2,24.1,6,1.526,7.84125,41303000
"3942","Nissan","Renault","370Z","Mittelklasse (z.B. BMW 3er-Reihe)","Coupe","gasoline",2015,107,46.615,10.6,25.3,6,1.496,8.2467,40775000
"3943","Nissan","Renault","370Z","Mittelklasse (z.B. BMW 3er-Reihe)","Coupe","gasoline",2017,105,47.18,11.55,25.3,6,1.5465,8.2467,41303000
"3944","Nissan","Renault","GT-R","Obere Mittelklasse (z.B. E-Klasse)","Coupe","gasoline",2012,147,96,11.8,40.4,6,1.815,8.84965,39708000
"3945","Nissan","Renault","GT-R","Obere Mittelklasse (z.B. E-Klasse)","Coupe","gasoline",2014,134,97.45,11.8,40.4,6,1.815,8.84965,40224000
"3946","Nissan","Renault","GT-R","Obere Mittelklasse (z.B. E-Klasse)","Coupe","gasoline",2015,122,97.45,11.8,40.4,6,1.815,8.84965,40775000
"3947","Nissan","Renault","GT-R","Obere Mittelklasse (z.B. E-Klasse)","Coupe","gasoline",2016,108,102.1,11.8,41.9,6,1.827,8.92545,40959000
"3948","Nissan","Renault","GT-R","Obere Mittelklasse (z.B. E-Klasse)","Coupe","gasoline",2017,191,102.1,11.8,41.9,6,1.827,8.92545,41303000
"3949","Nissan","Renault","Juke","Kleinwagen (z.B. Polo)","SUV","diesel",2012,2806,20.915,4.9,8.1,4,1.32,7.298275,39708000
"3950","Nissan","Renault","Juke","Kleinwagen (z.B. Polo)","SUV","diesel",2013,3129,21.49,4,8.1,4,1.305,7.298275,39931000
"3951","Nissan","Renault","Juke","Kleinwagen (z.B. Polo)","SUV","diesel",2014,2718,21.365,4,8.1,4,1.305,7.298275,40224000
"3952","Nissan","Renault","Juke","Kleinwagen (z.B. Polo)","SUV","diesel",2015,2288,21.365,4,8.1,4,1.305,7.298275,40775000
"3953","Nissan","Renault","Juke","Kleinwagen (z.B. Polo)","SUV","diesel",2016,2527,21.765,4,8.1,4,1.305,7.298275,40959000
"3954","Nissan","Renault","Juke","Kleinwagen (z.B. Polo)","SUV","diesel",2017,590,22.04,4,8.1,4,1.305,7.298275,41303000
"3955","Nissan","Renault","Juke","Kleinwagen (z.B. Polo)","SUV","gasoline",2012,1757,26.37,7.5,14,4,1.455,7.298275,39708000
"3956","Nissan","Renault","Juke","Kleinwagen (z.B. Polo)","SUV","gasoline",2013,419,26.85,6.5,14,4,1.431,7.298275,39931000
"3957","Nissan","Renault","Juke","Kleinwagen (z.B. Polo)","SUV","gasoline",2014,246,26.85,6.5,14,4,1.431,7.298275,40224000
"3958","Nissan","Renault","Juke","Kleinwagen (z.B. Polo)","SUV","gasoline",2015,359,23.85,6,14,4,1.3,7.298275,40775000
"3959","Nissan","Renault","Juke","Kleinwagen (z.B. Polo)","SUV","gasoline",2016,349,26.85,6.5,14,4,1.431,7.298275,40959000
"3960","Nissan","Renault","Juke","Kleinwagen (z.B. Polo)","SUV","gasoline",2017,412,27.3725,6.5,14,4,1.431,7.298275,41303000
"3961","Nissan","Renault","Juke","Kleinwagen (z.B. Polo)","SUV","gasoline",2013,369,29.68,7.4,14.7,4,1.431,7.37205,39931000
"3962","Nissan","Renault","Juke","Kleinwagen (z.B. Polo)","SUV","gasoline",2014,348,29.68,7.4,14.7,4,1.431,7.37205,40224000
"3963","Nissan","Renault","Juke","Kleinwagen (z.B. Polo)","SUV","gasoline",2015,233,31,7.4,15.7,4,1.469,7.37205,40775000
"3964","Nissan","Renault","Juke","Kleinwagen (z.B. Polo)","SUV","gasoline",2016,101,31,7.4,15.7,4,1.469,7.37205,40959000
"3965","Nissan","Renault","Juke","Kleinwagen (z.B. Polo)","SUV","gasoline",2017,163,31.4575,7.35,15.7,4,1.469,7.37205,41303000
"3966","Nissan","Renault","Juke","Kleinwagen (z.B. Polo)","SUV","gasoline",2015,349,28.2,7.2,16,4,1.342,7.37205,40775000
"3967","Nissan","Renault","Juke","Kleinwagen (z.B. Polo)","SUV","gasoline",2016,133,28.2,7.2,16,4,1.342,7.37205,40959000
"3968","Nissan","Renault","Juke","Kleinwagen (z.B. Polo)","SUV","gasoline",2017,181,28.6575,7.2,16,4,1.342,7.37205,41303000
"3969","Nissan","Renault","Juke","Kleinwagen (z.B. Polo)","SUV","gasoline",2013,329,16.22,6,6.9,4,1.209,7.298275,39931000
"3970","Nissan","Renault","Juke","Kleinwagen (z.B. Polo)","SUV","gasoline",2014,295,15.99,6,6.9,4,1.209,7.298275,40224000
"3971","Nissan","Renault","Juke","Kleinwagen (z.B. Polo)","SUV","gasoline",2015,314,15.99,6,6.9,4,1.209,7.298275,40775000
"3972","Nissan","Renault","Juke","Kleinwagen (z.B. Polo)","SUV","gasoline",2016,154,15.99,6,6.9,4,1.209,7.298275,40959000
"3973","Nissan","Renault","Juke","Kleinwagen (z.B. Polo)","SUV","gasoline",2014,1874,19.39,5.65,8.5,4,1.236,7.298275,40224000
"3974","Nissan","Renault","Juke","Kleinwagen (z.B. Polo)","SUV","gasoline",2015,3701,19.39,5.65,8.5,4,1.236,7.298275,40775000
"3975","Nissan","Renault","Juke","Kleinwagen (z.B. Polo)","SUV","gasoline",2016,4222,18.99,5.7,8.5,4,1.236,7.298275,40959000
"3976","Nissan","Renault","Juke","Kleinwagen (z.B. Polo)","SUV","gasoline",2017,3693,19.39,5.7,8.5,4,1.236,7.298275,41303000
"3977","Nissan","Renault","Juke","Kleinwagen (z.B. Polo)","SUV","gasoline",2012,5378,20.475,6,8.6,4,1.217,7.298275,39708000
"3978","Nissan","Renault","Juke","Kleinwagen (z.B. Polo)","SUV","gasoline",2013,5552,21.1,6,8.6,4,1.217,7.298275,39931000
"3979","Nissan","Renault","Juke","Kleinwagen (z.B. Polo)","SUV","gasoline",2014,3383,21.245,6,8.6,4,1.216,7.298275,40224000
"3980","Nissan","Renault","Juke","Kleinwagen (z.B. Polo)","SUV","gasoline",2015,1131,21.245,6,8.6,4,1.216,7.298275,40775000
"3981","Nissan","Renault","Juke","Kleinwagen (z.B. Polo)","SUV","gasoline",2016,870,21.39,6,8.6,4,1.205,7.298275,40959000
"3982","Nissan","Renault","Juke","Kleinwagen (z.B. Polo)","SUV","gasoline",2017,1167,21.87,6,8.6,4,1.205,7.298275,41303000
"3983","Nissan","Renault","Micra","Kleinwagen (z.B. Polo)","Schrägheck","diesel",2017,819,19.19,3.7,6.6,4,1.14,6.970257,41303000
"3984","Nissan","Renault","Micra","Kleinwagen (z.B. Polo)","Schrägheck","gasoline",2017,1746,14.79,4.9,5.2,3,1.068,6.970257,41303000
"3985","Nissan","Renault","Micra","Kleinwagen (z.B. Polo)","Schrägheck","gasoline",2012,8761,11.89,5,5.9,3,1,6.368625,39708000
"3986","Nissan","Renault","Micra","Kleinwagen (z.B. Polo)","Schrägheck","gasoline",2013,6633,11.89,5,5.9,3,1,6.368625,39931000
"3987","Nissan","Renault","Micra","Kleinwagen (z.B. Polo)","Schrägheck","gasoline",2014,9753,11.89,5,5.9,3,1,6.368625,40224000
"3988","Nissan","Renault","Micra","Kleinwagen (z.B. Polo)","Schrägheck","gasoline",2015,8940,11.89,5,5.9,3,1,6.368625,40775000
"3989","Nissan","Renault","Micra","Kleinwagen (z.B. Polo)","Schrägheck","gasoline",2016,11192,11.89,5,5.9,3,1,6.368625,40959000
"3990","Nissan","Renault","Micra","Kleinwagen (z.B. Polo)","Schrägheck","gasoline",2017,7097,11.89,5,5.9,3,1,6.368625,41303000
"3991","Nissan","Renault","Micra","Kleinwagen (z.B. Polo)","Schrägheck","gasoline",2017,3704,17.19,4.8,6.6,3,1.053,6.970257,41303000
"3992","Nissan","Renault","Micra","Kleinwagen (z.B. Polo)","Schrägheck","gasoline",2012,897,14.09,4.3,7.2,3,1.055,6.368625,39708000
"3993","Nissan","Renault","Micra","Kleinwagen (z.B. Polo)","Schrägheck","gasoline",2013,638,14.09,4.3,7.2,3,1.055,6.368625,39931000
"3994","Nissan","Renault","Micra","Kleinwagen (z.B. Polo)","Schrägheck","gasoline",2014,1274,14.09,4.3,7.2,3,1.055,6.368625,40224000
"3995","Nissan","Renault","Micra","Kleinwagen (z.B. Polo)","Schrägheck","gasoline",2015,1712,14.09,4.3,7.2,3,1.055,6.368625,40775000
"3996","Nissan","Renault","Micra","Kleinwagen (z.B. Polo)","Schrägheck","gasoline",2016,858,14.09,4.3,7.2,3,1.055,6.368625,40959000
"3997","Nissan","Renault","Murano","Obere Mittelklasse (z.B. E-Klasse)","SUV","diesel",2012,302,48.925,8,14,4,1.95,9.136595,39708000
"3998","Nissan","Renault","Murano","Obere Mittelklasse (z.B. E-Klasse)","SUV","diesel",2013,230,49.6,8,14,4,1.95,9.1611,39931000
"3999","Nissan","Renault","Murano","Obere Mittelklasse (z.B. E-Klasse)","SUV","diesel",2014,170,49.6,8,14,4,1.95,9.1611,40224000
"4000","Nissan","Renault","Murano","Obere Mittelklasse (z.B. E-Klasse)","SUV","diesel",2015,109,49.6,8,14,4,1.95,9.1611,40775000
"4001","Nissan","Renault","Note","Kleinwagen (z.B. Polo)","Van","diesel",2012,646,17.625,4.2,6.6,4,1.18,6.9331,39708000
"4002","Nissan","Renault","Note","Kleinwagen (z.B. Polo)","Van","diesel",2013,1604,16.37,3.6,6.6,4,1.165,6.9495,39931000
"4003","Nissan","Renault","Note","Kleinwagen (z.B. Polo)","Van","diesel",2014,1688,16.37,3.6,6.6,4,1.165,6.9495,40224000
"4004","Nissan","Renault","Note","Kleinwagen (z.B. Polo)","Van","diesel",2015,892,16.37,3.6,6.6,4,1.165,6.9495,40775000
"4005","Nissan","Renault","Note","Kleinwagen (z.B. Polo)","Van","diesel",2016,809,16.37,3.6,6.6,4,1.165,6.9495,40959000
"4006","Nissan","Renault","Note","Kleinwagen (z.B. Polo)","Van","diesel",2017,133,16.37,3.6,6.6,4,1.165,6.9495,41303000
"4007","Nissan","Renault","Note","Kleinwagen (z.B. Polo)","Van","gasoline",2013,1380,13.99,4.7,5.9,3,1.08,6.9495,39931000
"4008","Nissan","Renault","Note","Kleinwagen (z.B. Polo)","Van","gasoline",2014,5202,13.99,4.7,5.9,3,1.08,6.9495,40224000
"4009","Nissan","Renault","Note","Kleinwagen (z.B. Polo)","Van","gasoline",2015,2853,13.99,4.7,5.9,3,1.08,6.9495,40775000
"4010","Nissan","Renault","Note","Kleinwagen (z.B. Polo)","Van","gasoline",2016,2745,13.99,4.7,5.9,3,1.08,6.9495,40959000
"4011","Nissan","Renault","Note","Kleinwagen (z.B. Polo)","Van","gasoline",2017,563,13.99,4.7,5.9,3,1.08,6.9495,41303000
"4012","Nissan","Renault","Note","Kleinwagen (z.B. Polo)","Van","gasoline",2012,3087,14.18,5.9,6.5,4,1.167,6.9331,39708000
"4013","Nissan","Renault","Note","Kleinwagen (z.B. Polo)","Van","gasoline",2013,1306,14.18,5.9,6.5,4,1.167,6.9331,39931000
"4014","Nissan","Renault","Note","Kleinwagen (z.B. Polo)","Van","gasoline",2014,2373,17.485,4.3,7.2,3,1.125,6.9495,40224000
"4015","Nissan","Renault","Note","Kleinwagen (z.B. Polo)","Van","gasoline",2015,1714,17.485,4.3,7.2,3,1.125,6.9495,40775000
"4016","Nissan","Renault","Note","Kleinwagen (z.B. Polo)","Van","gasoline",2016,2049,17.485,4.3,7.2,3,1.125,6.9495,40959000
"4017","Nissan","Renault","Note","Kleinwagen (z.B. Polo)","Van","gasoline",2017,697,17.485,4.3,7.2,3,1.125,6.9495,41303000
"4018","Nissan","Renault","Note","Kleinwagen (z.B. Polo)","Van","gasoline",2012,1135,17.09,6.6,8.1,4,1.182,6.9331,39708000
"4019","Nissan","Renault","Note","Kleinwagen (z.B. Polo)","Van","gasoline",2013,654,17.09,6.6,8.1,4,1.182,6.9331,39931000
"4020","Nissan","Renault","Pathfinder","Obere Mittelklasse (z.B. E-Klasse)","Geländewagen","diesel",2012,603,39.03,8.7,14,4,2.155,8.894424,39708000
"4021","Nissan","Renault","Pathfinder","Obere Mittelklasse (z.B. E-Klasse)","Geländewagen","diesel",2013,349,39.03,8.7,14,4,2.155,8.894424,39931000
"4022","Nissan","Renault","Pathfinder","Obere Mittelklasse (z.B. E-Klasse)","Geländewagen","diesel",2014,332,39.03,8.7,14,4,2.155,8.894424,40224000
"4023","Nissan","Renault","Pathfinder","Obere Mittelklasse (z.B. E-Klasse)","Geländewagen","diesel",2015,107,39.03,8.7,14,4,2.155,8.894424,40775000
"4024","Nissan","Renault","Pathfinder","Obere Mittelklasse (z.B. E-Klasse)","Geländewagen","diesel",2012,285,56.53,9.5,17,6,2.285,8.894424,39708000
"4025","Nissan","Renault","Pathfinder","Obere Mittelklasse (z.B. E-Klasse)","Geländewagen","diesel",2013,201,56.53,9.5,17,6,2.285,8.894424,39931000
"4026","Nissan","Renault","Pathfinder","Obere Mittelklasse (z.B. E-Klasse)","Geländewagen","diesel",2014,269,56.53,9.5,17,6,2.285,8.894424,40224000
"4027","Nissan","Renault","Pathfinder","Obere Mittelklasse (z.B. E-Klasse)","Geländewagen","diesel",2015,127,56.53,9.5,17,6,2.285,8.894424,40775000
"4028","Nissan","Renault","Pixo","Kleinstwagen  (z.B. Twingo)","Schrägheck","gasoline",2012,1943,9.59,4.3,5,3,0.93,5.704,39708000
"4029","Nissan","Renault","Pixo","Kleinstwagen  (z.B. Twingo)","Schrägheck","gasoline",2013,429,9.59,4.3,5,3,0.93,5.704,39931000
"4030","Nissan","Renault","Pulsar","Untere Mittelklasse (z.B. Golf)","Schrägheck","diesel",2014,648,20.49,3.6,8.1,4,1.345,7.756216,40224000
"4031","Nissan","Renault","Pulsar","Untere Mittelklasse (z.B. Golf)","Schrägheck","diesel",2015,2316,20.49,3.6,8.1,4,1.345,7.756216,40775000
"4032","Nissan","Renault","Pulsar","Untere Mittelklasse (z.B. Golf)","Schrägheck","diesel",2016,1227,20.49,3.6,8.1,4,1.345,7.756216,40959000
"4033","Nissan","Renault","Pulsar","Untere Mittelklasse (z.B. Golf)","Schrägheck","diesel",2017,522,20.49,3.6,8.1,4,1.345,7.756216,41303000
"4034","Nissan","Renault","Pulsar","Untere Mittelklasse (z.B. Golf)","Schrägheck","gasoline",2015,496,24.695,5.7,14,4,1.37,7.756216,40775000
"4035","Nissan","Renault","Pulsar","Untere Mittelklasse (z.B. Golf)","Schrägheck","gasoline",2016,572,24.695,5.7,14,4,1.37,7.756216,40959000
"4036","Nissan","Renault","Pulsar","Untere Mittelklasse (z.B. Golf)","Schrägheck","gasoline",2017,507,24.695,5.7,14,4,1.37,7.756216,41303000
"4037","Nissan","Renault","Pulsar","Untere Mittelklasse (z.B. Golf)","Schrägheck","gasoline",2014,966,18.49,5,8.5,4,1.265,7.756216,40224000
"4038","Nissan","Renault","Pulsar","Untere Mittelklasse (z.B. Golf)","Schrägheck","gasoline",2015,5062,18.49,5,8.5,4,1.265,7.756216,40775000
"4039","Nissan","Renault","Pulsar","Untere Mittelklasse (z.B. Golf)","Schrägheck","gasoline",2016,4208,18.49,5,8.5,4,1.265,7.756216,40959000
"4040","Nissan","Renault","Pulsar","Untere Mittelklasse (z.B. Golf)","Schrägheck","gasoline",2017,4545,18.49,5,8.5,4,1.265,7.756216,41303000
"4041","Nissan","Renault","Qashqai+2","Untere Mittelklasse (z.B. Golf)","SUV","diesel",2012,2954,31.19,6.9,11,4,1.696,8.08298,39708000
"4042","Nissan","Renault","Qashqai+2","Untere Mittelklasse (z.B. Golf)","SUV","diesel",2013,1816,31.19,6.9,11,4,1.696,8.08298,39931000
"4043","Nissan","Renault","Qashqai+2","Untere Mittelklasse (z.B. Golf)","SUV","diesel",2012,5888,29.08,4.6,9.6,4,1.5295,7.9173675,39708000
"4044","Nissan","Renault","Qashqai+2","Untere Mittelklasse (z.B. Golf)","SUV","diesel",2013,7533,29.08,4.6,9.6,4,1.5295,7.9173675,39931000
"4045","Nissan","Renault","Qashqai+2","Untere Mittelklasse (z.B. Golf)","SUV","diesel",2014,781,29.08,4.6,9.6,4,1.5295,7.9173675,40224000
"4046","Nissan","Renault","Qashqai","Untere Mittelklasse (z.B. Golf)","SUV","diesel",2012,2775,21.94,4.9,8.1,4,1.418,7.7507,39708000
"4047","Nissan","Renault","Qashqai","Untere Mittelklasse (z.B. Golf)","SUV","diesel",2013,1672,21.94,4.9,8.1,4,1.418,7.7507,39931000
"4048","Nissan","Renault","Qashqai","Untere Mittelklasse (z.B. Golf)","SUV","diesel",2014,3365,27.55,3.8,8.1,4,1.385,7.904862,40224000
"4049","Nissan","Renault","Qashqai","Untere Mittelklasse (z.B. Golf)","SUV","diesel",2015,2864,27.55,3.8,8.1,4,1.385,7.904862,40775000
"4050","Nissan","Renault","Qashqai","Untere Mittelklasse (z.B. Golf)","SUV","diesel",2016,3634,27.8,3.8,8.1,4,1.385,7.904862,40959000
"4051","Nissan","Renault","Qashqai","Untere Mittelklasse (z.B. Golf)","SUV","diesel",2017,1105,27.8,3.8,8.1,4,1.385,7.904862,41303000
"4052","Nissan","Renault","Qashqai","Untere Mittelklasse (z.B. Golf)","SUV","diesel",2012,2313,30.19,5.1,9.6,4,1.54,7.7507,39708000
"4053","Nissan","Renault","Qashqai","Untere Mittelklasse (z.B. Golf)","SUV","diesel",2013,2376,30.19,5.1,9.6,4,1.54,7.7507,39931000
"4054","Nissan","Renault","Qashqai","Untere Mittelklasse (z.B. Golf)","SUV","diesel",2014,9394,31.85,4.6,9.6,4,1.46,7.904862,40224000
"4055","Nissan","Renault","Qashqai","Untere Mittelklasse (z.B. Golf)","SUV","diesel",2015,9593,31.85,4.6,9.6,4,1.46,7.904862,40775000
"4056","Nissan","Renault","Qashqai","Untere Mittelklasse (z.B. Golf)","SUV","diesel",2016,9331,32.175,4.6,9.6,4,1.4625,7.904862,40959000
"4057","Nissan","Renault","Qashqai","Untere Mittelklasse (z.B. Golf)","SUV","diesel",2017,5130,32.175,4.6,9.6,4,1.4625,7.904862,41303000
"4058","Nissan","Renault","Qashqai","Untere Mittelklasse (z.B. Golf)","SUV","gasoline",2012,8596,24.05,7.7,10.4,4,1.431,7.7507,39708000
"4059","Nissan","Renault","Qashqai","Untere Mittelklasse (z.B. Golf)","SUV","gasoline",2013,6431,24.05,7.7,10.4,4,1.431,7.7507,39931000
"4060","Nissan","Renault","Qashqai","Untere Mittelklasse (z.B. Golf)","SUV","gasoline",2014,350,24.05,7.7,10.4,4,1.431,7.7507,40224000
"4061","Nissan","Renault","Qashqai","Untere Mittelklasse (z.B. Golf)","SUV","gasoline",2015,5160,29.5,5.8,12,4,1.39,7.904862,40775000
"4062","Nissan","Renault","Qashqai","Untere Mittelklasse (z.B. Golf)","SUV","gasoline",2016,4183,30.025,5.8,12,4,1.39,7.920213,40959000
"4063","Nissan","Renault","Qashqai","Untere Mittelklasse (z.B. Golf)","SUV","gasoline",2017,5955,30.025,5.8,12,4,1.39,7.920213,41303000
"4064","Nissan","Renault","Qashqai","Untere Mittelklasse (z.B. Golf)","SUV","gasoline",2014,9742,26.625,5.6,8.5,4,1.35,7.904862,40224000
"4065","Nissan","Renault","Qashqai","Untere Mittelklasse (z.B. Golf)","SUV","gasoline",2015,9899,26.625,5.6,8.5,4,1.35,7.904862,40775000
"4066","Nissan","Renault","Qashqai","Untere Mittelklasse (z.B. Golf)","SUV","gasoline",2016,11354,27.1,5.6,8.5,4,1.35,7.904862,40959000
"4067","Nissan","Renault","Qashqai","Untere Mittelklasse (z.B. Golf)","SUV","gasoline",2017,14490,27.1,5.6,8.5,4,1.35,7.904862,41303000
"4068","Nissan","Renault","Qashqai","Untere Mittelklasse (z.B. Golf)","SUV","gasoline",2012,6439,22.45,6.2,8.6,4,1.297,7.7507,39708000
"4069","Nissan","Renault","Qashqai","Untere Mittelklasse (z.B. Golf)","SUV","gasoline",2013,6889,22.45,6.2,8.6,4,1.297,7.7507,39931000
"4070","Nissan","Renault","Qashqai","Untere Mittelklasse (z.B. Golf)","SUV","gasoline",2014,839,22.45,6.2,8.6,4,1.297,7.7507,40224000
"4071","Nissan","Renault","X-Trail","Mittelklasse (z.B. BMW 3er-Reihe)","SUV","diesel",2012,1371,33,6.4,11,4,1.68,8.29665,39708000
"4072","Nissan","Renault","X-Trail","Mittelklasse (z.B. BMW 3er-Reihe)","SUV","diesel",2013,984,33,6.4,11,4,1.68,8.29665,39931000
"4073","Nissan","Renault","X-Trail","Mittelklasse (z.B. BMW 3er-Reihe)","SUV","diesel",2014,488,33,6.4,11,4,1.68,8.29665,40224000
"4074","Nissan","Renault","X-Trail","Mittelklasse (z.B. BMW 3er-Reihe)","SUV","diesel",2012,429,36.475,6.4,12.7,4,1.69,8.29665,39708000
"4075","Nissan","Renault","X-Trail","Mittelklasse (z.B. BMW 3er-Reihe)","SUV","diesel",2013,262,36.475,6.4,12.7,4,1.69,8.29665,39931000
"4076","Nissan","Renault","X-Trail","Mittelklasse (z.B. BMW 3er-Reihe)","SUV","diesel",2014,194,36.475,6.4,12.7,4,1.69,8.29665,40224000
"4077","Nissan","Renault","X-Trail","Mittelklasse (z.B. BMW 3er-Reihe)","SUV","diesel",2017,4845,37.15,5.8,13,4,1.7,8.5358,41303000
"4078","Nissan","Renault","X-Trail","Mittelklasse (z.B. BMW 3er-Reihe)","SUV","diesel",2014,1847,34.185,5.1,9.6,4,1.58,8.4448,40224000
"4079","Nissan","Renault","X-Trail","Mittelklasse (z.B. BMW 3er-Reihe)","SUV","diesel",2015,4766,34.185,5.1,9.6,4,1.58,8.4448,40775000
"4080","Nissan","Renault","X-Trail","Mittelklasse (z.B. BMW 3er-Reihe)","SUV","diesel",2016,6112,34.66,5.1,9.6,4,1.58,8.4448,40959000
"4081","Nissan","Renault","X-Trail","Mittelklasse (z.B. BMW 3er-Reihe)","SUV","diesel",2017,3414,34.66,5.1,9.6,4,1.58,8.4448,41303000
"4082","Nissan","Renault","X-Trail","Mittelklasse (z.B. BMW 3er-Reihe)","SUV","gasoline",2015,710,31.26,6.4,12,4,1.505,8.4448,40775000
"4083","Nissan","Renault","X-Trail","Mittelklasse (z.B. BMW 3er-Reihe)","SUV","gasoline",2016,1300,31.26,6.4,12,4,1.505,8.4448,40959000
"4084","Nissan","Renault","X-Trail","Mittelklasse (z.B. BMW 3er-Reihe)","SUV","gasoline",2017,1576,31.26,6.4,12,4,1.505,8.4448,41303000
"4085","Opel","PSA","ADAM","Kleinstwagen  (z.B. Twingo)","Schrägheck","gasoline",2015,2103,19.88,5.9,11,4,1.178,6.4113,40775000
"4086","Opel","PSA","ADAM","Kleinstwagen  (z.B. Twingo)","Schrägheck","gasoline",2016,2188,19.88,5.9,11,4,1.178,6.4113,40959000
"4087","Opel","PSA","ADAM","Kleinstwagen  (z.B. Twingo)","Schrägheck","gasoline",2017,2018,19.88,5.9,11,4,1.178,6.4113,41303000
"4088","Opel","PSA","ADAM","Kleinstwagen  (z.B. Twingo)","Schrägheck","gasoline",2013,7675,15.865,5.3,5.1,4,1.086,6.44484,39931000
"4089","Opel","PSA","ADAM","Kleinstwagen  (z.B. Twingo)","Schrägheck","gasoline",2014,5919,15.865,5.3,5.1,4,1.086,6.44484,40224000
"4090","Opel","PSA","ADAM","Kleinstwagen  (z.B. Twingo)","Schrägheck","gasoline",2015,4402,14.715,5.3,5.1,4,1.086,6.4027,40775000
"4091","Opel","PSA","ADAM","Kleinstwagen  (z.B. Twingo)","Schrägheck","gasoline",2016,4204,14.715,5.3,5.1,4,1.086,6.4027,40959000
"4092","Opel","PSA","ADAM","Kleinstwagen (z.B. Twingo)","Schrägheck","gasoline",2017,4440,14.715,5.3,5.1,4,1.086,6.4027,41303000
"4093","Opel","PSA","ADAM","Kleinstwagen  (z.B. Twingo)","Schrägheck","gasoline",2013,8640,16.84,5.1,6.4,4,1.135,6.44484,39931000
"4094","Opel","PSA","ADAM","Kleinstwagen  (z.B. Twingo)","Schrägheck","gasoline",2014,10736,16.84,5.1,6.4,4,1.135,6.44484,40224000
"4095","Opel","PSA","ADAM","Kleinstwagen  (z.B. Twingo)","Schrägheck","gasoline",2015,10035,16.8,5.1,6.4,4,1.135,6.44484,40775000
"4096","Opel","PSA","ADAM","Kleinstwagen  (z.B. Twingo)","Schrägheck","gasoline",2016,11316,16.8,5.1,6.4,4,1.135,6.44484,40959000
"4097","Opel","PSA","ADAM","Kleinstwagen (z.B. Twingo)","Schrägheck","gasoline",2017,10291,16.8,5.1,6.4,4,1.135,6.44484,41303000
"4098","Opel","PSA","ADAM","Kleinstwagen  (z.B. Twingo)","Schrägheck","gasoline",2014,370,17.055,4.3,6.6,3,1.156,6.36056,40224000
"4099","Opel","PSA","ADAM","Kleinstwagen  (z.B. Twingo)","Schrägheck","gasoline",2015,1899,17.055,4.3,6.6,3,1.156,6.36056,40775000
"4100","Opel","PSA","ADAM","Kleinstwagen  (z.B. Twingo)","Schrägheck","gasoline",2016,977,17.055,4.3,6.6,3,1.156,6.36056,40959000
"4101","Opel","PSA","ADAM","Kleinstwagen (z.B. Twingo)","Schrägheck","gasoline",2017,782,17.055,4.3,6.6,3,1.156,6.36056,41303000
"4102","Opel","PSA","ADAM","Kleinstwagen  (z.B. Twingo)","Schrägheck","gasoline",2013,4694,17.36,5.3,7.4,4,1.135,6.44484,39931000
"4103","Opel","PSA","ADAM","Kleinstwagen  (z.B. Twingo)","Schrägheck","gasoline",2014,4354,17.36,5.3,7.4,4,1.135,6.44484,40224000
"4104","Opel","PSA","ADAM","Kleinstwagen  (z.B. Twingo)","Schrägheck","gasoline",2015,2263,16.81,5.35,7.4,4,1.135,6.4027,40775000
"4105","Opel","PSA","ADAM","Kleinstwagen  (z.B. Twingo)","Schrägheck","gasoline",2016,2486,16.81,5.35,7.4,4,1.135,6.4027,40959000
"4106","Opel","PSA","ADAM","Kleinstwagen (z.B. Twingo)","Schrägheck","gasoline",2017,2941,16.81,5.35,7.4,4,1.135,6.4027,41303000
"4107","Opel","PSA","ADAM","Kleinstwagen  (z.B. Twingo)","Schrägheck","gasoline",2014,1128,17.355,4.7,8.5,3,1.156,6.36056,40224000
"4108","Opel","PSA","ADAM","Kleinstwagen  (z.B. Twingo)","Schrägheck","gasoline",2015,2745,17.355,4.7,8.5,3,1.156,6.36056,40775000
"4109","Opel","PSA","ADAM","Kleinstwagen  (z.B. Twingo)","Schrägheck","gasoline",2016,1965,17.355,4.7,8.5,3,1.156,6.36056,40959000
"4110","Opel","PSA","ADAM","Kleinstwagen (z.B. Twingo)","Schrägheck","gasoline",2017,2256,17.355,4.7,8.5,3,1.156,6.36056,41303000
"4111","Opel","PSA","Agila","Kleinstwagen  (z.B. Twingo)","Schrägheck","gasoline",2012,776,13.935,4.8,5,3,1.05,6.2832,39708000
"4112","Opel","PSA","Agila","Kleinstwagen  (z.B. Twingo)","Schrägheck","gasoline",2013,498,13.935,4.8,5,3,1.05,6.2832,39931000
"4113","Opel","PSA","Agila","Kleinstwagen  (z.B. Twingo)","Schrägheck","gasoline",2014,343,13.935,4.8,5,3,1.05,6.2832,40224000
"4114","Opel","PSA","Agila","Kleinstwagen  (z.B. Twingo)","Schrägheck","gasoline",2012,1891,15.19,5.1,6.9,4,1.065,6.2832,39708000
"4115","Opel","PSA","Agila","Kleinstwagen  (z.B. Twingo)","Schrägheck","gasoline",2013,1131,15.19,5.1,6.9,4,1.065,6.2832,39931000
"4116","Opel","PSA","Agila","Kleinstwagen  (z.B. Twingo)","Schrägheck","gasoline",2014,806,15.19,5.1,6.9,4,1.065,6.2832,40224000
"4117","Opel","PSA","Antara","Untere Mittelklasse (z.B. Golf)","SUV","diesel",2012,768,35.52,6.6,12,4,1.836,8.5026,39708000
"4118","Opel","PSA","Antara","Untere Mittelklasse (z.B. Golf)","SUV","diesel",2013,344,35.52,6.6,12,4,1.836,8.5026,39931000
"4119","Opel","PSA","Antara","Untere Mittelklasse (z.B. Golf)","SUV","diesel",2014,366,35.52,6.6,12,4,1.836,8.5026,40224000
"4120","Opel","PSA","Antara","Untere Mittelklasse (z.B. Golf)","SUV","diesel",2015,357,35.52,6.6,12,4,1.836,8.5026,40775000
"4121","Opel","PSA","Antara","Untere Mittelklasse (z.B. Golf)","SUV","diesel",2016,238,31.11,7.4,12.5,4,1.845,8.4656,40959000
"4122","Opel","PSA","Antara","Untere Mittelklasse (z.B. Golf)","SUV","diesel",2017,567,31.11,7.4,12.5,4,1.845,8.4656,41303000
"4123","Opel","PSA","Antara","Untere Mittelklasse (z.B. Golf)","SUV","diesel",2012,1162,36.2,6.6,13.5,4,1.911,8.5026,39708000
"4124","Opel","PSA","Antara","Untere Mittelklasse (z.B. Golf)","SUV","diesel",2013,475,36.2,6.6,13.5,4,1.911,8.5026,39931000
"4125","Opel","PSA","Antara","Untere Mittelklasse (z.B. Golf)","SUV","diesel",2014,313,36.2,6.6,13.5,4,1.911,8.5026,40224000
"4126","Opel","PSA","Antara","Untere Mittelklasse (z.B. Golf)","SUV","diesel",2015,190,36.2,6.6,13.5,4,1.911,8.5026,40775000
"4127","Opel","PSA","Antara","Untere Mittelklasse (z.B. Golf)","SUV","gasoline",2012,267,34.23,9.15,12.3,4,1.75,8.5026,39708000
"4128","Opel","PSA","Astra","Untere Mittelklasse (z.B. Golf)","Stufenheck","diesel",2014,4278,25.57,4.4,10,4,1.518,8.522172,40224000
"4129","Opel","PSA","Astra","Untere Mittelklasse (z.B. Golf)","Stufenheck","diesel",2015,6456,25.57,4.4,10,4,1.518,8.522172,40775000
"4130","Opel","PSA","Astra","Untere Mittelklasse (z.B. Golf)","Stufenheck","diesel",2016,10847,25.98,3.9,10,4,1.403,8.505918,40959000
"4131","Opel","PSA","Astra","Untere Mittelklasse (z.B. Golf)","Schrägheck","diesel",2017,8637,25.98,3.9,10,4,1.403,8.505918,41303000
"4132","Opel","PSA","Astra","Untere Mittelklasse (z.B. Golf)","Schrägheck","diesel",2016,2669,28.44,4.1,11.8,4,1.435,8.505918,40959000
"4133","Opel","PSA","Astra","Untere Mittelklasse (z.B. Golf)","Schrägheck","diesel",2017,1756,28.44,4.1,11.8,4,1.435,8.505918,41303000
"4134","Opel","PSA","Astra","Untere Mittelklasse (z.B. Golf)","Schrägheck","diesel",2012,5831,28.21,4.7,12.1,4,1.55,8.522172,39708000
"4135","Opel","PSA","Astra","Untere Mittelklasse (z.B. Golf)","Schrägheck","diesel",2013,6490,28.21,4.7,12.1,4,1.55,8.522172,39931000
"4136","Opel","PSA","Astra","Untere Mittelklasse (z.B. Golf)","Schrägheck","diesel",2014,4990,28.325,4.7,12.1,4,1.571,8.522172,40224000
"4137","Opel","PSA","Astra","Untere Mittelklasse (z.B. Golf)","Schrägheck","diesel",2015,4128,28.325,4.7,12.1,4,1.571,8.522172,40775000
"4138","Opel","PSA","Astra","Untere Mittelklasse (z.B. Golf)","Schrägheck","diesel",2013,142,32.68,5.1,14.3,4,1.613,8.522172,39931000
"4139","Opel","PSA","Astra","Untere Mittelklasse (z.B. Golf)","Schrägheck","diesel",2014,423,32.68,5.1,14.3,4,1.613,8.522172,40224000
"4140","Opel","PSA","Astra","Untere Mittelklasse (z.B. Golf)","Schrägheck","diesel",2015,233,29.99,4.9,14.3,4,1.571,8.21744,40775000
"4141","Opel","PSA","Astra","Untere Mittelklasse (z.B. Golf)","Schrägheck","diesel",2012,1318,22.675,4.1,7,4,1.393,8.522172,39708000
"4142","Opel","PSA","Astra","Untere Mittelklasse (z.B. Golf)","Schrägheck","diesel",2013,1021,22.675,4.1,7,4,1.393,8.522172,39931000
"4143","Opel","PSA","Astra","Untere Mittelklasse (z.B. Golf)","Kombi","diesel",2014,105,22.195,4.1,7,4,1.471,8.522172,40224000
"4144","Opel","PSA","Astra","Untere Mittelklasse (z.B. Golf)","Schrägheck","diesel",2016,1434,21.475,3.8,7,4,1.388,8.505918,40959000
"4145","Opel","PSA","Astra","Untere Mittelklasse (z.B. Golf)","Schrägheck","diesel",2017,1526,21.475,3.8,7,4,1.388,8.505918,41303000
"4146","Opel","PSA","Astra","Untere Mittelklasse (z.B. Golf)","Schrägheck","diesel",2012,206,17.995,5,7.4,4,1.365,7.448497,39708000
"4147","Opel","PSA","Astra","Untere Mittelklasse (z.B. Golf)","Schrägheck","diesel",2014,216,17.995,5,7.4,4,1.365,7.448497,40224000
"4148","Opel","PSA","Astra","Untere Mittelklasse (z.B. Golf)","Stufenheck","diesel",2012,10754,23.79,4.4,8.1,4,1.55,8.522172,39708000
"4149","Opel","PSA","Astra","Untere Mittelklasse (z.B. Golf)","Stufenheck","diesel",2013,8522,23.79,4.4,8.1,4,1.55,8.522172,39931000
"4150","Opel","PSA","Astra","Untere Mittelklasse (z.B. Golf)","Stufenheck","diesel",2014,9383,23.97,4.1,8.1,4,1.518,8.522172,40224000
"4151","Opel","PSA","Astra","Untere Mittelklasse (z.B. Golf)","Stufenheck","diesel",2015,9897,23.97,4.1,8.1,4,1.518,8.522172,40775000
"4152","Opel","PSA","Astra","Untere Mittelklasse (z.B. Golf)","Schrägheck","diesel",2016,11287,22.5,3.8,8.1,4,1.403,8.505918,40959000
"4153","Opel","PSA","Astra","Untere Mittelklasse (z.B. Golf)","Schrägheck","diesel",2017,10510,22.5,3.8,8.1,4,1.403,8.505918,41303000
"4154","Opel","PSA","Astra","Untere Mittelklasse (z.B. Golf)","Schrägheck","diesel",2012,3760,24.7125,4.5,9.2,4,1.393,8.522172,39708000
"4155","Opel","PSA","Astra","Untere Mittelklasse (z.B. Golf)","Stufenheck","diesel",2012,2968,25.13,4.3,9.6,4,1.55,8.522172,39708000
"4156","Opel","PSA","Astra","Untere Mittelklasse (z.B. Golf)","Stufenheck","diesel",2013,4908,25.13,4.3,9.6,4,1.55,8.522172,39931000
"4157","Opel","PSA","Astra","Untere Mittelklasse (z.B. Golf)","Stufenheck","diesel",2014,2321,25.38,4.3,9.6,4,1.55,8.522172,40224000
"4158","Opel","PSA","Astra","Untere Mittelklasse (z.B. Golf)","Stufenheck","gasoline",2012,13841,22.225,5.9,10.3,4,1.393,8.016066,39708000
"4159","Opel","PSA","Astra","Untere Mittelklasse (z.B. Golf)","Stufenheck","gasoline",2013,9371,20.97,5.9,10.3,4,1.449,8.449612,39931000
"4160","Opel","PSA","Astra","Untere Mittelklasse (z.B. Golf)","Stufenheck","gasoline",2014,9918,22.15,6.2,10.3,4,1.437,8.21744,40224000
"4161","Opel","PSA","Astra","Untere Mittelklasse (z.B. Golf)","Stufenheck","gasoline",2015,9315,22.15,6.2,10.3,4,1.437,8.21744,40775000
"4162","Opel","PSA","Astra","Untere Mittelklasse (z.B. Golf)","Stufenheck","gasoline",2016,1741,22.15,6.2,10.3,4,1.437,8.21744,40959000
"4163","Opel","PSA","Astra","Untere Mittelklasse (z.B. Golf)","Stufenheck","gasoline",2017,162,23.9,6.2,10.3,4,1.437,8.21744,41303000
"4164","Opel","PSA","Astra","Untere Mittelklasse (z.B. Golf)","Schrägheck","gasoline",2015,1643,22.43,5.5,11,4,1.278,7.90533,40775000
"4165","Opel","PSA","Astra","Untere Mittelklasse (z.B. Golf)","Schrägheck","gasoline",2016,12405,23.43,5.6,11,4,1.322,8.505918,40959000
"4166","Opel","PSA","Astra","Untere Mittelklasse (z.B. Golf)","Schrägheck","gasoline",2017,11632,23.43,5.6,11,4,1.322,8.505918,41303000
"4167","Opel","PSA","Astra","Untere Mittelklasse (z.B. Golf)","Stufenheck","gasoline",2013,1027,24.885,6.5,12.5,4,1.55,8.522172,39931000
"4168","Opel","PSA","Astra","Untere Mittelklasse (z.B. Golf)","Stufenheck","gasoline",2014,1355,24.885,6.5,12.5,4,1.55,8.522172,40224000
"4169","Opel","PSA","Astra","Untere Mittelklasse (z.B. Golf)","Schrägheck","gasoline",2015,978,24.885,6.5,12.5,4,1.55,8.522172,40775000
"4170","Opel","PSA","Astra","Untere Mittelklasse (z.B. Golf)","Stufenheck","gasoline",2012,2886,24.65,7.2,13.2,4,1.498,8.21744,39708000
"4171","Opel","PSA","Astra","Untere Mittelklasse (z.B. Golf)","Stufenheck","gasoline",2013,444,24.65,7.2,13.2,4,1.498,8.21744,39931000
"4172","Opel","PSA","Astra","Untere Mittelklasse (z.B. Golf)","Schrägheck","gasoline",2014,156,26.32,6.3,14.7,4,1.503,8.21744,40224000
"4173","Opel","PSA","Astra","Untere Mittelklasse (z.B. Golf)","Schrägheck","gasoline",2015,153,26.32,6.3,14.7,4,1.503,8.21744,40775000
"4174","Opel","PSA","Astra","Untere Mittelklasse (z.B. Golf)","Schrägheck","gasoline",2016,1620,27.04,6.2,14.7,4,1.393,8.505918,40959000
"4175","Opel","PSA","Astra","Untere Mittelklasse (z.B. Golf)","Schrägheck","gasoline",2017,2196,27.04,6.2,14.7,4,1.393,8.505918,41303000
"4176","Opel","PSA","Astra","Untere Mittelklasse (z.B. Golf)","Schrägheck","gasoline",2012,423,36.195,7.95,20.6,4,1.55,8.21744,39708000
"4177","Opel","PSA","Astra","Untere Mittelklasse (z.B. Golf)","Schrägheck","gasoline",2013,712,36.195,7.95,20.6,4,1.55,8.21744,39931000
"4178","Opel","PSA","Astra","Untere Mittelklasse (z.B. Golf)","Schrägheck","gasoline",2014,444,36.195,7.95,20.6,4,1.55,8.21744,40224000
"4179","Opel","PSA","Astra","Untere Mittelklasse (z.B. Golf)","Schrägheck","gasoline",2015,436,36.195,7.95,20.6,4,1.55,8.21744,40775000
"4180","Opel","PSA","Astra","Untere Mittelklasse (z.B. Golf)","Schrägheck","gasoline",2016,236,36.195,7.95,20.6,4,1.55,8.21744,40959000
"4181","Opel","PSA","Astra","Untere Mittelklasse (z.B. Golf)","Schrägheck","gasoline",2017,197,36.195,7.95,20.6,4,1.55,8.21744,41303000
"4182","Opel","PSA","Astra","Untere Mittelklasse (z.B. Golf)","Schrägheck","gasoline",2012,1895,17.83,5.5,6.4,4,1.373,8.016066,39708000
"4183","Opel","PSA","Astra","Untere Mittelklasse (z.B. Golf)","Schrägheck","gasoline",2013,1265,17.83,5.5,6.4,4,1.373,8.016066,39931000
"4184","Opel","PSA","Astra","Untere Mittelklasse (z.B. Golf)","Stufenheck","gasoline",2012,5670,19.44,5.3,7.4,4,1.373,8.016066,39708000
"4185","Opel","PSA","Astra","Untere Mittelklasse (z.B. Golf)","Stufenheck","gasoline",2013,4265,19.44,5.3,7.4,4,1.373,8.016066,39931000
"4186","Opel","PSA","Astra","Untere Mittelklasse (z.B. Golf)","Schrägheck","gasoline",2014,578,17.77,5.5,7.4,4,1.373,8.016066,40224000
"4187","Opel","PSA","Astra","Untere Mittelklasse (z.B. Golf)","Schrägheck","gasoline",2016,696,17.425,5.5,7.4,4,1.244,7.90533,40959000
"4188","Opel","PSA","Astra","Untere Mittelklasse (z.B. Golf)","Schrägheck","gasoline",2017,1140,17.425,5.5,7.4,4,1.244,7.90533,41303000
"4189","Opel","PSA","Astra","Untere Mittelklasse (z.B. Golf)","Schrägheck","gasoline",2015,1209,20.18,4.4,7.7,3,1.273,7.90533,40775000
"4190","Opel","PSA","Astra","Untere Mittelklasse (z.B. Golf)","Schrägheck","gasoline",2016,6729,20.18,4.4,7.7,3,1.273,7.90533,40959000
"4191","Opel","PSA","Astra","Untere Mittelklasse (z.B. Golf)","Schrägheck","gasoline",2017,5352,20.18,4.4,7.7,3,1.273,7.90533,41303000
"4192","Opel","PSA","Astra","Untere Mittelklasse (z.B. Golf)","Stufenheck","gasoline",2012,2374,20.93,6.7,8.5,4,1.373,8.016066,39708000
"4193","Opel","PSA","Astra","Untere Mittelklasse (z.B. Golf)","Stufenheck","gasoline",2013,1616,21.98,6.3,8.5,4,1.373,8.016066,39931000
"4194","Opel","PSA","Astra","Untere Mittelklasse (z.B. Golf)","Stufenheck","gasoline",2014,4814,18.985,7.1,8.5,4,1.405,8.449612,40224000
"4195","Opel","PSA","Astra","Untere Mittelklasse (z.B. Golf)","Stufenheck","gasoline",2015,12676,16.99,6.6,8.5,4,1.393,8.016066,40775000
"4196","Opel","PSA","Astra","Untere Mittelklasse (z.B. Golf)","Stufenheck","gasoline",2016,2812,21.745,7.2,8.5,4,1.437,8.522172,40959000
"4197","Opel","PSA","Astra","Untere Mittelklasse (z.B. Golf)","Schrägheck","gasoline",2012,5339,22.385,5.9,8.8,4,1.437,8.522172,39708000
"4198","Opel","PSA","Astra","Untere Mittelklasse (z.B. Golf)","Schrägheck","gasoline",2013,4393,19.97,5.9,8.8,4,1.393,8.016066,39931000
"4199","Opel","PSA","Astra","Untere Mittelklasse (z.B. Golf)","Schrägheck","gasoline",2014,6996,22.27,5.9,8.8,4,1.437,8.522172,40224000
"4200","Opel","PSA","Astra","Untere Mittelklasse (z.B. Golf)","Schrägheck","gasoline",2015,6569,22.27,5.9,8.8,4,1.437,8.522172,40775000
"4201","Opel","PSA","Astra","Untere Mittelklasse (z.B. Golf)","Schrägheck","gasoline",2016,940,22.27,5.9,8.8,4,1.437,8.522172,40959000
"4202","Opel","PSA","Astra","Untere Mittelklasse (z.B. Golf)","Schrägheck","gasoline",2015,1855,21.18,5.5,9.2,4,1.278,7.90533,40775000
"4203","Opel","PSA","Astra","Untere Mittelklasse (z.B. Golf)","Schrägheck","gasoline",2016,11337,21.18,5.5,9.2,4,1.278,7.90533,40959000
"4204","Opel","PSA","Astra","Untere Mittelklasse (z.B. Golf)","Schrägheck","gasoline",2017,13031,21.18,5.5,9.2,4,1.278,7.90533,41303000
"4205","Opel","PSA","Cascada","Mittelklasse (z.B. BMW 3er-Reihe)","Cabrio","diesel",2013,535,32.6275,5.7,12.1,4,1.816,8.635944,39931000
"4206","Opel","PSA","Cascada","Mittelklasse (z.B. BMW 3er-Reihe)","Cabrio","diesel",2014,810,32.6275,5.7,12.1,4,1.816,8.635944,40224000
"4207","Opel","PSA","Cascada","Mittelklasse (z.B. BMW 3er-Reihe)","Cabrio","diesel",2015,650,32.6275,5.7,12.1,4,1.816,8.635944,40775000
"4208","Opel","PSA","Cascada","Mittelklasse (z.B. BMW 3er-Reihe)","Cabrio","diesel",2015,158,34.975,4.9,12.5,4,1.816,8.635944,40775000
"4209","Opel","PSA","Cascada","Mittelklasse (z.B. BMW 3er-Reihe)","Cabrio","diesel",2016,457,34.975,4.9,12.5,4,1.816,8.635944,40959000
"4210","Opel","PSA","Cascada","Mittelklasse (z.B. BMW 3er-Reihe)","Cabrio","diesel",2017,270,34.975,4.9,12.5,4,1.816,8.635944,41303000
"4211","Opel","PSA","Cascada","Mittelklasse (z.B. BMW 3er-Reihe)","Cabrio","diesel",2013,128,34.73,5.2,14.3,4,1.816,8.635944,39931000
"4212","Opel","PSA","Cascada","Mittelklasse (z.B. BMW 3er-Reihe)","Cabrio","diesel",2014,142,34.73,5.2,14.3,4,1.816,8.635944,40224000
"4213","Opel","PSA","Cascada","Mittelklasse (z.B. BMW 3er-Reihe)","Cabrio","gasoline",2013,1140,30.8,6.4,10.3,4,1.701,8.635944,39931000
"4214","Opel","PSA","Cascada","Mittelklasse (z.B. BMW 3er-Reihe)","Cabrio","gasoline",2014,752,30.8,6.4,10.3,4,1.701,8.635944,40224000
"4215","Opel","PSA","Cascada","Mittelklasse (z.B. BMW 3er-Reihe)","Cabrio","gasoline",2015,426,30.8,6.4,10.3,4,1.701,8.635944,40775000
"4216","Opel","PSA","Cascada","Mittelklasse (z.B. BMW 3er-Reihe)","Cabrio","gasoline",2016,876,30.8,6.4,10.3,4,1.701,8.635944,40959000
"4217","Opel","PSA","Cascada","Mittelklasse (z.B. BMW 3er-Reihe)","Cabrio","gasoline",2017,787,30.8,6.4,10.3,4,1.701,8.635944,41303000
"4218","Opel","PSA","Cascada","Mittelklasse (z.B. BMW 3er-Reihe)","Cabrio","gasoline",2013,704,32.2175,6.75,12.5,4,1.733,8.635944,39931000
"4219","Opel","PSA","Cascada","Mittelklasse (z.B. BMW 3er-Reihe)","Cabrio","gasoline",2014,1117,32.2175,6.75,12.5,4,1.733,8.635944,40224000
"4220","Opel","PSA","Cascada","Mittelklasse (z.B. BMW 3er-Reihe)","Cabrio","gasoline",2015,744,32.2175,6.75,12.5,4,1.733,8.635944,40775000
"4221","Opel","PSA","Cascada","Mittelklasse (z.B. BMW 3er-Reihe)","Cabrio","gasoline",2016,610,32.2175,6.75,12.5,4,1.733,8.635944,40959000
"4222","Opel","PSA","Cascada","Mittelklasse (z.B. BMW 3er-Reihe)","Cabrio","gasoline",2017,613,32.2175,6.75,12.5,4,1.733,8.635944,41303000
"4223","Opel","PSA","Cascada","Mittelklasse (z.B. BMW 3er-Reihe)","Cabrio","gasoline",2014,261,33.885,6.8,14.7,4,1.733,8.635944,40224000
"4224","Opel","PSA","Cascada","Mittelklasse (z.B. BMW 3er-Reihe)","Cabrio","gasoline",2015,246,33.885,6.8,14.7,4,1.733,8.635944,40775000
"4225","Opel","PSA","Cascada","Mittelklasse (z.B. BMW 3er-Reihe)","Cabrio","gasoline",2016,367,33.885,6.8,14.7,4,1.733,8.635944,40959000
"4226","Opel","PSA","Cascada","Mittelklasse (z.B. BMW 3er-Reihe)","Cabrio","gasoline",2017,431,33.885,6.8,14.7,4,1.733,8.635944,41303000
"4227","Opel","PSA","Cascada","Mittelklasse (z.B. BMW 3er-Reihe)","Cabrio","gasoline",2013,643,30.6225,6.65,8.8,4,1.701,8.635944,39931000
"4228","Opel","PSA","Cascada","Mittelklasse (z.B. BMW 3er-Reihe)","Cabrio","gasoline",2014,265,30.6225,6.65,8.8,4,1.701,8.635944,40224000
"4229","Opel","PSA","Cascada","Mittelklasse (z.B. BMW 3er-Reihe)","Cabrio","gasoline",2015,103,30.6225,6.65,8.8,4,1.701,8.635944,40775000
"4230","Opel","PSA","Cascada","Mittelklasse (z.B. BMW 3er-Reihe)","Cabrio","gasoline",2016,210,30.6225,6.65,8.8,4,1.701,8.635944,40959000
"4231","Opel","PSA","Cascada","Mittelklasse (z.B. BMW 3er-Reihe)","Cabrio","gasoline",2017,129,30.6225,6.65,8.8,4,1.701,8.635944,41303000
"4232","Opel","PSA","Combo","Untere Mittelklasse (z.B. Golf)","Hochdach-Kombi","diesel",2012,223,22.3,5.2,6.6,4,1.505,8.03809,39708000
"4233","Opel","PSA","Combo","Untere Mittelklasse (z.B. Golf)","Hochdach-Kombi","diesel",2013,343,22.3,5.2,6.6,4,1.505,8.03809,39931000
"4234","Opel","PSA","Combo","Untere Mittelklasse (z.B. Golf)","Hochdach-Kombi","diesel",2014,239,22.3,5.2,6.6,4,1.505,8.03809,40224000
"4235","Opel","PSA","Combo","Untere Mittelklasse (z.B. Golf)","Hochdach-Kombi","diesel",2015,121,22.3,5.2,6.6,4,1.505,8.03809,40775000
"4236","Opel","PSA","Combo","Untere Mittelklasse (z.B. Golf)","Hochdach-Kombi","diesel",2015,125,21.645,4.95,7,4,1.505,8.03809,40775000
"4237","Opel","PSA","Combo","Untere Mittelklasse (z.B. Golf)","Hochdach-Kombi","diesel",2016,307,21.645,4.95,7,4,1.505,8.03809,40959000
"4238","Opel","PSA","Combo","Untere Mittelklasse (z.B. Golf)","Hochdach-Kombi","diesel",2017,245,21.645,4.95,7,4,1.505,8.03809,41303000
"4239","Opel","PSA","Combo","Untere Mittelklasse (z.B. Golf)","Hochdach-Kombi","diesel",2012,1398,22.4,5.35,7.7,4,1.505,8.03809,39708000
"4240","Opel","PSA","Combo","Untere Mittelklasse (z.B. Golf)","Hochdach-Kombi","diesel",2013,320,22.4,5.35,7.7,4,1.505,8.03809,39931000
"4241","Opel","PSA","Combo","Untere Mittelklasse (z.B. Golf)","Hochdach-Kombi","diesel",2014,283,22.4,5.35,7.7,4,1.505,8.03809,40224000
"4242","Opel","PSA","Combo","Untere Mittelklasse (z.B. Golf)","Hochdach-Kombi","diesel",2015,174,22.4,5.35,7.7,4,1.505,8.03809,40775000
"4243","Opel","PSA","Combo","Untere Mittelklasse (z.B. Golf)","Hochdach-Kombi","diesel",2016,302,19.28,5.2,8.8,4,1.505,8.03809,40959000
"4244","Opel","PSA","Combo","Untere Mittelklasse (z.B. Golf)","Hochdach-Kombi","diesel",2017,280,19.28,5.2,8.8,4,1.505,8.03809,41303000
"4245","Opel","PSA","Combo","Untere Mittelklasse (z.B. Golf)","Hochdach-Kombi","gasoline",2012,341,17.65,7.4,7,4,1.43,8.03809,39708000
"4246","Opel","PSA","Combo","Untere Mittelklasse (z.B. Golf)","Hochdach-Kombi","gasoline",2013,367,17.65,7.4,7,4,1.43,8.03809,39931000
"4247","Opel","PSA","Combo","Untere Mittelklasse (z.B. Golf)","Hochdach-Kombi","gasoline",2014,190,17.65,7.4,7,4,1.43,8.03809,40224000
"4248","Opel","PSA","Combo","Untere Mittelklasse (z.B. Golf)","Hochdach-Kombi","gasoline",2015,152,17.65,7.4,7,4,1.43,8.03809,40775000
"4249","Opel","PSA","Combo","Untere Mittelklasse (z.B. Golf)","Hochdach-Kombi","gasoline",2016,178,17.65,7.4,7,4,1.43,8.03809,40959000
"4250","Opel","PSA","Combo","Untere Mittelklasse (z.B. Golf)","Hochdach-Kombi","gasoline",2017,281,17.65,7.4,7,4,1.43,8.03809,41303000
"4251","Opel","PSA","Combo","Untere Mittelklasse (z.B. Golf)","Hochdach-Kombi","gasoline",2016,114,18.53,7.2,8.8,4,1.49,8.03809,40959000
"4252","Opel","PSA","Combo","Untere Mittelklasse (z.B. Golf)","Hochdach-Kombi","gasoline",2017,311,18.53,7.2,8.8,4,1.49,8.03809,41303000
"4253","Opel","PSA","Corsa","Kleinwagen (z.B. Polo)","Schrägheck","diesel",2012,1427,17.335,4.2,5.5,4,1.163,6.850287,39708000
"4254","Opel","PSA","Corsa","Kleinwagen (z.B. Polo)","Schrägheck","diesel",2013,1555,17.335,4.2,5.5,4,1.163,6.850287,39931000
"4255","Opel","PSA","Corsa","Kleinwagen (z.B. Polo)","Schrägheck","diesel",2014,1205,17.335,4.2,5.5,4,1.163,6.850287,40224000
"4256","Opel","PSA","Corsa","Kleinwagen (z.B. Polo)","Schrägheck","diesel",2015,732,17.765,4,5.5,4,1.237,7.020666,40775000
"4257","Opel","PSA","Corsa","Kleinwagen (z.B. Polo)","Schrägheck","diesel",2016,968,17.765,4,5.5,4,1.237,7.020666,40959000
"4258","Opel","PSA","Corsa","Kleinwagen (z.B. Polo)","Schrägheck","diesel",2017,871,17.765,4,5.5,4,1.237,7.020666,41303000
"4259","Opel","PSA","Corsa","Kleinwagen (z.B. Polo)","Schrägheck","diesel",2012,1589,17.86,3.95,7,4,1.163,6.850287,39708000
"4260","Opel","PSA","Corsa","Kleinwagen (z.B. Polo)","Schrägheck","diesel",2013,1722,17.86,3.95,7,4,1.163,6.850287,39931000
"4261","Opel","PSA","Corsa","Kleinwagen (z.B. Polo)","Schrägheck","diesel",2014,1633,17.86,3.95,7,4,1.163,6.850287,40224000
"4262","Opel","PSA","Corsa","Kleinwagen (z.B. Polo)","Schrägheck","diesel",2015,1987,18.58,3.6,7,4,1.259,7.020666,40775000
"4263","Opel","PSA","Corsa","Kleinwagen (z.B. Polo)","Schrägheck","diesel",2016,1346,18.58,3.6,7,4,1.259,7.020666,40959000
"4264","Opel","PSA","Corsa","Kleinwagen (z.B. Polo)","Schrägheck","diesel",2017,724,18.58,3.6,7,4,1.259,7.020666,41303000
"4265","Opel","PSA","Corsa","Kleinwagen (z.B. Polo)","Schrägheck","diesel",2012,348,20.475,4.55,9.6,4,1.229,6.898275,39708000
"4266","Opel","PSA","Corsa","Kleinwagen (z.B. Polo)","Schrägheck","diesel",2013,203,20.475,4.55,9.6,4,1.229,6.898275,39931000
"4267","Opel","PSA","Corsa","Kleinwagen (z.B. Polo)","Schrägheck","gasoline",2012,295,19.8125,7.3,11,4,1.145,6.898275,39708000
"4268","Opel","PSA","Corsa","Kleinwagen (z.B. Polo)","Schrägheck","gasoline",2015,611,18.49,5.8,11,4,1.274,7.020666,40775000
"4269","Opel","PSA","Corsa","Kleinwagen (z.B. Polo)","Schrägheck","gasoline",2016,1163,18.4775,5.7,11,4,1.214,6.980456,40959000
"4270","Opel","PSA","Corsa","Kleinwagen (z.B. Polo)","Schrägheck","gasoline",2017,1253,18.4775,5.7,11,4,1.214,6.980456,41303000
"4271","Opel","PSA","Corsa","Kleinwagen (z.B. Polo)","Schrägheck","gasoline",2012,219,24.3325,7.3,14.1,4,1.293,6.92052,39708000
"4272","Opel","PSA","Corsa","Kleinwagen (z.B. Polo)","Schrägheck","gasoline",2013,151,24.3325,7.3,14.1,4,1.293,6.92052,39931000
"4273","Opel","PSA","Corsa","Kleinwagen (z.B. Polo)","Schrägheck","gasoline",2014,145,24.3325,7.3,14.1,4,1.293,6.92052,40224000
"4274","Opel","PSA","Corsa","Kleinwagen (z.B. Polo)","Schrägheck","gasoline",2015,358,24.93,7.5,15.2,4,1.293,7.006496,40775000
"4275","Opel","PSA","Corsa","Kleinwagen (z.B. Polo)","Schrägheck","gasoline",2016,578,24.93,7.5,15.2,4,1.293,7.006496,40959000
"4276","Opel","PSA","Corsa","Kleinwagen (z.B. Polo)","Schrägheck","gasoline",2017,459,24.93,7.5,15.2,4,1.293,7.006496,41303000
"4277","Opel","PSA","Corsa","Kleinwagen (z.B. Polo)","Schrägheck","gasoline",2012,341,28.3325,7.6,15.5,4,1.293,6.92052,39708000
"4278","Opel","PSA","Corsa","Kleinwagen (z.B. Polo)","Schrägheck","gasoline",2013,121,28.3325,7.6,15.5,4,1.293,6.92052,39931000
"4279","Opel","PSA","Corsa","Kleinwagen (z.B. Polo)","Schrägheck","gasoline",2014,106,28.3325,7.6,15.5,4,1.293,6.92052,40224000
"4280","Opel","PSA","Corsa","Kleinwagen (z.B. Polo)","Schrägheck","gasoline",2012,20131,14.45,5.5,5.1,4,1.125,6.850287,39708000
"4281","Opel","PSA","Corsa","Kleinwagen (z.B. Polo)","Schrägheck","gasoline",2013,15687,14.45,5.5,5.1,4,1.125,6.850287,39931000
"4282","Opel","PSA","Corsa","Kleinwagen (z.B. Polo)","Schrägheck","gasoline",2014,21223,14.45,5.5,5.1,4,1.125,6.850287,40224000
"4283","Opel","PSA","Corsa","Kleinwagen (z.B. Polo)","Schrägheck","gasoline",2015,9883,14.115,5.4,5.1,4,1.12,6.980456,40775000
"4284","Opel","PSA","Corsa","Kleinwagen (z.B. Polo)","Schrägheck","gasoline",2016,15490,14.115,5.4,5.1,4,1.12,6.980456,40959000
"4285","Opel","PSA","Corsa","Kleinwagen (z.B. Polo)","Schrägheck","gasoline",2017,12056,14.115,5.4,5.1,4,1.12,6.980456,41303000
"4286","Opel","PSA","Corsa","Kleinwagen (z.B. Polo)","Schrägheck","gasoline",2012,2487,16.105,5.3,6.3,4,1.145,6.898275,39708000
"4287","Opel","PSA","Corsa","Kleinwagen (z.B. Polo)","Schrägheck","gasoline",2013,1572,16.105,5.3,6.3,4,1.145,6.898275,39931000
"4288","Opel","PSA","Corsa","Kleinwagen (z.B. Polo)","Schrägheck","gasoline",2014,1675,16.105,5.3,6.3,4,1.145,6.898275,40224000
"4289","Opel","PSA","Corsa","Kleinwagen (z.B. Polo)","Schrägheck","gasoline",2012,20632,15.345,5.7,6.4,4,1.141,6.850287,39708000
"4290","Opel","PSA","Corsa","Kleinwagen (z.B. Polo)","Schrägheck","gasoline",2013,20694,15.345,5.7,6.4,4,1.141,6.850287,39931000
"4291","Opel","PSA","Corsa","Kleinwagen (z.B. Polo)","Schrägheck","gasoline",2014,22427,15.345,5.7,6.4,4,1.141,6.850287,40224000
"4292","Opel","PSA","Corsa","Kleinwagen (z.B. Polo)","Schrägheck","gasoline",2015,418,15.345,5.7,6.4,4,1.141,6.850287,40775000
"4293","Opel","PSA","Corsa","Kleinwagen (z.B. Polo)","Schrägheck","gasoline",2014,634,14.565,5.2,6.6,4,1.141,6.980456,40224000
"4294","Opel","PSA","Corsa","Kleinwagen (z.B. Polo)","Schrägheck","gasoline",2015,28617,16.3825,5.2,6.6,4,1.163,7.020666,40775000
"4295","Opel","PSA","Corsa","Kleinwagen (z.B. Polo)","Schrägheck","gasoline",2016,26623,16.3825,5.2,6.6,4,1.163,7.020666,40959000
"4296","Opel","PSA","Corsa","Kleinwagen (z.B. Polo)","Schrägheck","gasoline",2017,27826,16.3825,5.2,6.6,4,1.163,7.020666,41303000
"4297","Opel","PSA","Corsa","Kleinwagen (z.B. Polo)","Schrägheck","gasoline",2012,7877,16.2825,5.7,7.4,4,1.141,6.850287,39708000
"4298","Opel","PSA","Corsa","Kleinwagen (z.B. Polo)","Schrägheck","gasoline",2013,7170,16.2825,5.7,7.4,4,1.141,6.850287,39931000
"4299","Opel","PSA","Corsa","Kleinwagen (z.B. Polo)","Schrägheck","gasoline",2014,5042,16.2825,5.7,7.4,4,1.141,6.850287,40224000
"4300","Opel","PSA","Corsa","Kleinwagen (z.B. Polo)","Schrägheck","gasoline",2015,7529,16.64,5.2,7.4,4,1.237,7.020666,40775000
"4301","Opel","PSA","Corsa","Kleinwagen (z.B. Polo)","Schrägheck","gasoline",2016,7099,16.64,5.2,7.4,4,1.237,7.020666,40959000
"4302","Opel","PSA","Corsa","Kleinwagen (z.B. Polo)","Schrägheck","gasoline",2017,7097,16.64,5.2,7.4,4,1.237,7.020666,41303000
"4303","Opel","PSA","Corsa","Kleinwagen (z.B. Polo)","Schrägheck","gasoline",2015,2314,17.8,5,8.5,3,1.199,7.020666,40775000
"4304","Opel","PSA","Corsa","Kleinwagen (z.B. Polo)","Schrägheck","gasoline",2016,1651,17.8,5,8.5,3,1.199,7.020666,40959000
"4305","Opel","PSA","Corsa","Kleinwagen (z.B. Polo)","Schrägheck","gasoline",2017,892,17.8,5,8.5,3,1.199,7.020666,41303000
"4306","Opel","PSA","Corsa","Kleinwagen (z.B. Polo)","Schrägheck","gasoline",2012,340,17.6275,5.5,8.8,4,1.214,6.898275,39708000
"4307","Opel","PSA","Corsa","Kleinwagen (z.B. Polo)","Schrägheck","gasoline",2013,699,17.6275,5.5,8.8,4,1.214,6.898275,39931000
"4308","Opel","PSA","Corsa","Kleinwagen (z.B. Polo)","Schrägheck","gasoline",2014,785,17.6275,5.5,8.8,4,1.214,6.898275,40224000
"4309","Opel","PSA","Crossland X","Kleinwagen (z.B. Polo)","SUV","diesel",2017,165,19.44,3.9,7.3,4,1.278,7.43418,41303000
"4310","Opel","PSA","Crossland X","Kleinwagen (z.B. Polo)","SUV","diesel",2017,617,24,4,8.8,4,1.319,7.43418,41303000
"4311","Opel","PSA","Crossland X","Kleinwagen (z.B. Polo)","SUV","gasoline",2017,2069,19.47,5.2,6,3,1.174,7.43418,41303000
"4312","Opel","PSA","Crossland X","Kleinwagen (z.B. Polo)","SUV","gasoline",2017,5373,23.22,5.5,8.1,3,1.289,7.43418,41303000
"4313","Opel","PSA","Crossland X","Kleinwagen (z.B. Polo)","SUV","gasoline",2017,3458,23.095,5.1,9.6,3,1.259,7.43418,41303000
"4314","Opel","PSA","Grandland X","Untere Mittelklasse (z.B. Golf)","SUV","diesel",2017,1132,31.75,4.3,8.8,4,1.392,8.309312,41303000
"4315","Opel","PSA","Grandland X","Untere Mittelklasse (z.B. Golf)","SUV","gasoline",2017,2098,28.05,5.2,9.6,3,1.37,8.309312,41303000
"4316","Opel","PSA","Insignia","Mittelklasse (z.B. BMW 3er-Reihe)","Stufenheck","diesel",2015,1148,31.175,4.1,10,4,1.664,9.118528,40775000
"4317","Opel","PSA","Insignia","Mittelklasse (z.B. BMW 3er-Reihe)","Stufenheck","diesel",2016,5320,31.175,4.1,10,4,1.664,9.118528,40959000
"4318","Opel","PSA","Insignia","Mittelklasse (z.B. BMW 3er-Reihe)","Stufenheck","diesel",2017,2801,31.175,4.1,10,4,1.664,9.118528,41303000
"4319","Opel","PSA","Insignia","Mittelklasse (z.B. BMW 3er-Reihe)","Stufenheck","diesel",2013,1017,31.155,3.9,10.3,4,1.733,9.118528,39931000
"4320","Opel","PSA","Insignia","Mittelklasse (z.B. BMW 3er-Reihe)","Stufenheck","diesel",2014,4221,31.155,3.9,10.3,4,1.733,9.118528,40224000
"4321","Opel","PSA","Insignia","Mittelklasse (z.B. BMW 3er-Reihe)","Stufenheck","diesel",2015,2719,31.155,3.9,10.3,4,1.733,9.118528,40775000
"4322","Opel","PSA","Insignia","Mittelklasse (z.B. BMW 3er-Reihe)","Stufenheck","diesel",2012,9419,30.62,4.8,11.8,4,1.613,8.96448,39708000
"4323","Opel","PSA","Insignia","Mittelklasse (z.B. BMW 3er-Reihe)","Stufenheck","diesel",2013,5592,30.62,4.8,11.8,4,1.613,8.96448,39931000
"4324","Opel","PSA","Insignia","Mittelklasse (z.B. BMW 3er-Reihe)","Stufenheck","diesel",2013,2371,34.595,4.5,12,4,1.733,9.118528,39931000
"4325","Opel","PSA","Insignia","Mittelklasse (z.B. BMW 3er-Reihe)","Stufenheck","diesel",2014,8654,34.595,4.5,12,4,1.733,9.118528,40224000
"4326","Opel","PSA","Insignia","Mittelklasse (z.B. BMW 3er-Reihe)","Stufenheck","diesel",2015,2804,34.595,4.5,12,4,1.733,9.118528,40775000
"4327","Opel","PSA","Insignia","Mittelklasse (z.B. BMW 3er-Reihe)","Stufenheck","diesel",2015,6398,34.835,4.7,12.5,4,1.733,9.118528,40775000
"4328","Opel","PSA","Insignia","Mittelklasse (z.B. BMW 3er-Reihe)","Stufenheck","diesel",2016,10995,34.835,4.7,12.5,4,1.733,9.118528,40959000
"4329","Opel","PSA","Insignia","Mittelklasse (z.B. BMW 3er-Reihe)","Stufenheck","diesel",2017,11907,37.245,5.6,12.5,4,1.666,9.288918,41303000
"4330","Opel","PSA","Insignia","Mittelklasse (z.B. BMW 3er-Reihe)","Stufenheck","diesel",2012,3447,37.36,5.45,14.3,4,1.753,9.113888,39708000
"4331","Opel","PSA","Insignia","Mittelklasse (z.B. BMW 3er-Reihe)","Stufenheck","diesel",2013,2868,37.36,5.45,14.3,4,1.753,9.113888,39931000
"4332","Opel","PSA","Insignia","Mittelklasse (z.B. BMW 3er-Reihe)","Stufenheck","diesel",2014,3900,37.36,5.45,14.3,4,1.753,9.113888,40224000
"4333","Opel","PSA","Insignia","Mittelklasse (z.B. BMW 3er-Reihe)","Stufenheck","diesel",2015,2435,36.975,5.35,14.3,4,1.733,9.118528,40775000
"4334","Opel","PSA","Insignia","Mittelklasse (z.B. BMW 3er-Reihe)","Stufenheck","diesel",2012,462,29.41,4.9,8.1,4,1.701,9.109248,39708000
"4335","Opel","PSA","Insignia","Mittelklasse (z.B. BMW 3er-Reihe)","Stufenheck","diesel",2013,171,29.41,4.9,8.1,4,1.701,9.109248,39931000
"4336","Opel","PSA","Insignia","Mittelklasse (z.B. BMW 3er-Reihe)","Stufenheck","diesel",2013,224,28.4775,3.9,8.8,4,1.733,9.118528,39931000
"4337","Opel","PSA","Insignia","Mittelklasse (z.B. BMW 3er-Reihe)","Stufenheck","diesel",2014,831,28.4775,3.9,8.8,4,1.733,9.118528,40224000
"4338","Opel","PSA","Insignia","Mittelklasse (z.B. BMW 3er-Reihe)","Stufenheck","diesel",2015,679,28.4775,3.9,8.8,4,1.733,9.118528,40775000
"4339","Opel","PSA","Insignia","Mittelklasse (z.B. BMW 3er-Reihe)","Schrägheck","diesel",2016,428,28.325,4.3,8.8,4,1.664,9.118528,40959000
"4340","Opel","PSA","Insignia","Mittelklasse (z.B. BMW 3er-Reihe)","Schrägheck","diesel",2017,147,28.325,4.3,8.8,4,1.664,9.118528,41303000
"4341","Opel","PSA","Insignia","Mittelklasse (z.B. BMW 3er-Reihe)","Stufenheck","diesel",2012,3851,31.83,4.9,9.6,4,1.73,9.109248,39708000
"4342","Opel","PSA","Insignia","Mittelklasse (z.B. BMW 3er-Reihe)","Stufenheck","diesel",2013,2421,31.83,4.9,9.6,4,1.73,9.109248,39931000
"4343","Opel","PSA","Insignia","Mittelklasse (z.B. BMW 3er-Reihe)","Stufenheck","diesel",2014,1031,31.83,4.9,9.6,4,1.73,9.109248,40224000
"4344","Opel","PSA","Insignia","Mittelklasse (z.B. BMW 3er-Reihe)","Stufenheck","diesel",2015,751,29.2,5.3,9.6,4,1.623,8.986752,40775000
"4345","Opel","PSA","Insignia","Mittelklasse (z.B. BMW 3er-Reihe)","Stufenheck","gasoline",2012,1600,30.435,5.7,10.3,4,1.613,9.109248,39708000
"4346","Opel","PSA","Insignia","Mittelklasse (z.B. BMW 3er-Reihe)","Stufenheck","gasoline",2013,628,29.66,5.5,10.3,4,1.513,8.96448,39931000
"4347","Opel","PSA","Insignia","Mittelklasse (z.B. BMW 3er-Reihe)","Stufenheck","gasoline",2014,505,27.805,5.8,10.3,4,1.623,9.118528,40224000
"4348","Opel","PSA","Insignia","Mittelklasse (z.B. BMW 3er-Reihe)","Stufenheck","gasoline",2015,985,27.805,5.8,10.3,4,1.623,9.118528,40775000
"4349","Opel","PSA","Insignia","Mittelklasse (z.B. BMW 3er-Reihe)","Stufenheck","gasoline",2016,679,27.805,5.8,10.3,4,1.623,9.118528,40959000
"4350","Opel","PSA","Insignia","Mittelklasse (z.B. BMW 3er-Reihe)","Stufenheck","gasoline",2017,1729,27.805,5.8,10.3,4,1.623,9.118528,41303000
"4351","Opel","PSA","Insignia","Mittelklasse (z.B. BMW 3er-Reihe)","Schrägheck","gasoline",2017,4170,30.455,5.85,12.1,4,1.5045,9.288918,41303000
"4352","Opel","PSA","Insignia","Mittelklasse (z.B. BMW 3er-Reihe)","Stufenheck","gasoline",2013,426,29.425,6.2,12.5,4,1.571,8.986752,39931000
"4353","Opel","PSA","Insignia","Mittelklasse (z.B. BMW 3er-Reihe)","Stufenheck","gasoline",2014,1956,29.965,6.5,12.5,4,1.664,9.118528,40224000
"4354","Opel","PSA","Insignia","Mittelklasse (z.B. BMW 3er-Reihe)","Stufenheck","gasoline",2015,1063,29.965,6.5,12.5,4,1.664,9.118528,40775000
"4355","Opel","PSA","Insignia","Mittelklasse (z.B. BMW 3er-Reihe)","Stufenheck","gasoline",2016,869,29.965,6.5,12.5,4,1.664,9.118528,40959000
"4356","Opel","PSA","Insignia","Mittelklasse (z.B. BMW 3er-Reihe)","Stufenheck","gasoline",2017,761,29.965,6.5,12.5,4,1.664,9.118528,41303000
"4357","Opel","PSA","Insignia","Mittelklasse (z.B. BMW 3er-Reihe)","Stufenheck","gasoline",2012,413,31.16,7,13.2,4,1.57,8.96448,39708000
"4358","Opel","PSA","Insignia","Mittelklasse (z.B. BMW 3er-Reihe)","Stufenheck","gasoline",2013,123,32.33,7.1,13.2,4,1.5365,8.96448,39931000
"4359","Opel","PSA","Insignia","Mittelklasse (z.B. BMW 3er-Reihe)","Schrägheck","gasoline",2012,506,35.415,8.7,16.2,4,1.503,8.96448,39708000
"4360","Opel","PSA","Insignia","Mittelklasse (z.B. BMW 3er-Reihe)","Schrägheck","gasoline",2013,205,35.415,8.7,16.2,4,1.503,8.96448,39931000
"4361","Opel","PSA","Insignia","Mittelklasse (z.B. BMW 3er-Reihe)","Stufenheck","gasoline",2012,265,39.8825,8.5,18.4,4,1.843,9.118528,39708000
"4362","Opel","PSA","Insignia","Mittelklasse (z.B. BMW 3er-Reihe)","Stufenheck","gasoline",2013,287,39.8825,8.5,18.4,4,1.843,9.118528,39931000
"4363","Opel","PSA","Insignia","Mittelklasse (z.B. BMW 3er-Reihe)","Stufenheck","gasoline",2014,621,39.8825,8.5,18.4,4,1.843,9.118528,40224000
"4364","Opel","PSA","Insignia","Mittelklasse (z.B. BMW 3er-Reihe)","Stufenheck","gasoline",2015,647,40.0075,8.25,18.4,4,1.843,9.118528,40775000
"4365","Opel","PSA","Insignia","Mittelklasse (z.B. BMW 3er-Reihe)","Stufenheck","gasoline",2016,613,40.0075,8.25,18.4,4,1.843,9.118528,40959000
"4366","Opel","PSA","Insignia","Mittelklasse (z.B. BMW 3er-Reihe)","Schrägheck","gasoline",2017,171,40.0075,8.25,18.4,4,1.843,9.118528,41303000
"4367","Opel","PSA","Insignia","Mittelklasse (z.B. BMW 3er-Reihe)","Stufenheck","gasoline",2012,179,42.615,11.25,19.1,6,1.61,9.109248,39708000
"4368","Opel","PSA","Insignia","Mittelklasse (z.B. BMW 3er-Reihe)","Schrägheck","gasoline",2017,1447,49.6175,8.7,19.1,4,1.6995,9.300096,41303000
"4369","Opel","PSA","Insignia","Mittelklasse (z.B. BMW 3er-Reihe)","Stufenheck","gasoline",2012,625,50.49,10.95,23.9,6,1.93,9.109248,39708000
"4370","Opel","PSA","Insignia","Mittelklasse (z.B. BMW 3er-Reihe)","Stufenheck","gasoline",2013,278,50.49,10.95,23.9,6,1.93,9.109248,39931000
"4371","Opel","PSA","Insignia","Mittelklasse (z.B. BMW 3er-Reihe)","Stufenheck","gasoline",2014,481,51.405,10.95,23.9,6,1.93,9.119064,40224000
"4372","Opel","PSA","Insignia","Mittelklasse (z.B. BMW 3er-Reihe)","Stufenheck","gasoline",2015,494,51.405,10.95,23.9,6,1.93,9.119064,40775000
"4373","Opel","PSA","Insignia","Mittelklasse (z.B. BMW 3er-Reihe)","Stufenheck","gasoline",2016,423,51.405,10.95,23.9,6,1.93,9.119064,40959000
"4374","Opel","PSA","Insignia","Mittelklasse (z.B. BMW 3er-Reihe)","Schrägheck","gasoline",2017,314,51.405,10.95,23.9,6,1.93,9.119064,41303000
"4375","Opel","PSA","KARL ROCKS","Kleinstwagen (z.B. Twingo)","Schrägheck","gasoline",2015,7699,12.72,4.45,5.5,3,0.939,5.861625,40775000
"4376","Opel","PSA","KARL ROCKS","Kleinstwagen (z.B. Twingo)","Schrägheck","gasoline",2016,8977,12.72,4.45,5.5,3,0.939,5.861625,40959000
"4377","Opel","PSA","KARL ROCKS","Kleinstwagen (z.B. Twingo)","Schrägheck","gasoline",2017,6612,12.72,4.45,5.5,3,0.939,5.861625,41303000
"4378","Opel","PSA","Meriva","Kleinwagen (z.B. Polo)","Van","diesel",2014,903,24,4.3,10,4,1.518,7.7916,40224000
"4379","Opel","PSA","Meriva","Kleinwagen (z.B. Polo)","Van","diesel",2015,461,24,4.3,10,4,1.518,7.7916,40775000
"4380","Opel","PSA","Meriva","Kleinwagen (z.B. Polo)","Van","diesel",2016,418,24,4.3,10,4,1.518,7.7916,40959000
"4381","Opel","PSA","Meriva","Kleinwagen (z.B. Polo)","Van","diesel",2012,243,21.4,4.5,7,4,1.393,7.769856,39708000
"4382","Opel","PSA","Meriva","Kleinwagen (z.B. Polo)","Van","diesel",2014,177,21.4525,4.5,7,4,1.393,7.769856,40224000
"4383","Opel","PSA","Meriva","Kleinwagen (z.B. Polo)","Van","diesel",2015,261,21.94,4,7,4,1.503,7.7916,40775000
"4384","Opel","PSA","Meriva","Kleinwagen (z.B. Polo)","Van","diesel",2016,294,21.94,4,7,4,1.503,7.7916,40959000
"4385","Opel","PSA","Meriva","Kleinwagen (z.B. Polo)","Van","diesel",2012,753,22.495,6.4,7.4,4,1.36,7.769856,39708000
"4386","Opel","PSA","Meriva","Kleinwagen (z.B. Polo)","Van","diesel",2012,1693,23.1175,5.3,8.1,4,1.503,7.769856,39708000
"4387","Opel","PSA","Meriva","Kleinwagen (z.B. Polo)","Van","diesel",2013,842,23.8125,5.3,8.1,4,1.503,7.769856,39931000
"4388","Opel","PSA","Meriva","Kleinwagen (z.B. Polo)","Van","diesel",2014,547,23.09,4,8.1,4,1.503,7.7916,40224000
"4389","Opel","PSA","Meriva","Kleinwagen (z.B. Polo)","Van","diesel",2015,904,23.09,4,8.1,4,1.503,7.7916,40775000
"4390","Opel","PSA","Meriva","Kleinwagen (z.B. Polo)","Van","diesel",2016,505,23.09,4,8.1,4,1.503,7.7916,40959000
"4391","Opel","PSA","Meriva","Kleinwagen (z.B. Polo)","Van","diesel",2017,145,23.09,4,8.1,4,1.503,7.7916,41303000
"4392","Opel","PSA","Meriva","Kleinwagen (z.B. Polo)","Van","diesel",2012,894,23.4275,5.2,9.6,4,1.503,7.769856,39708000
"4393","Opel","PSA","Meriva","Kleinwagen (z.B. Polo)","Van","diesel",2013,399,23.4275,5.2,9.6,4,1.503,7.769856,39931000
"4394","Opel","PSA","Meriva","Kleinwagen (z.B. Polo)","Van","gasoline",2012,4670,22.5875,6.55,10.3,4,1.408,7.769856,39708000
"4395","Opel","PSA","Meriva","Kleinwagen (z.B. Polo)","Van","gasoline",2013,3251,22.345,6.4,10.3,4,1.408,7.7916,39931000
"4396","Opel","PSA","Meriva","Kleinwagen (z.B. Polo)","Van","gasoline",2014,4841,22.345,6.4,10.3,4,1.408,7.7916,40224000
"4397","Opel","PSA","Meriva","Kleinwagen (z.B. Polo)","Van","gasoline",2015,4934,22.2,6.3,10.3,4,1.408,7.7916,40775000
"4398","Opel","PSA","Meriva","Kleinwagen (z.B. Polo)","Van","gasoline",2016,6206,22.2,6.3,10.3,4,1.408,7.7916,40959000
"4399","Opel","PSA","Meriva","Kleinwagen (z.B. Polo)","Van","gasoline",2017,3117,22.2,6.3,10.3,4,1.408,7.7916,41303000
"4400","Opel","PSA","Meriva","Kleinwagen (z.B. Polo)","Van","gasoline",2012,4219,19.2275,6.1,7.4,4,1.361,7.769856,39708000
"4401","Opel","PSA","Meriva","Kleinwagen (z.B. Polo)","Van","gasoline",2013,3016,19.3925,6,7.4,4,1.361,7.7916,39931000
"4402","Opel","PSA","Meriva","Kleinwagen (z.B. Polo)","Van","gasoline",2014,1540,19.3925,6,7.4,4,1.361,7.7916,40224000
"4403","Opel","PSA","Meriva","Kleinwagen (z.B. Polo)","Van","gasoline",2015,1012,19.415,5.8,7.4,4,1.361,7.7916,40775000
"4404","Opel","PSA","Meriva","Kleinwagen (z.B. Polo)","Van","gasoline",2016,1024,19.415,5.8,7.4,4,1.361,7.7916,40959000
"4405","Opel","PSA","Meriva","Kleinwagen (z.B. Polo)","Van","gasoline",2017,321,19.415,5.8,7.4,4,1.361,7.7916,41303000
"4406","Opel","PSA","Meriva","Kleinwagen (z.B. Polo)","Van","gasoline",2012,12550,20.875,6.2,8.8,4,1.393,7.769856,39708000
"4407","Opel","PSA","Meriva","Kleinwagen (z.B. Polo)","Van","gasoline",2013,10520,21.2375,6,8.8,4,1.408,7.769856,39931000
"4408","Opel","PSA","Meriva","Kleinwagen (z.B. Polo)","Van","gasoline",2014,8848,21.2375,6,8.8,4,1.408,7.769856,40224000
"4409","Opel","PSA","Meriva","Kleinwagen (z.B. Polo)","Van","gasoline",2015,6934,21.6925,5.9,8.8,4,1.408,7.7916,40775000
"4410","Opel","PSA","Meriva","Kleinwagen (z.B. Polo)","Van","gasoline",2016,6136,21.6925,5.9,8.8,4,1.408,7.7916,40959000
"4411","Opel","PSA","Meriva","Kleinwagen (z.B. Polo)","Van","gasoline",2017,3530,21.6925,5.9,8.8,4,1.408,7.7916,41303000
"4412","Opel","PSA","Mokka","Kleinwagen (z.B. Polo)","SUV","diesel",2015,7621,25.605,4.3,10,4,1.449,7.602006,40775000
"4413","Opel","PSA","Mokka","Kleinwagen (z.B. Polo)","SUV","diesel",2016,7620,25.605,4.3,10,4,1.449,7.602006,40959000
"4414","Opel","PSA","Mokka","Kleinwagen (z.B. Polo)","SUV","diesel",2017,3685,26.08,4.1,10,4,1.449,7.613775,41303000
"4415","Opel","PSA","Mokka","Kleinwagen (z.B. Polo)","SUV","diesel",2015,107,25.8075,4.3,8.1,4,1.449,7.602006,40775000
"4416","Opel","PSA","Mokka","Kleinwagen (z.B. Polo)","SUV","diesel",2016,385,25.8075,4.3,8.1,4,1.449,7.602006,40959000
"4417","Opel","PSA","Mokka","Kleinwagen (z.B. Polo)","SUV","diesel",2017,309,25.23,3.9,8.1,4,1.449,7.613775,41303000
"4418","Opel","PSA","Mokka","Kleinwagen (z.B. Polo)","SUV","diesel",2012,314,25.425,4.5,9.6,4,1.449,7.602006,39708000
"4419","Opel","PSA","Mokka","Kleinwagen (z.B. Polo)","SUV","diesel",2013,7715,25.425,4.5,9.6,4,1.449,7.602006,39931000
"4420","Opel","PSA","Mokka","Kleinwagen (z.B. Polo)","SUV","diesel",2014,6748,25.425,4.5,9.6,4,1.449,7.602006,40224000
"4421","Opel","PSA","Mokka","Kleinwagen (z.B. Polo)","SUV","diesel",2015,1625,25.425,4.5,9.6,4,1.449,7.602006,40775000
"4422","Opel","PSA","Mokka","Kleinwagen (z.B. Polo)","SUV","gasoline",2012,1392,25.255,6.4,10.3,4,1.445,7.602006,39708000
"4423","Opel","PSA","Mokka","Kleinwagen (z.B. Polo)","SUV","gasoline",2013,7518,25.255,6.4,10.3,4,1.445,7.602006,39931000
"4424","Opel","PSA","Mokka","Kleinwagen (z.B. Polo)","SUV","gasoline",2014,17273,24.77,6.3,10.3,4,1.4015,7.602006,40224000
"4425","Opel","PSA","Mokka","Kleinwagen (z.B. Polo)","SUV","gasoline",2015,18122,24.77,6.3,10.3,4,1.4015,7.602006,40775000
"4426","Opel","PSA","Mokka","Kleinwagen (z.B. Polo)","SUV","gasoline",2016,19243,24.77,6.3,10.3,4,1.4015,7.602006,40959000
"4427","Opel","PSA","Mokka","Kleinwagen (z.B. Polo)","SUV","gasoline",2017,24776,23.72,5.9,10.3,4,1.394,7.613775,41303000
"4428","Opel","PSA","Mokka","Kleinwagen (z.B. Polo)","SUV","gasoline",2016,933,27.38,6.4,11.2,4,1.481,7.613775,40959000
"4429","Opel","PSA","Mokka","Kleinwagen (z.B. Polo)","SUV","gasoline",2017,3386,27.38,6.4,11.2,4,1.481,7.613775,41303000
"4430","Opel","PSA","Mokka","Kleinwagen (z.B. Polo)","SUV","gasoline",2012,785,18.99,6.5,8.5,4,1.26,7.602006,39708000
"4431","Opel","PSA","Mokka","Kleinwagen (z.B. Polo)","SUV","gasoline",2013,4289,18.99,6.5,8.5,4,1.26,7.602006,39931000
"4432","Opel","PSA","Mokka","Kleinwagen (z.B. Polo)","SUV","gasoline",2014,3449,18.99,6.5,8.5,4,1.26,7.602006,40224000
"4433","Opel","PSA","Mokka","Kleinwagen (z.B. Polo)","SUV","gasoline",2015,3285,18.99,6.5,8.5,4,1.26,7.602006,40775000
"4434","Opel","PSA","Mokka","Kleinwagen (z.B. Polo)","SUV","gasoline",2016,3585,18.99,6.5,8.5,4,1.26,7.602006,40959000
"4435","Opel","PSA","Mokka","Kleinwagen (z.B. Polo)","SUV","gasoline",2017,3216,21.69,6.65,8.5,4,1.355,7.613775,41303000
"4436","Opel","PSA","Zafira","Untere Mittelklasse (z.B. Golf)","Van","diesel",2013,363,29.8,4.5,10,4,1.701,8.775672,39931000
"4437","Opel","PSA","Zafira","Untere Mittelklasse (z.B. Golf)","Van","diesel",2014,1951,29.8,4.5,10,4,1.701,8.775672,40224000
"4438","Opel","PSA","Zafira","Untere Mittelklasse (z.B. Golf)","Van","diesel",2015,2181,29.8,4.5,10,4,1.701,8.775672,40775000
"4439","Opel","PSA","Zafira","Untere Mittelklasse (z.B. Golf)","Van","diesel",2016,1649,29.8,4.5,10,4,1.701,8.775672,40959000
"4440","Opel","PSA","Zafira","Untere Mittelklasse (z.B. Golf)","Van","diesel",2012,6264,31.95,5.3,12.1,4,1.748,8.775672,39708000
"4441","Opel","PSA","Zafira","Untere Mittelklasse (z.B. Golf)","Van","diesel",2013,3781,31.95,5.3,12.1,4,1.748,8.775672,39931000
"4442","Opel","PSA","Zafira","Untere Mittelklasse (z.B. Golf)","Van","diesel",2014,4046,31.95,5.3,12.1,4,1.748,8.775672,40224000
"4443","Opel","PSA","Zafira","Untere Mittelklasse (z.B. Golf)","Van","diesel",2015,830,31.95,5.3,12.1,4,1.748,8.775672,40775000
"4444","Opel","PSA","Zafira","Untere Mittelklasse (z.B. Golf)","Van","diesel",2015,3562,32.4,5.2,12.5,4,1.748,8.790744,40775000
"4445","Opel","PSA","Zafira","Untere Mittelklasse (z.B. Golf)","Van","diesel",2016,4701,32.4,5.2,12.5,4,1.748,8.790744,40959000
"4446","Opel","PSA","Zafira","Untere Mittelklasse (z.B. Golf)","Van","diesel",2017,4064,32.4,5.2,12.5,4,1.748,8.790744,41303000
"4447","Opel","PSA","Zafira","Untere Mittelklasse (z.B. Golf)","Van","diesel",2013,376,36.205,5.6,14.3,4,1.733,8.775672,39931000
"4448","Opel","PSA","Zafira","Untere Mittelklasse (z.B. Golf)","Van","diesel",2014,389,36.205,5.6,14.3,4,1.733,8.775672,40224000
"4449","Opel","PSA","Zafira","Untere Mittelklasse (z.B. Golf)","Van","diesel",2012,1751,25.56,5.7,8.1,4,1.613,8.045067,39708000
"4450","Opel","PSA","Zafira","Untere Mittelklasse (z.B. Golf)","Van","diesel",2013,1401,25.56,5.7,8.1,4,1.613,8.045067,39931000
"4451","Opel","PSA","Zafira","Untere Mittelklasse (z.B. Golf)","Van","diesel",2014,1246,25.56,5.7,8.1,4,1.613,8.045067,40224000
"4452","Opel","PSA","Zafira","Untere Mittelklasse (z.B. Golf)","Van","diesel",2014,116,27.8,4.8,8.8,4,1.701,8.775672,40224000
"4453","Opel","PSA","Zafira","Untere Mittelklasse (z.B. Golf)","Van","diesel",2015,940,27.685,4.7,8.8,4,1.701,8.790744,40775000
"4454","Opel","PSA","Zafira","Untere Mittelklasse (z.B. Golf)","Van","diesel",2016,837,27.685,4.7,8.8,4,1.701,8.790744,40959000
"4455","Opel","PSA","Zafira","Untere Mittelklasse (z.B. Golf)","Van","diesel",2017,951,27.685,4.7,8.8,4,1.701,8.790744,41303000
"4456","Opel","PSA","Zafira","Untere Mittelklasse (z.B. Golf)","Van","diesel",2012,2645,26.785,5.7,9.2,4,1.613,8.045067,39708000
"4457","Opel","PSA","Zafira","Untere Mittelklasse (z.B. Golf)","Van","diesel",2013,1984,26.785,5.7,9.2,4,1.613,8.045067,39931000
"4458","Opel","PSA","Zafira","Untere Mittelklasse (z.B. Golf)","Van","diesel",2014,1281,26.785,5.7,9.2,4,1.613,8.045067,40224000
"4459","Opel","PSA","Zafira","Untere Mittelklasse (z.B. Golf)","Van","diesel",2012,3400,29.8,5.1,9.6,4,1.716,8.775672,39708000
"4460","Opel","PSA","Zafira","Untere Mittelklasse (z.B. Golf)","Van","diesel",2013,2058,29.8,5.1,9.6,4,1.716,8.775672,39931000
"4461","Opel","PSA","Zafira","Untere Mittelklasse (z.B. Golf)","Van","diesel",2014,819,29.8,5.1,9.6,4,1.716,8.775672,40224000
"4462","Opel","PSA","Zafira","Untere Mittelklasse (z.B. Golf)","Van","diesel",2015,707,30.3,6.1,9.6,4,1.788,8.775672,40775000
"4463","Opel","PSA","Zafira","Untere Mittelklasse (z.B. Golf)","Van","diesel",2016,998,30.3,6.1,9.6,4,1.788,8.775672,40959000
"4464","Opel","PSA","Zafira","Untere Mittelklasse (z.B. Golf)","Van","diesel",2017,862,30.3,6.1,9.6,4,1.788,8.775672,41303000
"4465","Opel","PSA","Zafira","Untere Mittelklasse (z.B. Golf)","Van","diesel",2017,869,28.045,4.7,9.9,4,1.701,8.790744,41303000
"4466","Opel","PSA","Zafira","Untere Mittelklasse (z.B. Golf)","Van","gasoline",2012,11128,24.9175,7.2,10.3,4,1.503,8.045067,39708000
"4467","Opel","PSA","Zafira","Untere Mittelklasse (z.B. Golf)","Van","gasoline",2013,6724,24.9175,7.2,10.3,4,1.503,8.045067,39931000
"4468","Opel","PSA","Zafira","Untere Mittelklasse (z.B. Golf)","Van","gasoline",2014,5020,24.9175,7.2,10.3,4,1.503,8.045067,40224000
"4469","Opel","PSA","Zafira","Untere Mittelklasse (z.B. Golf)","Van","gasoline",2015,4160,27.735,6.7,10.3,4,1.628,8.790744,40775000
"4470","Opel","PSA","Zafira","Untere Mittelklasse (z.B. Golf)","Van","gasoline",2016,5001,27.735,6.7,10.3,4,1.628,8.790744,40959000
"4471","Opel","PSA","Zafira","Untere Mittelklasse (z.B. Golf)","Van","gasoline",2017,4832,27.735,6.7,10.3,4,1.628,8.790744,41303000
"4472","Opel","PSA","Zafira","Untere Mittelklasse (z.B. Golf)","Van","gasoline",2013,615,30.25,7.2,12.5,4,1.664,8.775672,39931000
"4473","Opel","PSA","Zafira","Untere Mittelklasse (z.B. Golf)","Van","gasoline",2014,710,30.25,7.2,12.5,4,1.664,8.775672,40224000
"4474","Opel","PSA","Zafira","Untere Mittelklasse (z.B. Golf)","Van","gasoline",2015,258,30.52,7.7,12.5,4,1.701,8.775672,40775000
"4475","Opel","PSA","Zafira","Untere Mittelklasse (z.B. Golf)","Van","gasoline",2016,406,30.52,7.7,12.5,4,1.701,8.775672,40959000
"4476","Opel","PSA","Zafira","Untere Mittelklasse (z.B. Golf)","Van","gasoline",2017,913,30.52,7.7,12.5,4,1.701,8.775672,41303000
"4477","Opel","PSA","Zafira","Untere Mittelklasse (z.B. Golf)","Van","gasoline",2014,159,29.73,7,14.7,4,1.664,8.775672,40224000
"4478","Opel","PSA","Zafira","Untere Mittelklasse (z.B. Golf)","Van","gasoline",2015,265,29.805,7.2,14.7,4,1.664,8.790744,40775000
"4479","Opel","PSA","Zafira","Untere Mittelklasse (z.B. Golf)","Van","gasoline",2016,300,29.805,7.2,14.7,4,1.664,8.790744,40959000
"4480","Opel","PSA","Zafira","Untere Mittelklasse (z.B. Golf)","Van","gasoline",2017,478,29.805,7.2,14.7,4,1.664,8.790744,41303000
"4481","Opel","PSA","Zafira","Untere Mittelklasse (z.B. Golf)","Van","gasoline",2012,2662,23.2225,7.1,8.5,4,1.505,8.045067,39708000
"4482","Opel","PSA","Zafira","Untere Mittelklasse (z.B. Golf)","Van","gasoline",2013,1337,23.2225,7.1,8.5,4,1.505,8.045067,39931000
"4483","Opel","PSA","Zafira","Untere Mittelklasse (z.B. Golf)","Van","gasoline",2012,755,25.855,6.5,8.8,4,1.628,8.775672,39708000
"4484","Opel","PSA","Zafira","Untere Mittelklasse (z.B. Golf)","Van","gasoline",2013,571,25.855,6.5,8.8,4,1.628,8.775672,39931000
"4485","Opel","PSA","Zafira","Untere Mittelklasse (z.B. Golf)","Van","gasoline",2014,1403,25.205,7.2,8.8,4,1.518,8.045067,40224000
"4486","Opel","PSA","Zafira","Untere Mittelklasse (z.B. Golf)","Van","gasoline",2015,431,25.945,6.35,8.8,4,1.628,8.790744,40775000
"4487","Opel","PSA","Zafira","Untere Mittelklasse (z.B. Golf)","Van","gasoline",2016,1158,25.945,6.35,8.8,4,1.628,8.790744,40959000
"4488","Opel","PSA","Zafira","Untere Mittelklasse (z.B. Golf)","Van","gasoline",2017,780,25.945,6.35,8.8,4,1.628,8.790744,41303000
"4489","Peugeot","PSA","107","Kleinstwagen  (z.B. Twingo)","Schrägheck","gasoline",2012,4454,11.08,4.5,5,3,0.9,5.5909,39708000
"4490","Peugeot","PSA","107","Kleinstwagen  (z.B. Twingo)","Schrägheck","gasoline",2013,2135,11.08,4.5,5,3,0.9,5.5909,39931000
"4491","Peugeot","PSA","107","Kleinstwagen  (z.B. Twingo)","Schrägheck","gasoline",2014,857,11.35,4.3,5,3,0.905,5.5909,40224000
"4492","Peugeot","PSA","108","Kleinstwagen  (z.B. Twingo)","Schrägheck","gasoline",2014,1673,8.89,4.1,5.1,3,0.915,5.612125,40224000
"4493","Peugeot","PSA","108","Kleinstwagen  (z.B. Twingo)","Schrägheck","gasoline",2015,3036,8.89,4.1,5.1,3,0.915,5.612125,40775000
"4494","Peugeot","PSA","108","Kleinstwagen  (z.B. Twingo)","Schrägheck","gasoline",2016,1845,8.89,4.1,5.1,3,0.915,5.612125,40959000
"4495","Peugeot","PSA","108","Kleinstwagen  (z.B. Twingo)","Schrägheck","gasoline",2017,1516,9.44,4.1,5.1,3,0.915,5.612125,41303000
"4496","Peugeot","PSA","108","Kleinstwagen  (z.B. Twingo)","Schrägheck","gasoline",2014,623,11.825,4.3,6,3,0.915,5.612125,40224000
"4497","Peugeot","PSA","108","Kleinstwagen  (z.B. Twingo)","Schrägheck","gasoline",2015,1766,12.05,4.3,6,3,0.915,5.612125,40775000
"4498","Peugeot","PSA","108","Kleinstwagen  (z.B. Twingo)","Schrägheck","gasoline",2016,1120,12.05,4.3,6,3,0.915,5.612125,40959000
"4499","Peugeot","PSA","108","Kleinstwagen  (z.B. Twingo)","Schrägheck","gasoline",2017,860,12.425,4.3,6,3,0.915,5.612125,41303000
"4500","Peugeot","PSA","2008","Kleinwagen (z.B. Polo)","SUV","diesel",2013,1802,20.85,4,6.8,4,1.31,7.232501,39931000
"4501","Peugeot","PSA","2008","Kleinwagen (z.B. Polo)","SUV","diesel",2014,2145,20.85,4,6.8,4,1.31,7.232501,40224000
"4502","Peugeot","PSA","2008","Kleinwagen (z.B. Polo)","SUV","diesel",2015,918,20.85,4,6.8,4,1.31,7.232501,40775000
"4503","Peugeot","PSA","2008","Kleinwagen (z.B. Polo)","SUV","diesel",2015,648,21.3,3.5,7.3,4,1.33,7.232501,40775000
"4504","Peugeot","PSA","2008","Kleinwagen (z.B. Polo)","SUV","diesel",2016,1127,21.35,3.5,7.3,4,1.33,7.232501,40959000
"4505","Peugeot","PSA","2008","Kleinwagen (z.B. Polo)","SUV","diesel",2017,466,21.35,3.5,7.3,4,1.33,7.232501,41303000
"4506","Peugeot","PSA","2008","Kleinwagen (z.B. Polo)","SUV","diesel",2013,1257,22.4,4,8.4,4,1.335,7.232501,39931000
"4507","Peugeot","PSA","2008","Kleinwagen (z.B. Polo)","SUV","diesel",2014,2349,22.4,4,8.4,4,1.335,7.232501,40224000
"4508","Peugeot","PSA","2008","Kleinwagen (z.B. Polo)","SUV","diesel",2015,547,22.4,4,8.4,4,1.335,7.232501,40775000
"4509","Peugeot","PSA","2008","Kleinwagen (z.B. Polo)","SUV","diesel",2015,2120,23.05,3.7,8.8,4,1.32,7.232501,40775000
"4510","Peugeot","PSA","2008","Kleinwagen (z.B. Polo)","SUV","diesel",2016,2716,23.8,3.7,8.8,4,1.275,7.232501,40959000
"4511","Peugeot","PSA","2008","Kleinwagen (z.B. Polo)","SUV","diesel",2017,2102,23.8,3.7,8.8,4,1.275,7.232501,41303000
"4512","Peugeot","PSA","2008","Kleinwagen (z.B. Polo)","SUV","gasoline",2013,1686,17.675,4.9,6,3,1.215,7.232501,39931000
"4513","Peugeot","PSA","2008","Kleinwagen (z.B. Polo)","SUV","gasoline",2014,2061,17.675,4.9,6,3,1.215,7.232501,40224000
"4514","Peugeot","PSA","2008","Kleinwagen (z.B. Polo)","SUV","gasoline",2015,2200,17.8,4.9,6,3,1.215,7.232501,40775000
"4515","Peugeot","PSA","2008","Kleinwagen (z.B. Polo)","SUV","gasoline",2016,2105,17.8,4.9,6,3,1.21,7.232501,40959000
"4516","Peugeot","PSA","2008","Kleinwagen (z.B. Polo)","SUV","gasoline",2017,1600,17.8,4.9,6,3,1.21,7.232501,41303000
"4517","Peugeot","PSA","2008","Kleinwagen (z.B. Polo)","SUV","gasoline",2015,2346,19.95,4.4,8.1,3,1.275,7.232501,40775000
"4518","Peugeot","PSA","2008","Kleinwagen (z.B. Polo)","SUV","gasoline",2016,7059,20.5,4.4,8.1,3,1.225,7.232501,40959000
"4519","Peugeot","PSA","2008","Kleinwagen (z.B. Polo)","SUV","gasoline",2017,6385,20.5,4.8,8.1,3,1.265,7.232501,41303000
"4520","Peugeot","PSA","2008","Kleinwagen (z.B. Polo)","SUV","gasoline",2013,1987,19.6,5.9,8.8,4,1.27,7.232501,39931000
"4521","Peugeot","PSA","2008","Kleinwagen (z.B. Polo)","SUV","gasoline",2014,4187,19.6,5.9,8.8,4,1.27,7.232501,40224000
"4522","Peugeot","PSA","2008","Kleinwagen (z.B. Polo)","SUV","gasoline",2015,1357,19.6,5.9,8.8,4,1.27,7.232501,40775000
"4523","Peugeot","PSA","2008","Kleinwagen (z.B. Polo)","SUV","gasoline",2015,500,21.825,4.8,9.6,3,1.265,7.232501,40775000
"4524","Peugeot","PSA","2008","Kleinwagen (z.B. Polo)","SUV","gasoline",2016,1446,22.26,4.8,9.6,3,1.235,7.232501,40959000
"4525","Peugeot","PSA","2008","Kleinwagen (z.B. Polo)","SUV","gasoline",2017,2586,22.26,4.95,9.6,3,1.2325,7.232501,41303000
"4526","Peugeot","PSA","206+","Kleinwagen (z.B. Polo)","Schrägheck","diesel",2012,607,12.6,4,5,4,1.089,6.462368,39708000
"4527","Peugeot","PSA","206+","Kleinwagen (z.B. Polo)","Schrägheck","gasoline",2012,1691,10.54,5.8,4.4,4,1.038,6.462368,39708000
"4528","Peugeot","PSA","206+","Kleinwagen (z.B. Polo)","Schrägheck","gasoline",2013,240,10.54,5.8,4.4,4,1.038,6.462368,39931000
"4529","Peugeot","PSA","206+","Kleinwagen (z.B. Polo)","Schrägheck","gasoline",2012,3267,11.6,6,5.4,4,1.058,6.462368,39708000
"4530","Peugeot","PSA","206+","Kleinwagen (z.B. Polo)","Schrägheck","gasoline",2013,145,11.6,6,5.4,4,1.058,6.462368,39931000
"4531","Peugeot","PSA","207","Kleinwagen (z.B. Polo)","Schrägheck","diesel",2012,1182,16.9,4.2,6.8,4,1.277,7.04444,39708000
"4532","Peugeot","PSA","207","Kleinwagen (z.B. Polo)","Kombi","diesel",2013,109,18.65,4.4,6.8,4,1.322,7.264688,39931000
"4533","Peugeot","PSA","207","Kleinwagen (z.B. Polo)","Schrägheck","diesel",2012,850,26.725,4.9,8.2,4,1.475,7.06475,39708000
"4534","Peugeot","PSA","207","Kleinwagen (z.B. Polo)","Kombi","diesel",2013,417,26.725,4.9,8.2,4,1.475,7.06475,39931000
"4535","Peugeot","PSA","207","Kleinwagen (z.B. Polo)","Cabrio","diesel",2014,274,26.725,4.9,8.2,4,1.475,7.06475,40224000
"4536","Peugeot","PSA","207","Kleinwagen (z.B. Polo)","Cabrio","gasoline",2012,666,25.55,7.4,11.5,4,1.484,7.06475,39708000
"4537","Peugeot","PSA","207","Kleinwagen (z.B. Polo)","Cabrio","gasoline",2013,266,25.55,7.4,11.5,4,1.484,7.06475,39931000
"4538","Peugeot","PSA","207","Kleinwagen (z.B. Polo)","Schrägheck","gasoline",2012,952,13.75,6.3,5.4,4,1.214,7.04444,39708000
"4539","Peugeot","PSA","207","Kleinwagen (z.B. Polo)","Schrägheck","gasoline",2012,3267,15.325,5.9,7,4,1.234,7.04444,39708000
"4540","Peugeot","PSA","207","Kleinwagen (z.B. Polo)","Kombi","gasoline",2013,480,17.025,5.9,7,4,1.276,7.264688,39931000
"4541","Peugeot","PSA","207","Kleinwagen (z.B. Polo)","Schrägheck","gasoline",2012,4514,24.1,6.5,8.8,4,1.417,7.06475,39708000
"4542","Peugeot","PSA","207","Kleinwagen (z.B. Polo)","Kombi","gasoline",2013,3204,24.1,6.5,8.8,4,1.417,7.06475,39931000
"4543","Peugeot","PSA","207","Kleinwagen (z.B. Polo)","Cabrio","gasoline",2014,2058,24.1,6.5,8.8,4,1.417,7.06475,40224000
"4544","Peugeot","PSA","207","Kleinwagen (z.B. Polo)","Cabrio","gasoline",2015,828,24.1,6.5,8.8,4,1.417,7.06475,40775000
"4545","Peugeot","PSA","208","Kleinwagen (z.B. Polo)","Schrägheck","diesel",2012,717,15.25,3.8,5,4,1.221,6.889918,39708000
"4546","Peugeot","PSA","208","Kleinwagen (z.B. Polo)","Schrägheck","diesel",2013,559,15.25,3.8,5,4,1.221,6.889918,39931000
"4547","Peugeot","PSA","208","Kleinwagen (z.B. Polo)","Schrägheck","diesel",2014,336,15.25,3.8,5,4,1.221,6.889918,40224000
"4548","Peugeot","PSA","208","Kleinwagen (z.B. Polo)","Schrägheck","diesel",2015,105,15.25,3.8,5,4,1.221,6.889918,40775000
"4549","Peugeot","PSA","208","Kleinwagen (z.B. Polo)","Schrägheck","diesel",2012,1615,18.875,3.6,6.8,4,1.255,6.889918,39708000
"4550","Peugeot","PSA","208","Kleinwagen (z.B. Polo)","Schrägheck","diesel",2013,1873,18.875,3.6,6.8,4,1.255,6.889918,39931000
"4551","Peugeot","PSA","208","Kleinwagen (z.B. Polo)","Schrägheck","diesel",2014,1509,18.875,3.6,6.8,4,1.255,6.889918,40224000
"4552","Peugeot","PSA","208","Kleinwagen (z.B. Polo)","Schrägheck","diesel",2015,331,18.875,3.6,6.8,4,1.255,6.889918,40775000
"4553","Peugeot","PSA","208","Kleinwagen (z.B. Polo)","Schrägheck","diesel",2015,961,19.05,3,7.3,4,1.165,6.909047,40775000
"4554","Peugeot","PSA","208","Kleinwagen (z.B. Polo)","Schrägheck","diesel",2016,1185,19.05,3,7.3,4,1.165,6.909047,40959000
"4555","Peugeot","PSA","208","Kleinwagen (z.B. Polo)","Schrägheck","diesel",2017,674,19.05,3,7.3,4,1.165,6.909047,41303000
"4556","Peugeot","PSA","208","Kleinwagen (z.B. Polo)","Schrägheck","diesel",2012,604,20.5,3.8,8.4,4,1.268,6.889918,39708000
"4557","Peugeot","PSA","208","Kleinwagen (z.B. Polo)","Schrägheck","diesel",2013,716,20.5,3.8,8.4,4,1.268,6.889918,39931000
"4558","Peugeot","PSA","208","Kleinwagen (z.B. Polo)","Schrägheck","diesel",2014,426,20.5,3.8,8.4,4,1.268,6.889918,40224000
"4559","Peugeot","PSA","208","Kleinwagen (z.B. Polo)","Schrägheck","diesel",2015,555,21.3,3.6,8.8,4,1.285,6.889918,40775000
"4560","Peugeot","PSA","208","Kleinwagen (z.B. Polo)","Schrägheck","diesel",2016,336,21.3,3.6,8.8,4,1.285,6.889918,40959000
"4561","Peugeot","PSA","208","Kleinwagen (z.B. Polo)","Schrägheck","diesel",2017,217,20.925,3.6,8.8,4,1.195,6.909047,41303000
"4562","Peugeot","PSA","208","Kleinwagen (z.B. Polo)","Schrägheck","gasoline",2012,111,20.85,5.8,11.5,4,1.24,6.889918,39708000
"4563","Peugeot","PSA","208","Kleinwagen (z.B. Polo)","Schrägheck","gasoline",2013,206,20.85,5.8,11.5,4,1.24,6.889918,39931000
"4564","Peugeot","PSA","208","Kleinwagen (z.B. Polo)","Schrägheck","gasoline",2013,789,23.3,5.9,14.7,4,1.265,6.889918,39931000
"4565","Peugeot","PSA","208","Kleinwagen (z.B. Polo)","Schrägheck","gasoline",2014,650,23.3,5.9,14.7,4,1.265,6.889918,40224000
"4566","Peugeot","PSA","208","Kleinwagen (z.B. Polo)","Schrägheck","gasoline",2015,229,23.3,5.9,14.7,4,1.265,6.889918,40775000
"4567","Peugeot","PSA","208","Kleinwagen (z.B. Polo)","Schrägheck","gasoline",2015,195,27.59,5.4,15.3,4,1.235,6.895135,40775000
"4568","Peugeot","PSA","208","Kleinwagen (z.B. Polo)","Schrägheck","gasoline",2016,401,27.59,5.4,15.3,4,1.235,6.895135,40959000
"4569","Peugeot","PSA","208","Kleinwagen (z.B. Polo)","Schrägheck","gasoline",2017,268,26.085,5.4,15.3,4,1.235,6.895135,41303000
"4570","Peugeot","PSA","208","Kleinwagen (z.B. Polo)","Schrägheck","gasoline",2012,249,13.25,4.3,5,3,1.115,6.889918,39708000
"4571","Peugeot","PSA","208","Kleinwagen (z.B. Polo)","Schrägheck","gasoline",2013,2822,13.25,4.3,5,3,1.115,6.889918,39931000
"4572","Peugeot","PSA","208","Kleinwagen (z.B. Polo)","Schrägheck","gasoline",2014,3121,13.4,4.3,5,3,1.115,6.889918,40224000
"4573","Peugeot","PSA","208","Kleinwagen (z.B. Polo)","Schrägheck","gasoline",2015,2224,13.4,4.3,5,3,1.115,6.889918,40775000
"4574","Peugeot","PSA","208","Kleinwagen (z.B. Polo)","Schrägheck","gasoline",2016,2226,13.4,4.3,5,3,1.115,6.889918,40959000
"4575","Peugeot","PSA","208","Kleinwagen (z.B. Polo)","Schrägheck","gasoline",2017,1253,13.25,4.7,5,3,1.035,6.909047,41303000
"4576","Peugeot","PSA","208","Kleinwagen (z.B. Polo)","Schrägheck","gasoline",2012,2185,16.075,4.5,6,3,1.155,6.889918,39708000
"4577","Peugeot","PSA","208","Kleinwagen (z.B. Polo)","Schrägheck","gasoline",2013,6607,16.075,4.5,6,3,1.155,6.889918,39931000
"4578","Peugeot","PSA","208","Kleinwagen (z.B. Polo)","Schrägheck","gasoline",2014,5848,16.025,4.5,6,3,1.153,6.889918,40224000
"4579","Peugeot","PSA","208","Kleinwagen (z.B. Polo)","Schrägheck","gasoline",2015,6485,16.025,4.5,6,3,1.153,6.889918,40775000
"4580","Peugeot","PSA","208","Kleinwagen (z.B. Polo)","Schrägheck","gasoline",2016,7431,16.15,4.5,6,3,1.153,6.889918,40959000
"4581","Peugeot","PSA","208","Kleinwagen (z.B. Polo)","Schrägheck","gasoline",2017,16518,16.15,4.5,6,3,1.0425,6.909047,41303000
"4582","Peugeot","PSA","208","Kleinwagen (z.B. Polo)","Schrägheck","gasoline",2017,436,16.8,4.8,6.1,3,1.05,6.909047,41303000
"4583","Peugeot","PSA","208","Kleinwagen (z.B. Polo)","Schrägheck","gasoline",2012,5239,15.975,5.6,7,4,1.197,6.889918,39708000
"4584","Peugeot","PSA","208","Kleinwagen (z.B. Polo)","Schrägheck","gasoline",2013,664,15.975,5.6,7,4,1.197,6.889918,39931000
"4585","Peugeot","PSA","208","Kleinwagen (z.B. Polo)","Schrägheck","gasoline",2015,1216,18.35,4.3,8.1,3,1.135,6.909047,40775000
"4586","Peugeot","PSA","208","Kleinwagen (z.B. Polo)","Schrägheck","gasoline",2016,1799,18.35,4.3,8.1,3,1.135,6.909047,40959000
"4587","Peugeot","PSA","208","Kleinwagen (z.B. Polo)","Schrägheck","gasoline",2017,1250,18.35,4.3,8.1,3,1.135,6.909047,41303000
"4588","Peugeot","PSA","208","Kleinwagen (z.B. Polo)","Schrägheck","gasoline",2012,1124,19.25,5.6,8.8,4,1.2025,6.889918,39708000
"4589","Peugeot","PSA","208","Kleinwagen (z.B. Polo)","Schrägheck","gasoline",2013,2016,19.25,5.6,8.8,4,1.2025,6.889918,39931000
"4590","Peugeot","PSA","208","Kleinwagen (z.B. Polo)","Schrägheck","gasoline",2014,960,19.25,5.6,8.8,4,1.2025,6.889918,40224000
"4591","Peugeot","PSA","208","Kleinwagen (z.B. Polo)","Schrägheck","gasoline",2015,229,19.25,5.6,8.8,4,1.2025,6.889918,40775000
"4592","Peugeot","PSA","3008","Untere Mittelklasse (z.B. Golf)","SUV","diesel",2012,1598,30.8855,5.3,11,4,1.669,8.018505,39708000
"4593","Peugeot","PSA","3008","Untere Mittelklasse (z.B. Golf)","SUV","diesel",2013,876,30.8855,5.3,11,4,1.669,8.018505,39931000
"4594","Peugeot","PSA","3008","Untere Mittelklasse (z.B. Golf)","SUV","diesel",2014,827,30.8855,5.3,11,4,1.669,8.018505,40224000
"4595","Peugeot","PSA","3008","Untere Mittelklasse (z.B. Golf)","SUV","diesel",2015,164,31.221,5.3,11,4,1.669,8.018505,40775000
"4596","Peugeot","PSA","3008","Untere Mittelklasse (z.B. Golf)","SUV","diesel",2016,760,31.85,4.4,11,4,1.5,8.186927,40959000
"4597","Peugeot","PSA","3008","Untere Mittelklasse (z.B. Golf)","SUV","diesel",2017,1572,31.85,4.4,11,4,1.5,8.186927,41303000
"4598","Peugeot","PSA","3008","Untere Mittelklasse (z.B. Golf)","SUV","diesel",2012,342,32.671,6.1,12,4,1.701,8.018505,39708000
"4599","Peugeot","PSA","3008","Untere Mittelklasse (z.B. Golf)","SUV","diesel",2013,220,32.671,6.1,12,4,1.701,8.018505,39931000
"4600","Peugeot","PSA","3008","Untere Mittelklasse (z.B. Golf)","SUV","diesel",2014,299,32.671,6.1,12,4,1.701,8.018505,40224000
"4601","Peugeot","PSA","3008","Untere Mittelklasse (z.B. Golf)","SUV","diesel",2015,194,33.021,6.1,12,4,1.701,8.018505,40775000
"4602","Peugeot","PSA","3008","Untere Mittelklasse (z.B. Golf)","SUV","diesel",2016,291,40.05,4.8,13.3,4,1.54,8.186927,40959000
"4603","Peugeot","PSA","3008","Untere Mittelklasse (z.B. Golf)","SUV","diesel",2017,1601,40.05,4.8,13.3,4,1.54,8.186927,41303000
"4604","Peugeot","PSA","3008","Untere Mittelklasse (z.B. Golf)","SUV","diesel",2012,1497,27.95,5,8.2,4,1.59,8.018505,39708000
"4605","Peugeot","PSA","3008","Untere Mittelklasse (z.B. Golf)","SUV","diesel",2013,751,29.371,4.8,8.4,4,1.59,8.018505,39931000
"4606","Peugeot","PSA","3008","Untere Mittelklasse (z.B. Golf)","SUV","diesel",2014,783,29.371,4.8,8.4,4,1.59,8.018505,40224000
"4607","Peugeot","PSA","3008","Untere Mittelklasse (z.B. Golf)","SUV","diesel",2017,1666,31.05,4,8.8,4,1.375,8.186927,41303000
"4608","Peugeot","PSA","3008","Untere Mittelklasse (z.B. Golf)","SUV","gasoline",2012,510,28.8,7.3,11.5,4,1.592,8.018505,39708000
"4609","Peugeot","PSA","3008","Untere Mittelklasse (z.B. Golf)","SUV","gasoline",2013,250,28.8,7.3,11.5,4,1.592,8.018505,39931000
"4610","Peugeot","PSA","3008","Untere Mittelklasse (z.B. Golf)","SUV","gasoline",2014,268,28.8,7.3,11.5,4,1.592,8.018505,40224000
"4611","Peugeot","PSA","3008","Untere Mittelklasse (z.B. Golf)","SUV","gasoline",2016,142,33.225,5.9,12.1,4,1.375,8.186927,40959000
"4612","Peugeot","PSA","3008","Untere Mittelklasse (z.B. Golf)","SUV","gasoline",2017,1956,33.225,5.9,12.1,4,1.375,8.186927,41303000
"4613","Peugeot","PSA","3008","Untere Mittelklasse (z.B. Golf)","SUV","gasoline",2012,714,24.925,6.7,8.8,4,1.539,8.018505,39708000
"4614","Peugeot","PSA","3008","Untere Mittelklasse (z.B. Golf)","SUV","gasoline",2013,126,24.925,6.7,8.8,4,1.539,8.018505,39931000
"4615","Peugeot","PSA","3008","Untere Mittelklasse (z.B. Golf)","SUV","gasoline",2016,304,23.65,5.1,9.6,3,1.325,8.186927,40959000
"4616","Peugeot","PSA","3008","Untere Mittelklasse (z.B. Golf)","SUV","gasoline",2017,2542,24.525,5.15,9.6,3,1.36,8.186927,41303000
"4617","Peugeot","PSA","308","Untere Mittelklasse (z.B. Golf)","Schrägheck","diesel",2012,1312,25.125,5.1,11,4,1.66,8.1675,39708000
"4618","Peugeot","PSA","308","Untere Mittelklasse (z.B. Golf)","Schrägheck","diesel",2013,918,25.125,5.1,11,4,1.66,8.1675,39931000
"4619","Peugeot","PSA","308","Untere Mittelklasse (z.B. Golf)","Schrägheck","diesel",2014,1674,28.55,3.9,11,4,1.39,8.27134,40224000
"4620","Peugeot","PSA","308","Untere Mittelklasse (z.B. Golf)","Schrägheck","diesel",2015,1873,28.55,3.9,11,4,1.39,8.27134,40775000
"4621","Peugeot","PSA","308","Untere Mittelklasse (z.B. Golf)","Schrägheck","diesel",2016,2350,28.85,3.9,11,4,1.39,8.27134,40959000
"4622","Peugeot","PSA","308","Untere Mittelklasse (z.B. Golf)","Schrägheck","diesel",2017,2233,28.85,3.9,11,4,1.39,8.27134,41303000
"4623","Peugeot","PSA","308","Untere Mittelklasse (z.B. Golf)","Schrägheck","diesel",2012,1183,34.45,6.05,12,4,1.718,7.9948,39708000
"4624","Peugeot","PSA","308","Untere Mittelklasse (z.B. Golf)","Schrägheck","diesel",2013,823,34.6,5.5,12,4,1.69,7.9948,39931000
"4625","Peugeot","PSA","308","Untere Mittelklasse (z.B. Golf)","Cabrio","diesel",2014,413,34.6,5.5,12,4,1.69,7.9948,40224000
"4626","Peugeot","PSA","308","Untere Mittelklasse (z.B. Golf)","Cabrio","diesel",2015,234,34.6,5.5,12,4,1.69,7.9948,40775000
"4627","Peugeot","PSA","308","Untere Mittelklasse (z.B. Golf)","Kombi","diesel",2017,121,35.15,4.6,13,4,1.5,8.27134,41303000
"4628","Peugeot","PSA","308","Untere Mittelklasse (z.B. Golf)","Schrägheck","diesel",2015,822,33.625,4.15,13.3,4,1.5475,8.27134,40775000
"4629","Peugeot","PSA","308","Untere Mittelklasse (z.B. Golf)","Schrägheck","diesel",2016,1482,33.625,4.15,13.3,4,1.5475,8.27134,40959000
"4630","Peugeot","PSA","308","Untere Mittelklasse (z.B. Golf)","Schrägheck","diesel",2017,786,33.625,4.15,13.3,4,1.5475,8.27134,41303000
"4631","Peugeot","PSA","308","Untere Mittelklasse (z.B. Golf)","Schrägheck","diesel",2013,123,20.125,4.15,6.8,4,1.41,7.76094,39931000
"4632","Peugeot","PSA","308","Untere Mittelklasse (z.B. Golf)","Schrägheck","diesel",2014,274,21.05,3.6,6.8,4,1.34,7.672412,40224000
"4633","Peugeot","PSA","308","Untere Mittelklasse (z.B. Golf)","Schrägheck","diesel",2015,190,23.141,3.6,7.3,4,1.275,8.27134,40775000
"4634","Peugeot","PSA","308","Untere Mittelklasse (z.B. Golf)","Schrägheck","diesel",2016,168,22.4205,3.6,7.3,4,1.275,8.27134,40959000
"4635","Peugeot","PSA","308","Untere Mittelklasse (z.B. Golf)","Schrägheck","diesel",2012,5405,23.65,4.4,8.2,4,1.485,8.1675,39708000
"4636","Peugeot","PSA","308","Untere Mittelklasse (z.B. Golf)","Schrägheck","diesel",2013,1539,23.5175,4.35,8.2,4,1.485,8.1675,39931000
"4637","Peugeot","PSA","308","Untere Mittelklasse (z.B. Golf)","Schrägheck","diesel",2013,1542,24.25,4.2,8.4,4,1.485,8.1675,39931000
"4638","Peugeot","PSA","308","Untere Mittelklasse (z.B. Golf)","Schrägheck","diesel",2014,666,24.25,4.2,8.4,4,1.485,8.1675,40224000
"4639","Peugeot","PSA","308","Untere Mittelklasse (z.B. Golf)","Schrägheck","diesel",2013,1161,23.25,3.7,8.5,4,1.395,7.672412,39931000
"4640","Peugeot","PSA","308","Untere Mittelklasse (z.B. Golf)","Schrägheck","diesel",2014,3119,23.25,3.7,8.5,4,1.395,7.672412,40224000
"4641","Peugeot","PSA","308","Untere Mittelklasse (z.B. Golf)","Schrägheck","diesel",2015,500,24.15,3.7,8.5,4,1.455,8.27134,40775000
"4642","Peugeot","PSA","308","Untere Mittelklasse (z.B. Golf)","Schrägheck","diesel",2014,741,25.75,3.2,8.8,4,1.37,8.27134,40224000
"4643","Peugeot","PSA","308","Untere Mittelklasse (z.B. Golf)","Schrägheck","diesel",2015,5006,25.75,3.2,8.8,4,1.37,8.27134,40775000
"4644","Peugeot","PSA","308","Untere Mittelklasse (z.B. Golf)","Schrägheck","diesel",2016,5568,26.45,3.7,8.8,4,1.37,8.27134,40959000
"4645","Peugeot","PSA","308","Untere Mittelklasse (z.B. Golf)","Schrägheck","diesel",2017,4041,26.45,3.7,8.8,4,1.37,8.27134,41303000
"4646","Peugeot","PSA","308","Untere Mittelklasse (z.B. Golf)","Schrägheck","gasoline",2012,1623,32.325,7.4,11.5,4,1.636,7.9948,39708000
"4647","Peugeot","PSA","308","Untere Mittelklasse (z.B. Golf)","Schrägheck","gasoline",2013,1188,33.3,7.25,11.5,4,1.6485,7.9948,39931000
"4648","Peugeot","PSA","308","Untere Mittelklasse (z.B. Golf)","Schrägheck","gasoline",2014,972,33.3,7.25,11.5,4,1.6485,7.9948,40224000
"4649","Peugeot","PSA","308","Untere Mittelklasse (z.B. Golf)","Schrägheck","gasoline",2015,403,33.3,7.25,11.5,4,1.6485,7.9948,40775000
"4650","Peugeot","PSA","308","Untere Mittelklasse (z.B. Golf)","Schrägheck","gasoline",2012,149,34.925,7,14.7,4,1.655,7.9948,39708000
"4651","Peugeot","PSA","308","Untere Mittelklasse (z.B. Golf)","Schrägheck","gasoline",2015,259,30.275,5.6,15.1,4,1.33,7.672412,40775000
"4652","Peugeot","PSA","308","Untere Mittelklasse (z.B. Golf)","Schrägheck","gasoline",2016,278,30.6,5.6,15.1,4,1.275,7.672412,40959000
"4653","Peugeot","PSA","308","Untere Mittelklasse (z.B. Golf)","Schrägheck","gasoline",2017,284,30.6,5.6,15.1,4,1.275,7.672412,41303000
"4654","Peugeot","PSA","308","Untere Mittelklasse (z.B. Golf)","Schrägheck","gasoline",2015,130,35.35,6,20,4,1.395,7.672412,40775000
"4655","Peugeot","PSA","308","Untere Mittelklasse (z.B. Golf)","Schrägheck","gasoline",2016,485,35.45,6,20,4,1.3375,7.672412,40959000
"4656","Peugeot","PSA","308","Untere Mittelklasse (z.B. Golf)","Schrägheck","gasoline",2017,367,35.45,6,20,4,1.3375,7.672412,41303000
"4657","Peugeot","PSA","308","Untere Mittelklasse (z.B. Golf)","Schrägheck","gasoline",2013,168,17.2,5,6,3,1.28,7.672412,39931000
"4658","Peugeot","PSA","308","Untere Mittelklasse (z.B. Golf)","Schrägheck","gasoline",2014,546,17.2,5,6,3,1.28,7.672412,40224000
"4659","Peugeot","PSA","308","Untere Mittelklasse (z.B. Golf)","Schrägheck","gasoline",2012,179,16.75,6.3,7.2,4,1.371,7.76094,39708000
"4660","Peugeot","PSA","308","Untere Mittelklasse (z.B. Golf)","Schrägheck","gasoline",2014,159,22.3,4.45,8.1,3,1.265,8.27134,40224000
"4661","Peugeot","PSA","308","Untere Mittelklasse (z.B. Golf)","Schrägheck","gasoline",2015,688,22.3,4.45,8.1,3,1.265,8.27134,40775000
"4662","Peugeot","PSA","308","Untere Mittelklasse (z.B. Golf)","Schrägheck","gasoline",2016,756,21.9,4.7,8.1,3,1.265,8.27134,40959000
"4663","Peugeot","PSA","308","Untere Mittelklasse (z.B. Golf)","Schrägheck","gasoline",2017,443,21.1,4.6,8.1,3,1.155,7.672412,41303000
"4664","Peugeot","PSA","308","Untere Mittelklasse (z.B. Golf)","Schrägheck","gasoline",2012,2280,22.175,6.7,8.8,4,1.541,8.1675,39708000
"4665","Peugeot","PSA","308","Untere Mittelklasse (z.B. Golf)","Schrägheck","gasoline",2013,800,20.7,6.4,8.8,4,1.439,7.76094,39931000
"4666","Peugeot","PSA","308","Untere Mittelklasse (z.B. Golf)","Schrägheck","gasoline",2014,129,27.375,6.8,8.8,4,1.587,7.9948,40224000
"4667","Peugeot","PSA","308","Untere Mittelklasse (z.B. Golf)","Schrägheck","gasoline",2013,494,21.35,5.6,9.2,4,1.375,7.672412,39931000
"4668","Peugeot","PSA","308","Untere Mittelklasse (z.B. Golf)","Schrägheck","gasoline",2014,1383,21.35,5.6,9.2,4,1.375,7.672412,40224000
"4669","Peugeot","PSA","308","Untere Mittelklasse (z.B. Golf)","Schrägheck","gasoline",2014,1524,24.775,4.75,9.6,3,1.265,8.27134,40224000
"4670","Peugeot","PSA","308","Untere Mittelklasse (z.B. Golf)","Schrägheck","gasoline",2015,3397,24.775,4.75,9.6,3,1.265,8.27134,40775000
"4671","Peugeot","PSA","308","Untere Mittelklasse (z.B. Golf)","Schrägheck","gasoline",2016,3307,25,4.8,9.6,3,1.275,8.27134,40959000
"4672","Peugeot","PSA","308","Untere Mittelklasse (z.B. Golf)","Schrägheck","gasoline",2017,3308,25.1,4.9,9.6,3,1.275,8.27134,41303000
"4673","Peugeot","PSA","4007","Mittelklasse (z.B. BMW 3er-Reihe)","SUV","diesel",2012,286,32.65,7.2,11.5,4,1.79,8.366175,39708000
"4674","Peugeot","PSA","4007","Mittelklasse (z.B. BMW 3er-Reihe)","SUV","diesel",2013,118,32.65,7.2,11.5,4,1.79,8.366175,39931000
"4675","Peugeot","PSA","4008","Untere Mittelklasse (z.B. Golf)","SUV","diesel",2012,685,34.09,5.6,11,4,1.57,7.812,39708000
"4676","Peugeot","PSA","4008","Untere Mittelklasse (z.B. Golf)","SUV","diesel",2013,457,34.09,5.6,11,4,1.57,7.812,39931000
"4677","Peugeot","PSA","4008","Untere Mittelklasse (z.B. Golf)","SUV","diesel",2014,293,34.09,5.6,11,4,1.57,7.812,40224000
"4678","Peugeot","PSA","4008","Untere Mittelklasse (z.B. Golf)","SUV","diesel",2015,258,34.09,5.6,11,4,1.57,7.812,40775000
"4679","Peugeot","PSA","5008","Untere Mittelklasse (z.B. Golf)","Van","diesel",2012,2396,30.441,5.3,11,4,1.715,8.319773,39708000
"4680","Peugeot","PSA","5008","Untere Mittelklasse (z.B. Golf)","Van","diesel",2013,930,30.441,5.3,11,4,1.715,8.319773,39931000
"4681","Peugeot","PSA","5008","Untere Mittelklasse (z.B. Golf)","Van","diesel",2014,1063,30.441,5.3,11,4,1.715,8.319773,40224000
"4682","Peugeot","PSA","5008","Untere Mittelklasse (z.B. Golf)","Van","diesel",2015,312,31.4205,4.4,11,4,1.715,8.319773,40775000
"4683","Peugeot","PSA","5008","Untere Mittelklasse (z.B. Golf)","Van","diesel",2016,490,31.4205,4.4,11,4,1.715,8.319773,40959000
"4684","Peugeot","PSA","5008","Untere Mittelklasse (z.B. Golf)","Van","diesel",2017,1290,33.6,4.6,11,4,1.565,8.558004,41303000
"4685","Peugeot","PSA","5008","Untere Mittelklasse (z.B. Golf)","Van","diesel",2012,389,32.0705,6.3,12,4,1.782,8.319773,39708000
"4686","Peugeot","PSA","5008","Untere Mittelklasse (z.B. Golf)","Van","diesel",2013,234,32.0705,6.3,12,4,1.782,8.319773,39931000
"4687","Peugeot","PSA","5008","Untere Mittelklasse (z.B. Golf)","Van","diesel",2014,253,32.0705,6.3,12,4,1.782,8.319773,40224000
"4688","Peugeot","PSA","5008","Untere Mittelklasse (z.B. Golf)","Van","diesel",2015,215,33.041,6.3,12,4,1.782,8.319773,40775000
"4689","Peugeot","PSA","5008","Mittelklasse (z.B. BMW 3er-Reihe)","SUV","diesel",2017,586,41.8,4.8,13.3,4,1.605,8.558004,41303000
"4690","Peugeot","PSA","5008","Untere Mittelklasse (z.B. Golf)","Van","diesel",2012,753,26.975,5.2,8.2,4,1.67,8.319773,39708000
"4691","Peugeot","PSA","5008","Untere Mittelklasse (z.B. Golf)","Van","diesel",2013,1078,28.65,4.7,8.4,4,1.67,8.319773,39931000
"4692","Peugeot","PSA","5008","Untere Mittelklasse (z.B. Golf)","Van","diesel",2014,795,28.65,4.7,8.4,4,1.67,8.319773,40224000
"4693","Peugeot","PSA","5008","Untere Mittelklasse (z.B. Golf)","Van","diesel",2015,430,30.6,4.2,8.8,4,1.655,8.319773,40775000
"4694","Peugeot","PSA","5008","Untere Mittelklasse (z.B. Golf)","Van","diesel",2016,625,30.6,4.2,8.8,4,1.655,8.319773,40959000
"4695","Peugeot","PSA","5008","Untere Mittelklasse (z.B. Golf)","Van","diesel",2017,857,32.8,4.2,8.8,4,1.44,8.558004,41303000
"4696","Peugeot","PSA","5008","Untere Mittelklasse (z.B. Golf)","Van","gasoline",2012,410,28.075,7,11.5,4,1.638,8.319773,39708000
"4697","Peugeot","PSA","5008","Untere Mittelklasse (z.B. Golf)","Van","gasoline",2013,174,28.075,7,11.5,4,1.638,8.319773,39931000
"4698","Peugeot","PSA","5008","Untere Mittelklasse (z.B. Golf)","Van","gasoline",2014,128,28.075,7,11.5,4,1.638,8.319773,40224000
"4699","Peugeot","PSA","5008","Mittelklasse (z.B. BMW 3er-Reihe)","SUV","gasoline",2017,709,34.05,5.95,12.1,4,1.44,8.558004,41303000
"4700","Peugeot","PSA","5008","Untere Mittelklasse (z.B. Golf)","Van","gasoline",2013,191,23.55,6.9,8.8,4,1.599,8.319773,39931000
"4701","Peugeot","PSA","5008","Untere Mittelklasse (z.B. Golf)","Van","gasoline",2014,176,23.55,6.9,8.8,4,1.599,8.319773,40224000
"4702","Peugeot","PSA","5008","Untere Mittelklasse (z.B. Golf)","Van","gasoline",2017,692,26.225,5.2,9.6,3,1.433,8.558004,41303000
"4703","Peugeot","PSA","508","Mittelklasse (z.B. BMW 3er-Reihe)","Stufenheck","diesel",2012,2271,31.975,4.8,10.3,4,1.681,8.918489,39708000
"4704","Peugeot","PSA","508","Mittelklasse (z.B. BMW 3er-Reihe)","Stufenheck","diesel",2013,949,31.975,4.8,10.3,4,1.681,8.918489,39931000
"4705","Peugeot","PSA","508","Mittelklasse (z.B. BMW 3er-Reihe)","Stufenheck","diesel",2014,746,31.975,4.8,10.3,4,1.681,8.918489,40224000
"4706","Peugeot","PSA","508","Mittelklasse (z.B. BMW 3er-Reihe)","Stufenheck","diesel",2014,134,34.4,4.2,11,4,1.595,8.827412,40224000
"4707","Peugeot","PSA","508","Mittelklasse (z.B. BMW 3er-Reihe)","Stufenheck","diesel",2016,773,34.275,4.2,11,4,1.595,8.827412,40959000
"4708","Peugeot","PSA","508","Mittelklasse (z.B. BMW 3er-Reihe)","Stufenheck","diesel",2017,520,34.275,4.2,11,4,1.595,8.827412,41303000
"4709","Peugeot","PSA","508","Mittelklasse (z.B. BMW 3er-Reihe)","Stufenheck","diesel",2012,2664,33.454,5.7,12,4,1.71,8.918489,39708000
"4710","Peugeot","PSA","508","Mittelklasse (z.B. BMW 3er-Reihe)","Stufenheck","diesel",2013,1751,33.654,5.5,12,4,1.681,8.918489,39931000
"4711","Peugeot","PSA","508","Mittelklasse (z.B. BMW 3er-Reihe)","Stufenheck","diesel",2014,1140,33.654,5.5,12,4,1.681,8.918489,40224000
"4712","Peugeot","PSA","508","Mittelklasse (z.B. BMW 3er-Reihe)","Stufenheck","diesel",2015,378,33.654,5.5,12,4,1.681,8.918489,40775000
"4713","Peugeot","PSA","508","Mittelklasse (z.B. BMW 3er-Reihe)","Stufenheck","diesel",2014,144,39.65,4.5,13.3,4,1.695,8.827412,40224000
"4714","Peugeot","PSA","508","Mittelklasse (z.B. BMW 3er-Reihe)","Stufenheck","diesel",2015,958,39.65,4.5,13.3,4,1.695,8.827412,40775000
"4715","Peugeot","PSA","508","Mittelklasse (z.B. BMW 3er-Reihe)","Stufenheck","diesel",2016,1313,40.3,4.4,13.3,4,1.695,8.827412,40959000
"4716","Peugeot","PSA","508","Mittelklasse (z.B. BMW 3er-Reihe)","Stufenheck","diesel",2017,1081,40.3,4.4,13.3,4,1.695,8.827412,41303000
"4717","Peugeot","PSA","508","Mittelklasse (z.B. BMW 3er-Reihe)","Stufenheck","diesel",2012,1214,41,5.9,15,4,1.78,8.918489,39708000
"4718","Peugeot","PSA","508","Mittelklasse (z.B. BMW 3er-Reihe)","Stufenheck","diesel",2013,723,42.1,5.7,15,4,1.7575,8.8730505,39931000
"4719","Peugeot","PSA","508","Mittelklasse (z.B. BMW 3er-Reihe)","Stufenheck","diesel",2014,560,42.1,5.7,15,4,1.7575,8.8730505,40224000
"4720","Peugeot","PSA","508","Mittelklasse (z.B. BMW 3er-Reihe)","Stufenheck","diesel",2015,313,42.1,5.7,15,4,1.7575,8.8730505,40775000
"4721","Peugeot","PSA","508","Mittelklasse (z.B. BMW 3er-Reihe)","Stufenheck","diesel",2012,101,28.47,4,8.4,4,1.609,8.918489,39708000
"4722","Peugeot","PSA","508","Mittelklasse (z.B. BMW 3er-Reihe)","Stufenheck","diesel",2013,178,28.99,4,8.4,4,1.609,8.918489,39931000
"4723","Peugeot","PSA","508","Mittelklasse (z.B. BMW 3er-Reihe)","Stufenheck","diesel",2014,119,28.99,4,8.4,4,1.609,8.918489,40224000
"4724","Peugeot","PSA","508","Mittelklasse (z.B. BMW 3er-Reihe)","Stufenheck","diesel",2016,338,32.35,4.2,8.8,4,1.505,8.827412,40959000
"4725","Peugeot","PSA","508","Mittelklasse (z.B. BMW 3er-Reihe)","Kombi","diesel",2017,272,32.35,4.2,8.8,4,1.505,8.827412,41303000
"4726","Peugeot","PSA","508","Mittelklasse (z.B. BMW 3er-Reihe)","Stufenheck","gasoline",2012,620,31.025,6.3,11.5,4,1.596,8.918489,39708000
"4727","Peugeot","PSA","508","Mittelklasse (z.B. BMW 3er-Reihe)","Stufenheck","gasoline",2013,329,31.025,6.3,11.5,4,1.596,8.918489,39931000
"4728","Peugeot","PSA","508","Mittelklasse (z.B. BMW 3er-Reihe)","Stufenheck","gasoline",2014,180,31.025,6.3,11.5,4,1.596,8.918489,40224000
"4729","Peugeot","PSA","508","Mittelklasse (z.B. BMW 3er-Reihe)","Stufenheck","gasoline",2015,181,32,5.8,12.1,4,1.495,8.827412,40775000
"4730","Peugeot","PSA","807","Mittelklasse (z.B. BMW 3er-Reihe)","Van","diesel",2012,177,33.45,6.5,10,4,1.8315,8.763858,39708000
"4731","Peugeot","PSA","807","Mittelklasse (z.B. BMW 3er-Reihe)","Van","diesel",2013,101,33.45,6.5,10,4,1.8315,8.763858,39931000
"4732","Peugeot","PSA","807","Mittelklasse (z.B. BMW 3er-Reihe)","Van","diesel",2012,284,35.7,6.55,12,4,1.9355,8.763858,39708000
"4733","Peugeot","PSA","807","Mittelklasse (z.B. BMW 3er-Reihe)","Van","diesel",2013,175,35.7,6.55,12,4,1.9355,8.763858,39931000
"4734","Peugeot","PSA","Bipper Tepee","Kleinwagen (z.B. Polo)","Hochdach-Kombi","diesel",2012,198,16.3,4.1,5.5,4,1.33,6.793644,39708000
"4735","Peugeot","PSA","Bipper Tepee","Kleinwagen (z.B. Polo)","Hochdach-Kombi","diesel",2013,130,16.3,4.1,5.5,4,1.33,6.793644,39931000
"4736","Peugeot","PSA","Bipper Tepee","Kleinwagen (z.B. Polo)","Hochdach-Kombi","diesel",2014,126,16.3,4.1,5.5,4,1.33,6.793644,40224000
"4737","Peugeot","PSA","Bipper Tepee","Kleinwagen (z.B. Polo)","Hochdach-Kombi","gasoline",2012,128,13.56,6.6,5.4,4,1.24,6.793644,39708000
"4738","Peugeot","PSA","Bipper Tepee","Kleinwagen (z.B. Polo)","Hochdach-Kombi","gasoline",2013,117,13.56,6.6,5.4,4,1.24,6.793644,39931000
"4739","Peugeot","PSA","Expert","Mittelklasse (z.B. BMW 3er-Reihe)","Van","diesel",2012,331,37.8,7,12,4,2.023,9.730825,39708000
"4740","Peugeot","PSA","Expert","Mittelklasse (z.B. BMW 3er-Reihe)","Van","diesel",2013,296,37.8,7,12,4,2.023,9.730825,39931000
"4741","Peugeot","PSA","Expert","Mittelklasse (z.B. BMW 3er-Reihe)","Van","diesel",2014,263,38.69,6.6,12,4,2.023,9.730825,40224000
"4742","Peugeot","PSA","Expert","Mittelklasse (z.B. BMW 3er-Reihe)","Van","diesel",2015,184,38.69,6.6,12,4,2.023,9.730825,40775000
"4743","Peugeot","PSA","Expert","Mittelklasse (z.B. BMW 3er-Reihe)","Van","diesel",2012,399,35.2575,6.8,9.4,4,2.044,9.730825,39708000
"4744","Peugeot","PSA","Expert","Mittelklasse (z.B. BMW 3er-Reihe)","Van","diesel",2013,210,35.2575,6.8,9.4,4,2.044,9.730825,39931000
"4745","Peugeot","PSA","Expert","Mittelklasse (z.B. BMW 3er-Reihe)","Van","diesel",2014,352,35.82,6.6,9.4,4,2.044,9.730825,40224000
"4746","Peugeot","PSA","Expert","Mittelklasse (z.B. BMW 3er-Reihe)","Van","diesel",2015,251,35.82,6.6,9.4,4,2.044,9.730825,40775000
"4747","Peugeot","PSA","Partner","Untere Mittelklasse (z.B. Golf)","Hochdach-Kombi","diesel",2012,588,20.65,4.8,6.8,4,1.604,7.9278,39708000
"4748","Peugeot","PSA","Partner","Untere Mittelklasse (z.B. Golf)","Hochdach-Kombi","diesel",2013,558,20.65,4.8,6.8,4,1.604,7.9278,39931000
"4749","Peugeot","PSA","Partner","Untere Mittelklasse (z.B. Golf)","Hochdach-Kombi","diesel",2014,551,20.975,4.55,6.8,4,1.614,7.9278,40224000
"4750","Peugeot","PSA","Partner","Untere Mittelklasse (z.B. Golf)","Hochdach-Kombi","diesel",2015,212,20.975,4.55,6.8,4,1.614,7.9278,40775000
"4751","Peugeot","PSA","Partner","Untere Mittelklasse (z.B. Golf)","Hochdach-Kombi","diesel",2015,414,22.55,4.1,7.3,4,1.59,7.93504,40775000
"4752","Peugeot","PSA","Partner","Untere Mittelklasse (z.B. Golf)","Hochdach-Kombi","diesel",2016,974,22.55,4.1,7.3,4,1.59,7.93504,40959000
"4753","Peugeot","PSA","Partner","Untere Mittelklasse (z.B. Golf)","Hochdach-Kombi","diesel",2017,1362,22.55,4.1,7.3,4,1.59,7.93504,41303000
"4754","Peugeot","PSA","Partner","Untere Mittelklasse (z.B. Golf)","Hochdach-Kombi","diesel",2012,1011,23.15,5.3,8.2,4,1.624,7.9278,39708000
"4755","Peugeot","PSA","Partner","Untere Mittelklasse (z.B. Golf)","Hochdach-Kombi","diesel",2015,787,23.75,4.4,8.8,4,1.63,7.93504,40775000
"4756","Peugeot","PSA","Partner","Untere Mittelklasse (z.B. Golf)","Hochdach-Kombi","diesel",2016,1186,23.75,4.4,8.8,4,1.63,7.93504,40959000
"4757","Peugeot","PSA","Partner","Untere Mittelklasse (z.B. Golf)","Hochdach-Kombi","diesel",2017,1047,23.75,4.4,8.8,4,1.63,7.93504,41303000
"4758","Peugeot","PSA","Partner","Untere Mittelklasse (z.B. Golf)","Hochdach-Kombi","gasoline",2012,267,17.8,6.9,7.2,4,1.55,7.9278,39708000
"4759","Peugeot","PSA","Partner","Untere Mittelklasse (z.B. Golf)","Hochdach-Kombi","gasoline",2013,335,17.6,6.7,7.2,4,1.55,7.9278,39931000
"4760","Peugeot","PSA","Partner","Untere Mittelklasse (z.B. Golf)","Hochdach-Kombi","gasoline",2014,320,17.6,6.7,7.2,4,1.55,7.9278,40224000
"4761","Peugeot","PSA","Partner","Untere Mittelklasse (z.B. Golf)","Hochdach-Kombi","gasoline",2015,172,17.6,6.7,7.2,4,1.55,7.9278,40775000
"4762","Peugeot","PSA","Partner","Untere Mittelklasse (z.B. Golf)","Hochdach-Kombi","gasoline",2016,251,17.6,6.7,7.2,4,1.55,7.9278,40959000
"4763","Peugeot","PSA","Partner","Untere Mittelklasse (z.B. Golf)","Hochdach-Kombi","gasoline",2017,273,17.6,6.7,7.2,4,1.55,7.9278,41303000
"4764","Peugeot","PSA","Partner","Untere Mittelklasse (z.B. Golf)","Hochdach-Kombi","gasoline",2016,461,21.6,5.1,8.1,3,1.49,7.93504,40959000
"4765","Peugeot","PSA","Partner","Untere Mittelklasse (z.B. Golf)","Hochdach-Kombi","gasoline",2017,1042,21.6,5.1,8.1,3,1.49,7.93504,41303000
"4766","Peugeot","PSA","Partner","Untere Mittelklasse (z.B. Golf)","Hochdach-Kombi","gasoline",2012,914,19.55,7.3,8.8,4,1.581,7.9278,39708000
"4767","Peugeot","PSA","Partner","Untere Mittelklasse (z.B. Golf)","Hochdach-Kombi","gasoline",2013,418,19.55,7.3,8.8,4,1.581,7.9278,39931000
"4768","Peugeot","PSA","Partner","Untere Mittelklasse (z.B. Golf)","Hochdach-Kombi","gasoline",2014,369,19.55,7.3,8.8,4,1.581,7.9278,40224000
"4769","Peugeot","PSA","Partner","Untere Mittelklasse (z.B. Golf)","Hochdach-Kombi","gasoline",2015,380,19.55,7.3,8.8,4,1.581,7.9278,40775000
"4770","Peugeot","PSA","Partner","Untere Mittelklasse (z.B. Golf)","Hochdach-Kombi","gasoline",2016,189,19.55,7.3,8.8,4,1.581,7.9278,40959000
"4771","Peugeot","PSA","RCZ","Mittelklasse (z.B. BMW 3er-Reihe)","Coupe","diesel",2012,521,31.7,5,12,4,1.486,7.909515,39708000
"4772","Peugeot","PSA","RCZ","Mittelklasse (z.B. BMW 3er-Reihe)","Coupe","diesel",2013,348,31.7,5,12,4,1.486,7.909515,39931000
"4773","Peugeot","PSA","RCZ","Mittelklasse (z.B. BMW 3er-Reihe)","Coupe","diesel",2014,274,31.7,5,12,4,1.486,7.909515,40224000
"4774","Peugeot","PSA","RCZ","Mittelklasse (z.B. BMW 3er-Reihe)","Coupe","diesel",2015,151,34.95,5,12,4,1.486,7.909515,40775000
"4775","Peugeot","PSA","RCZ","Mittelklasse (z.B. BMW 3er-Reihe)","Coupe","gasoline",2012,736,29.175,6.4,11.5,4,1.39,7.909515,39708000
"4776","Peugeot","PSA","RCZ","Mittelklasse (z.B. BMW 3er-Reihe)","Coupe","gasoline",2013,336,29.175,6.4,11.5,4,1.39,7.909515,39931000
"4777","Peugeot","PSA","RCZ","Mittelklasse (z.B. BMW 3er-Reihe)","Coupe","gasoline",2014,323,29.175,6.4,11.5,4,1.39,7.909515,40224000
"4778","Peugeot","PSA","RCZ","Mittelklasse (z.B. BMW 3er-Reihe)","Coupe","gasoline",2012,495,33.325,6.7,14.7,4,1.411,7.909515,39708000
"4779","Peugeot","PSA","RCZ","Mittelklasse (z.B. BMW 3er-Reihe)","Coupe","gasoline",2013,508,33.325,6.7,14.7,4,1.411,7.909515,39931000
"4780","Peugeot","PSA","RCZ","Mittelklasse (z.B. BMW 3er-Reihe)","Coupe","gasoline",2014,204,33.325,6.7,14.7,4,1.411,7.909515,40224000
"4781","Peugeot","PSA","RCZ","Mittelklasse (z.B. BMW 3er-Reihe)","Coupe","gasoline",2015,291,34.95,6.7,14.7,4,1.3915,7.909515,40775000
"4782","Peugeot","PSA","RCZ","Mittelklasse (z.B. BMW 3er-Reihe)","Coupe","gasoline",2014,313,42.1,6.3,19.9,4,1.355,7.909515,40224000
"4783","Peugeot","PSA","RCZ","Mittelklasse (z.B. BMW 3er-Reihe)","Coupe","gasoline",2015,231,42.1,6.3,19.9,4,1.355,7.909515,40775000
"4784","Porsche","VW","718 Boxster","Obere Mittelklasse (z.B. E-Klasse)","Roadster","gasoline",2016,656,56.13,7.15,22,4,1.425,7.886579,40959000
"4785","Porsche","VW","718 Boxster","Obere Mittelklasse (z.B. E-Klasse)","Roadster","gasoline",2017,1288,56.13,7.15,22,4,1.425,7.886579,41303000
"4786","Porsche","VW","718 Boxster","Obere Mittelklasse (z.B. E-Klasse)","Roadster","gasoline",2016,581,68.625,7.7,25.7,4,1.445,7.886579,40959000
"4787","Porsche","VW","718 Boxster","Obere Mittelklasse (z.B. E-Klasse)","Roadster","gasoline",2017,852,68.625,7.7,25.7,4,1.445,7.886579,41303000
"4788","Porsche","VW","718 Cayman","Obere Mittelklasse (z.B. E-Klasse)","Coupe","gasoline",2016,101,54.107,7.15,22,4,1.425,7.886579,40959000
"4789","Porsche","VW","718 Cayman","Obere Mittelklasse (z.B. E-Klasse)","Coupe","gasoline",2017,666,54.107,7.15,22,4,1.425,7.886579,41303000
"4790","Porsche","VW","718 Cayman","Obere Mittelklasse (z.B. E-Klasse)","Coupe","gasoline",2016,121,66.602,7.7,25.7,4,1.445,7.886579,40959000
"4791","Porsche","VW","718 Cayman","Obere Mittelklasse (z.B. E-Klasse)","Coupe","gasoline",2017,458,66.602,7.7,25.7,4,1.445,7.886579,41303000
"4792","Porsche","VW","911","Oberklasse (z.B. S-Klasse)","Coupe","gasoline",2012,156,98.5985,10.15,25.4,6,1.59,8.01848,39708000
"4793","Porsche","VW","911","Oberklasse (z.B. S-Klasse)","Coupe","gasoline",2012,1536,93.928,8.6,25.7,6,1.475,8.119728,39708000
"4794","Porsche","VW","911","Oberklasse (z.B. S-Klasse)","Coupe","gasoline",2013,1839,106.0955,8.8,25.7,6,1.545,8.119728,39931000
"4795","Porsche","VW","911","Oberklasse (z.B. S-Klasse)","Coupe","gasoline",2014,1618,93.928,8.6,25.7,6,1.475,8.119728,40224000
"4796","Porsche","VW","911","Oberklasse (z.B. S-Klasse)","Coupe","gasoline",2015,1663,112.8785,9.1,25.7,6,1.595,8.317332,40775000
"4797","Porsche","VW","911","Oberklasse (z.B. S-Klasse)","Coupe","gasoline",2016,151,93.928,8.6,25.7,6,1.475,8.119728,40959000
"4798","Porsche","VW","911","Oberklasse (z.B. S-Klasse)","Coupe","gasoline",2015,109,99.6695,7.85,27.2,6,1.515,8.134192,40775000
"4799","Porsche","VW","911","Oberklasse (z.B. S-Klasse)","Coupe","gasoline",2016,1612,112.7595,8,27.2,6,1.585,8.134192,40959000
"4800","Porsche","VW","911","Oberklasse (z.B. S-Klasse)","Coupe","gasoline",2017,1535,120.1375,8.4,27.2,6,1.635,8.332148,41303000
"4801","Porsche","VW","911","Oberklasse (z.B. S-Klasse)","Coupe","gasoline",2012,314,111.391,10.85,28.3,6,1.6,8.21362,39708000
"4802","Porsche","VW","911","Oberklasse (z.B. S-Klasse)","Coupe","gasoline",2012,2786,119.6615,9.3,29.4,6,1.56,8.119728,39708000
"4803","Porsche","VW","911","Oberklasse (z.B. S-Klasse)","Coupe","gasoline",2013,4011,126.8015,9.6,29.4,6,1.61,8.317332,39931000
"4804","Porsche","VW","911","Oberklasse (z.B. S-Klasse)","Coupe","gasoline",2014,3217,126.8015,9.6,29.4,6,1.61,8.317332,40224000
"4805","Porsche","VW","911","Oberklasse (z.B. S-Klasse)","Coupe","gasoline",2015,1576,126.8015,9.6,29.4,6,1.61,8.317332,40775000
"4806","Porsche","VW","911","Oberklasse (z.B. S-Klasse)","Roadster","gasoline",2012,645,123.9275,10.95,30,6,1.655,8.21362,39708000
"4807","Porsche","VW","911","Oberklasse (z.B. S-Klasse)","Coupe","gasoline",2015,300,113.8305,8.2,30.9,6,1.525,8.134192,40775000
"4808","Porsche","VW","911","Oberklasse (z.B. S-Klasse)","Coupe","gasoline",2016,3409,134.2985,8.5,30.9,6,1.645,8.332148,40959000
"4809","Porsche","VW","911","Oberklasse (z.B. S-Klasse)","Coupe","gasoline",2017,1671,134.2985,8.5,30.9,6,1.645,8.332148,41303000
"4810","Porsche","VW","911","Oberklasse (z.B. S-Klasse)","Coupe","gasoline",2013,318,138.85,10,31.6,6,1.61,8.317332,39931000
"4811","Porsche","VW","911","Oberklasse (z.B. S-Klasse)","Coupe","gasoline",2014,250,138.85,10,31.6,6,1.61,8.317332,40224000
"4812","Porsche","VW","911","Oberklasse (z.B. S-Klasse)","Coupe","gasoline",2015,2731,138.85,10,31.6,6,1.61,8.317332,40775000
"4813","Porsche","VW","911","Oberklasse (z.B. S-Klasse)","Coupe","gasoline",2016,297,138.85,10,31.6,6,1.61,8.317332,40959000
"4814","Porsche","VW","911","Oberklasse (z.B. S-Klasse)","Coupe","gasoline",2017,2511,150.369,9.1,33.1,6,1.66,8.385856,41303000
"4815","Porsche","VW","911","Oberklasse (z.B. S-Klasse)","Coupe","gasoline",2014,451,137.303,12.4,35,6,1.505,8.41734,40224000
"4816","Porsche","VW","911","Oberklasse (z.B. S-Klasse)","Coupe","gasoline",2015,485,137.303,12.4,35,6,1.505,8.41734,40775000
"4817","Porsche","VW","911","Oberklasse (z.B. S-Klasse)","Coupe","gasoline",2012,159,163.6555,11.6,36.8,6,1.7325,8.2414,39708000
"4818","Porsche","VW","911","Oberklasse (z.B. S-Klasse)","Coupe","gasoline",2015,350,181.69,12.7,36.8,6,1.495,8.5446,40775000
"4819","Porsche","VW","911","Oberklasse (z.B. S-Klasse)","Coupe","gasoline",2016,1253,181.69,12.7,36.8,6,1.495,8.5446,40959000
"4820","Porsche","VW","911","Oberklasse (z.B. S-Klasse)","Coupe","gasoline",2017,750,152.416,12.9,36.8,6,1.488,8.448824,41303000
"4821","Porsche","VW","911","Oberklasse (z.B. S-Klasse)","Coupe","gasoline",2014,481,165.149,9.7,38.3,6,1.67,8.47128,40224000
"4822","Porsche","VW","911","Oberklasse (z.B. S-Klasse)","Coupe","gasoline",2015,238,177.882,9.9,38.3,6,1.74,8.47128,40775000
"4823","Porsche","VW","911","Oberklasse (z.B. S-Klasse)","Coupe","gasoline",2012,233,184.546,11.5,39,6,1.735,8.2414,39708000
"4824","Porsche","VW","911","Oberklasse (z.B. S-Klasse)","Coupe","gasoline",2016,331,176.93,9.1,39.7,6,1.67,8.47316,40959000
"4825","Porsche","VW","911","Oberklasse (z.B. S-Klasse)","Coupe","gasoline",2017,255,190.02,9.3,39.7,6,1.74,8.47316,41303000
"4826","Porsche","VW","911","Oberklasse (z.B. S-Klasse)","Coupe","gasoline",2013,227,197.041,9.7,41.2,6,1.68,8.47128,39931000
"4827","Porsche","VW","911","Oberklasse (z.B. S-Klasse)","Coupe","gasoline",2014,859,197.041,9.7,41.2,6,1.68,8.47128,40224000
"4828","Porsche","VW","911","Oberklasse (z.B. S-Klasse)","Coupe","gasoline",2015,457,197.041,9.7,41.2,6,1.68,8.47128,40775000
"4829","Porsche","VW","Boxster","Obere Mittelklasse (z.B. E-Klasse)","Roadster","gasoline",2012,722,53.259,8.05,19.5,6,1.41,7.877574,39708000
"4830","Porsche","VW","Boxster","Obere Mittelklasse (z.B. E-Klasse)","Roadster","gasoline",2013,1367,53.259,8.05,19.5,6,1.41,7.877574,39931000
"4831","Porsche","VW","Boxster","Obere Mittelklasse (z.B. E-Klasse)","Roadster","gasoline",2014,1211,53.259,8.05,19.5,6,1.41,7.877574,40224000
"4832","Porsche","VW","Boxster","Obere Mittelklasse (z.B. E-Klasse)","Roadster","gasoline",2015,990,53.259,8.05,19.5,6,1.41,7.877574,40775000
"4833","Porsche","VW","Boxster","Obere Mittelklasse (z.B. E-Klasse)","Roadster","gasoline",2016,362,53.259,8.05,19.5,6,1.41,7.877574,40959000
"4834","Porsche","VW","Boxster","Obere Mittelklasse (z.B. E-Klasse)","Roadster","gasoline",2012,1023,63.3295,8.5,23.2,6,1.42,7.877574,39708000
"4835","Porsche","VW","Boxster","Obere Mittelklasse (z.B. E-Klasse)","Roadster","gasoline",2013,1499,63.3295,8.5,23.2,6,1.42,7.877574,39931000
"4836","Porsche","VW","Boxster","Obere Mittelklasse (z.B. E-Klasse)","Roadster","gasoline",2014,973,63.3295,8.5,23.2,6,1.42,7.877574,40224000
"4837","Porsche","VW","Boxster","Obere Mittelklasse (z.B. E-Klasse)","Roadster","gasoline",2015,340,63.3295,8.5,23.2,6,1.42,7.877574,40775000
"4838","Porsche","VW","Boxster","Obere Mittelklasse (z.B. E-Klasse)","Roadster","gasoline",2014,380,72.9865,8.6,24.3,6,1.435,7.931604,40224000
"4839","Porsche","VW","Boxster","Obere Mittelklasse (z.B. E-Klasse)","Roadster","gasoline",2015,776,72.9865,8.6,24.3,6,1.435,7.931604,40775000
"4840","Porsche","VW","Boxster","Obere Mittelklasse (z.B. E-Klasse)","Roadster","gasoline",2016,377,72.9865,8.6,24.3,6,1.435,7.931604,40959000
"4841","Porsche","VW","Boxster","Obere Mittelklasse (z.B. E-Klasse)","Roadster","gasoline",2015,225,79.945,9.9,27.6,6,1.39,7.949614,40775000
"4842","Porsche","VW","Boxster","Obere Mittelklasse (z.B. E-Klasse)","Roadster","gasoline",2016,554,79.945,9.9,27.6,6,1.39,7.949614,40959000
"4843","Porsche","VW","Cayenne","Obere Mittelklasse (z.B. E-Klasse)","SUV","diesel",2016,482,59.834,7.4,17.6,6,2.175,9.396394,40959000
"4844","Porsche","VW","Cayenne","Obere Mittelklasse (z.B. E-Klasse)","SUV","diesel",2017,396,59.834,7.4,17.6,6,2.175,9.396394,41303000
"4845","Porsche","VW","Cayenne","Obere Mittelklasse (z.B. E-Klasse)","SUV","diesel",2012,6218,65.07,7.2,18,6,2.155,9.396394,39708000
"4846","Porsche","VW","Cayenne","Obere Mittelklasse (z.B. E-Klasse)","SUV","diesel",2013,3235,65.07,7.2,18,6,2.155,9.396394,39931000
"4847","Porsche","VW","Cayenne","Obere Mittelklasse (z.B. E-Klasse)","SUV","diesel",2014,2126,65.07,7.2,18,6,2.155,9.396394,40224000
"4848","Porsche","VW","Cayenne","Obere Mittelklasse (z.B. E-Klasse)","SUV","diesel",2014,488,72.8645,6.6,19.3,6,2.185,9.413845,40224000
"4849","Porsche","VW","Cayenne","Obere Mittelklasse (z.B. E-Klasse)","SUV","diesel",2015,2911,72.8645,6.6,19.3,6,2.185,9.413845,40775000
"4850","Porsche","VW","Cayenne","Obere Mittelklasse (z.B. E-Klasse)","SUV","diesel",2016,3011,72.8645,6.6,19.3,6,2.185,9.413845,40959000
"4851","Porsche","VW","Cayenne","Obere Mittelklasse (z.B. E-Klasse)","SUV","diesel",2017,1436,72.8645,6.6,19.3,6,2.185,9.413845,41303000
"4852","Porsche","VW","Cayenne","Obere Mittelklasse (z.B. E-Klasse)","SUV","diesel",2013,2584,78.874,8.3,28.1,8,2.27,9.396394,39931000
"4853","Porsche","VW","Cayenne","Obere Mittelklasse (z.B. E-Klasse)","SUV","diesel",2014,1144,78.874,8.3,28.1,8,2.27,9.396394,40224000
"4854","Porsche","VW","Cayenne","Obere Mittelklasse (z.B. E-Klasse)","SUV","diesel",2014,559,88.275,8,28.3,8,2.29,9.413845,40224000
"4855","Porsche","VW","Cayenne","Obere Mittelklasse (z.B. E-Klasse)","SUV","diesel",2015,1980,88.275,8,28.3,8,2.29,9.413845,40775000
"4856","Porsche","VW","Cayenne","Obere Mittelklasse (z.B. E-Klasse)","SUV","diesel",2016,2494,88.275,8,28.3,8,2.29,9.413845,40959000
"4857","Porsche","VW","Cayenne","Obere Mittelklasse (z.B. E-Klasse)","SUV","diesel",2017,1561,88.275,8,28.3,8,2.29,9.413845,41303000
"4858","Porsche","VW","Cayenne","Obere Mittelklasse (z.B. E-Klasse)","SUV","gasoline",2012,254,62,9.9,22,6,2.105,9.396394,39708000
"4859","Porsche","VW","Cayenne","Obere Mittelklasse (z.B. E-Klasse)","SUV","gasoline",2013,113,63.7135,9.9,22,6,2.105,9.396394,39931000
"4860","Porsche","VW","Cayenne","Obere Mittelklasse (z.B. E-Klasse)","SUV","gasoline",2017,146,74.828,9,25,6,1.985,9.752394,41303000
"4861","Porsche","VW","Cayenne","Obere Mittelklasse (z.B. E-Klasse)","SUV","gasoline",2012,756,76.613,10.5,29.4,8,2.14,9.396394,39708000
"4862","Porsche","VW","Cayenne","Obere Mittelklasse (z.B. E-Klasse)","SUV","gasoline",2013,137,76.613,10.5,29.4,8,2.14,9.396394,39931000
"4863","Porsche","VW","Cayenne","Obere Mittelklasse (z.B. E-Klasse)","SUV","gasoline",2012,604,92.202,10.7,30.9,8,2.16,9.469084,39708000
"4864","Porsche","VW","Cayenne","Obere Mittelklasse (z.B. E-Klasse)","SUV","gasoline",2013,643,92.202,10.7,30.9,8,2.16,9.469084,39931000
"4865","Porsche","VW","Cayenne","Obere Mittelklasse (z.B. E-Klasse)","SUV","gasoline",2014,387,92.202,10.7,30.9,8,2.16,9.469084,40224000
"4866","Porsche","VW","Cayenne","Obere Mittelklasse (z.B. E-Klasse)","SUV","gasoline",2015,217,86.252,9.5,30.9,6,2.16,9.413845,40775000
"4867","Porsche","VW","Cayenne","Obere Mittelklasse (z.B. E-Klasse)","SUV","gasoline",2016,173,86.252,9.5,30.9,6,2.16,9.413845,40959000
"4868","Porsche","VW","Cayenne","Obere Mittelklasse (z.B. E-Klasse)","SUV","gasoline",2017,111,86.252,9.5,30.9,6,2.16,9.413845,41303000
"4869","Porsche","VW","Cayenne","Obere Mittelklasse (z.B. E-Klasse)","SUV","gasoline",2015,479,102.555,9.8,32.4,6,2.185,9.48667,40775000
"4870","Porsche","VW","Cayenne","Obere Mittelklasse (z.B. E-Klasse)","SUV","gasoline",2016,416,102.555,9.8,32.4,6,2.185,9.48667,40959000
"4871","Porsche","VW","Cayenne","Obere Mittelklasse (z.B. E-Klasse)","SUV","gasoline",2017,533,91.964,9.2,32.4,6,2.02,9.752394,41303000
"4872","Porsche","VW","Cayenne","Obere Mittelklasse (z.B. E-Klasse)","SUV","gasoline",2012,404,123.856,11.5,36.8,8,2.245,9.396394,39708000
"4873","Porsche","VW","Cayenne","Obere Mittelklasse (z.B. E-Klasse)","SUV","gasoline",2013,110,123.856,11.5,36.8,8,2.245,9.396394,39931000
"4874","Porsche","VW","Cayenne","Obere Mittelklasse (z.B. E-Klasse)","SUV","gasoline",2014,133,132.781,11.2,38.2,8,2.26,9.413845,40224000
"4875","Porsche","VW","Cayenne","Obere Mittelklasse (z.B. E-Klasse)","SUV","gasoline",2015,253,132.781,11.2,38.2,8,2.26,9.413845,40775000
"4876","Porsche","VW","Cayenne","Obere Mittelklasse (z.B. E-Klasse)","SUV","gasoline",2016,113,132.781,11.2,38.2,8,2.26,9.413845,40959000
"4877","Porsche","VW","Cayenne","Obere Mittelklasse (z.B. E-Klasse)","SUV","gasoline",2015,135,170.504,11.5,41.9,8,2.31,9.413845,40775000
"4878","Porsche","VW","Cayenne","Obere Mittelklasse (z.B. E-Klasse)","SUV","gasoline",2016,105,170.504,11.5,41.9,8,2.31,9.413845,40959000
"4879","Porsche","VW","Cayman","Obere Mittelklasse (z.B. E-Klasse)","Coupe","gasoline",2013,445,51.385,8.2,20.2,6,1.405,7.88838,39931000
"4880","Porsche","VW","Cayman","Obere Mittelklasse (z.B. E-Klasse)","Coupe","gasoline",2014,462,51.385,8.2,20.2,6,1.405,7.88838,40224000
"4881","Porsche","VW","Cayman","Obere Mittelklasse (z.B. E-Klasse)","Coupe","gasoline",2015,313,51.385,8.2,20.2,6,1.405,7.88838,40775000
"4882","Porsche","VW","Cayman","Obere Mittelklasse (z.B. E-Klasse)","Coupe","gasoline",2016,271,51.385,8.2,20.2,6,1.405,7.88838,40959000
"4883","Porsche","VW","Cayman","Obere Mittelklasse (z.B. E-Klasse)","Coupe","gasoline",2013,542,64.118,8.8,23.9,6,1.415,7.88838,39931000
"4884","Porsche","VW","Cayman","Obere Mittelklasse (z.B. E-Klasse)","Coupe","gasoline",2014,370,64.118,8.8,23.9,6,1.415,7.88838,40224000
"4885","Porsche","VW","Cayman","Obere Mittelklasse (z.B. E-Klasse)","Coupe","gasoline",2015,146,64.118,8.8,23.9,6,1.415,7.88838,40775000
"4886","Porsche","VW","Cayman","Obere Mittelklasse (z.B. E-Klasse)","Coupe","gasoline",2012,109,70.2925,9.55,24.3,6,1.41,7.828947,39708000
"4887","Porsche","VW","Cayman","Obere Mittelklasse (z.B. E-Klasse)","Coupe","gasoline",2014,200,75.4855,8.6,25,6,1.435,7.931604,40224000
"4888","Porsche","VW","Cayman","Obere Mittelklasse (z.B. E-Klasse)","Coupe","gasoline",2015,341,75.4855,8.6,25,6,1.435,7.931604,40775000
"4889","Porsche","VW","Cayman","Obere Mittelklasse (z.B. E-Klasse)","Coupe","gasoline",2016,203,75.4855,8.6,25,6,1.435,7.931604,40959000
"4890","Porsche","VW","Cayman","Obere Mittelklasse (z.B. E-Klasse)","Coupe","gasoline",2015,377,85.776,10.3,28.3,6,1.415,8.063846,40775000
"4891","Porsche","VW","Cayman","Obere Mittelklasse (z.B. E-Klasse)","Coupe","gasoline",2016,863,85.776,10.3,28.3,6,1.415,8.063846,40959000
"4892","Porsche","VW","Macan","Mittelklasse (z.B. BMW 3er-Reihe)","SUV","diesel",2014,3626,61.143,6.1,19,6,1.955,9.032331,40224000
"4893","Porsche","VW","Macan","Mittelklasse (z.B. BMW 3er-Reihe)","SUV","diesel",2015,5395,61.143,6.1,19,6,1.955,9.032331,40775000
"4894","Porsche","VW","Macan","Mittelklasse (z.B. BMW 3er-Reihe)","SUV","diesel",2016,4451,61.143,6.1,19,6,1.955,9.032331,40959000
"4895","Porsche","VW","Macan","Mittelklasse (z.B. BMW 3er-Reihe)","SUV","diesel",2017,3203,61.143,6.1,19,6,1.955,9.032331,41303000
"4896","Porsche","VW","Macan","Mittelklasse (z.B. BMW 3er-Reihe)","SUV","gasoline",2016,705,56.264,7.2,18.5,4,1.845,9.032331,40959000
"4897","Porsche","VW","Macan","Mittelklasse (z.B. BMW 3er-Reihe)","SUV","gasoline",2017,1573,56.264,7.2,18.5,4,1.845,9.032331,41303000
"4898","Porsche","VW","Macan","Mittelklasse (z.B. BMW 3er-Reihe)","SUV","gasoline",2014,813,61.738,8.8,25,6,1.94,9.032331,40224000
"4899","Porsche","VW","Macan","Mittelklasse (z.B. BMW 3er-Reihe)","SUV","gasoline",2015,1469,61.738,8.8,25,6,1.94,9.032331,40775000
"4900","Porsche","VW","Macan","Mittelklasse (z.B. BMW 3er-Reihe)","SUV","gasoline",2016,1033,61.738,8.8,25,6,1.94,9.032331,40959000
"4901","Porsche","VW","Macan","Mittelklasse (z.B. BMW 3er-Reihe)","SUV","gasoline",2017,1330,61.738,8.8,25,6,1.94,9.032331,41303000
"4902","Porsche","VW","Macan","Mittelklasse (z.B. BMW 3er-Reihe)","SUV","gasoline",2016,1361,74.828,8.9,26.5,6,1.97,9.036792,40959000
"4903","Porsche","VW","Macan","Mittelklasse (z.B. BMW 3er-Reihe)","SUV","gasoline",2017,1901,74.828,8.9,26.5,6,1.97,9.036792,41303000
"4904","Porsche","VW","Macan","Mittelklasse (z.B. BMW 3er-Reihe)","SUV","gasoline",2014,921,84.586,9,29.4,6,2,9.036177,40224000
"4905","Porsche","VW","Macan","Mittelklasse (z.B. BMW 3er-Reihe)","SUV","gasoline",2015,1136,84.586,9,29.4,6,2,9.036177,40775000
"4906","Porsche","VW","Macan","Mittelklasse (z.B. BMW 3er-Reihe)","SUV","gasoline",2016,704,84.586,9,29.4,6,2,9.036177,40959000
"4907","Porsche","VW","Macan","Mittelklasse (z.B. BMW 3er-Reihe)","SUV","gasoline",2017,185,84.586,9,29.4,6,2,9.036177,41303000
"4908","Porsche","VW","Macan","Mittelklasse (z.B. BMW 3er-Reihe)","SUV","gasoline",2017,599,104.0275,9.5,32.4,6,1.925,9.036792,41303000
"4909","Porsche","VW","Panamera","Oberklasse (z.B. S-Klasse)","Schrägheck","diesel",2012,1489,81.849,6.5,18.4,6,1.955,9.59707,39708000
"4910","Porsche","VW","Panamera","Oberklasse (z.B. S-Klasse)","Schrägheck","diesel",2013,858,81.849,6.5,18.4,6,1.955,9.59707,39931000
"4911","Porsche","VW","Panamera","Oberklasse (z.B. S-Klasse)","Schrägheck","diesel",2014,199,81.849,6.5,18.4,6,1.955,9.59707,40224000
"4912","Porsche","VW","Panamera","Oberklasse (z.B. S-Klasse)","Schrägheck","diesel",2014,803,85.3,6.4,22.1,6,1.975,9.683965,40224000
"4913","Porsche","VW","Panamera","Oberklasse (z.B. S-Klasse)","Schrägheck","diesel",2015,741,85.3,6.4,22.1,6,1.975,9.683965,40775000
"4914","Porsche","VW","Panamera","Oberklasse (z.B. S-Klasse)","Schrägheck","diesel",2016,225,118.977,6.7,31,8,2.125,9.779913,40959000
"4915","Porsche","VW","Panamera","Oberklasse (z.B. S-Klasse)","Schrägheck","diesel",2017,1121,118.977,6.7,31,8,2.125,9.779913,41303000
"4916","Porsche","VW","Panamera","Oberklasse (z.B. S-Klasse)","Schrägheck","gasoline",2012,342,86.609,9.3,22,6,1.895,9.59707,39708000
"4917","Porsche","VW","Panamera","Oberklasse (z.B. S-Klasse)","Schrägheck","gasoline",2013,123,86.609,9.3,22,6,1.895,9.59707,39931000
"4918","Porsche","VW","Panamera","Oberklasse (z.B. S-Klasse)","Schrägheck","gasoline",2014,152,88.513,8.75,22.8,6,1.895,9.683965,40224000
"4919","Porsche","VW","Panamera","Oberklasse (z.B. S-Klasse)","Schrägheck","gasoline",2015,102,88.513,8.75,22.8,6,1.895,9.683965,40775000
"4920","Porsche","VW","Panamera","Oberklasse (z.B. S-Klasse)","Schrägheck","gasoline",2017,290,99.5205,7.75,24.3,6,1.9675,9.925188,41303000
"4921","Porsche","VW","Panamera","Oberklasse (z.B. S-Klasse)","Schrägheck","gasoline",2012,480,105.292,10.8,29.4,8,1.935,9.59707,39708000
"4922","Porsche","VW","Panamera","Oberklasse (z.B. S-Klasse)","Schrägheck","gasoline",2013,224,109.695,9,30.9,6,1.945,9.683965,39931000
"4923","Porsche","VW","Panamera","Oberklasse (z.B. S-Klasse)","Schrägheck","gasoline",2014,265,109.695,9,30.9,6,1.945,9.683965,40224000
"4924","Porsche","VW","Panamera","Oberklasse (z.B. S-Klasse)","Schrägheck","gasoline",2015,120,109.695,9,30.9,6,1.945,9.683965,40775000
"4925","Porsche","VW","Panamera","Oberklasse (z.B. S-Klasse)","Schrägheck","gasoline",2012,700,116.716,10.9,31.6,8,1.995,9.59707,39708000
"4926","Porsche","VW","Panamera","Oberklasse (z.B. S-Klasse)","Schrägheck","gasoline",2013,171,116.716,10.9,31.6,8,1.995,9.59707,39931000
"4927","Porsche","VW","Panamera","Oberklasse (z.B. S-Klasse)","Schrägheck","gasoline",2013,162,123.142,10.5,32.4,8,2,9.683965,39931000
"4928","Porsche","VW","Panamera","Oberklasse (z.B. S-Klasse)","Schrägheck","gasoline",2014,477,123.142,10.5,32.4,8,2,9.683965,40224000
"4929","Porsche","VW","Panamera","Oberklasse (z.B. S-Klasse)","Schrägheck","gasoline",2015,443,123.142,10.5,32.4,8,2,9.683965,40775000
"4930","Porsche","VW","Panamera","Oberklasse (z.B. S-Klasse)","Schrägheck","gasoline",2016,521,123.142,10.5,32.4,8,2,9.683965,40959000
"4931","Porsche","VW","Panamera","Oberklasse (z.B. S-Klasse)","Schrägheck","gasoline",2017,602,115.05,8.1,32.4,6,1.945,9.779913,41303000
"4932","Porsche","VW","Panamera","Oberklasse (z.B. S-Klasse)","Schrägheck","gasoline",2012,145,141.022,11.5,36.8,8,2.045,9.59707,39708000
"4933","Porsche","VW","Panamera","Oberklasse (z.B. S-Klasse)","Schrägheck","gasoline",2013,141,145.99,10.3,38.2,8,2.045,9.683965,39931000
"4934","Porsche","VW","Panamera","Oberklasse (z.B. S-Klasse)","Schrägheck","gasoline",2014,142,145.99,10.3,38.2,8,2.045,9.683965,40224000
"4935","Porsche","VW","Panamera","Oberklasse (z.B. S-Klasse)","Schrägheck","gasoline",2016,145,162.4715,9.35,40.4,8,2.1225,9.925188,40959000
"4936","Porsche","VW","Panamera","Oberklasse (z.B. S-Klasse)","Schrägheck","gasoline",2017,791,157.652,9.4,40.4,8,2.07,9.779913,41303000
"4937","Porsche","VW","Panamera","Oberklasse (z.B. S-Klasse)","Schrägheck","gasoline",2014,102,180.024,10.3,41.9,8,2.07,9.683965,40224000
"4938","Renault","Renault","Clio","Kleinwagen (z.B. Polo)","Schrägheck","diesel",2012,1197,15.89,3.6,5.5,4,1.194,7.390444,39708000
"4939","Renault","Renault","Clio","Kleinwagen (z.B. Polo)","Schrägheck","diesel",2013,374,14.99,3.65,5.5,4,1.154,7.037116,39931000
"4940","Renault","Renault","Clio","Kleinwagen (z.B. Polo)","Schrägheck","diesel",2014,870,15.89,3.45,5.5,4,1.194,7.390444,40224000
"4941","Renault","Renault","Clio","Kleinwagen (z.B. Polo)","Schrägheck","diesel",2015,1147,15.89,3.3,5.5,4,1.194,7.390444,40775000
"4942","Renault","Renault","Clio","Kleinwagen (z.B. Polo)","Schrägheck","diesel",2016,644,15.89,3.3,5.5,4,1.194,7.390444,40959000
"4943","Renault","Renault","Clio","Kleinwagen (z.B. Polo)","Schrägheck","diesel",2017,460,14.99,3.3,5.5,4,1.146,7.037116,41303000
"4944","Renault","Renault","Clio","Kleinwagen (z.B. Polo)","Schrägheck","diesel",2012,492,17.8,4,6.5,4,1.169,6.93504,39708000
"4945","Renault","Renault","Clio","Kleinwagen (z.B. Polo)","SUV","diesel",2013,2919,19.49,3.6,6.6,4,1.228,7.037116,39931000
"4946","Renault","Renault","Clio","Kleinwagen (z.B. Polo)","SUV","diesel",2014,6193,19.49,3.6,6.6,4,1.228,7.037116,40224000
"4947","Renault","Renault","Clio","Kleinwagen (z.B. Polo)","SUV","diesel",2015,7109,19.24,3.6,6.6,4,1.2365,7.037116,40775000
"4948","Renault","Renault","Clio","Kleinwagen (z.B. Polo)","SUV","diesel",2016,6780,19.99,3.6,6.6,4,1.245,7.037116,40959000
"4949","Renault","Renault","Clio","Kleinwagen (z.B. Polo)","SUV","diesel",2017,3126,20.465,3.65,6.6,4,1.249,7.1823375,41303000
"4950","Renault","Renault","Clio","Kleinwagen (z.B. Polo)","Schrägheck","diesel",2012,254,19.725,4.2,7.8,4,1.28,6.93504,39708000
"4951","Renault","Renault","Clio","Kleinwagen (z.B. Polo)","SUV","diesel",2015,1143,20.64,3.7,8.1,4,1.265,7.328916,40775000
"4952","Renault","Renault","Clio","Kleinwagen (z.B. Polo)","SUV","diesel",2016,3391,22.24,3.7,8.1,4,1.279,7.328916,40959000
"4953","Renault","Renault","Clio","Kleinwagen (z.B. Polo)","SUV","diesel",2017,2812,22.29,3.7,8.1,4,1.279,7.328916,41303000
"4954","Renault","Renault","Clio","Kleinwagen (z.B. Polo)","Schrägheck","gasoline",2013,285,22.99,6.1,14.7,4,1.279,7.08388,39931000
"4955","Renault","Renault","Clio","Kleinwagen (z.B. Polo)","Schrägheck","gasoline",2014,521,22.99,6.1,14.7,4,1.279,7.08388,40224000
"4956","Renault","Renault","Clio","Kleinwagen (z.B. Polo)","Schrägheck","gasoline",2015,438,22.99,5.9,14.7,4,1.279,7.08388,40775000
"4957","Renault","Renault","Clio","Kleinwagen (z.B. Polo)","Schrägheck","gasoline",2016,157,22.99,5.9,14.7,4,1.279,7.08388,40959000
"4958","Renault","Renault","Clio","Kleinwagen (z.B. Polo)","Schrägheck","gasoline",2017,148,22.99,5.9,14.7,4,1.279,7.08388,41303000
"4959","Renault","Renault","Clio","Kleinwagen (z.B. Polo)","Schrägheck","gasoline",2012,326,22.85,8.25,14.8,4,1.279,7.106073,39708000
"4960","Renault","Renault","Clio","Kleinwagen (z.B. Polo)","Schrägheck","gasoline",2015,183,25.19,5.9,16.2,4,1.279,7.08388,40775000
"4961","Renault","Renault","Clio","Kleinwagen (z.B. Polo)","Schrägheck","gasoline",2016,588,25.19,5.9,16.2,4,1.279,7.08388,40959000
"4962","Renault","Renault","Clio","Kleinwagen (z.B. Polo)","Schrägheck","gasoline",2017,650,25.19,5.9,16.2,4,1.279,7.08388,41303000
"4963","Renault","Renault","Clio","Kleinwagen (z.B. Polo)","Schrägheck","gasoline",2014,125,11.89,5.5,4.8,4,1.055,7.037116,40224000
"4964","Renault","Renault","Clio","Kleinwagen (z.B. Polo)","Schrägheck","gasoline",2015,241,11.89,5.5,4.8,4,1.055,7.037116,40775000
"4965","Renault","Renault","Clio","Kleinwagen (z.B. Polo)","Schrägheck","gasoline",2012,1038,13.44,5.6,5.4,4,1.055,7.037116,39708000
"4966","Renault","Renault","Clio","Kleinwagen (z.B. Polo)","Schrägheck","gasoline",2013,7473,13.44,5.6,5.4,4,1.055,7.037116,39931000
"4967","Renault","Renault","Clio","Kleinwagen (z.B. Polo)","Schrägheck","gasoline",2014,10189,13.44,5.6,5.4,4,1.055,7.037116,40224000
"4968","Renault","Renault","Clio","Kleinwagen (z.B. Polo)","Schrägheck","gasoline",2015,7121,12.79,5.6,5.4,4,1.055,7.037116,40775000
"4969","Renault","Renault","Clio","Kleinwagen (z.B. Polo)","Schrägheck","gasoline",2016,8337,12.79,5.6,5.4,4,1.055,7.037116,40959000
"4970","Renault","Renault","Clio","Kleinwagen (z.B. Polo)","Schrägheck","gasoline",2017,6876,12.79,5.6,5.4,4,1.055,7.037116,41303000
"4971","Renault","Renault","Clio","Kleinwagen (z.B. Polo)","Schrägheck","gasoline",2012,14141,13.55,5.8,5.5,4,1.062,6.93504,39708000
"4972","Renault","Renault","Clio","Kleinwagen (z.B. Polo)","Schrägheck","gasoline",2013,1809,13.55,5.8,5.5,4,1.062,6.93504,39931000
"4973","Renault","Renault","Clio","Kleinwagen (z.B. Polo)","Schrägheck","gasoline",2014,583,10.49,5.6,5.5,4,1.0585,6.931008,40224000
"4974","Renault","Renault","Clio","Kleinwagen (z.B. Polo)","SUV","gasoline",2012,1312,16.39,4.9,6.6,3,1.092,7.037116,39708000
"4975","Renault","Renault","Clio","Kleinwagen (z.B. Polo)","SUV","gasoline",2013,12151,16.39,4.9,6.6,3,1.092,7.037116,39931000
"4976","Renault","Renault","Clio","Kleinwagen (z.B. Polo)","SUV","gasoline",2014,12967,16.39,4.9,6.6,3,1.092,7.037116,40224000
"4977","Renault","Renault","Clio","Kleinwagen (z.B. Polo)","SUV","gasoline",2015,14051,16.39,4.9,6.6,3,1.157,7.037116,40775000
"4978","Renault","Renault","Clio","Kleinwagen (z.B. Polo)","SUV","gasoline",2016,16783,16.59,4.9,6.6,3,1.157,7.037116,40959000
"4979","Renault","Renault","Clio","Kleinwagen (z.B. Polo)","SUV","gasoline",2017,16979,16.59,5,6.6,3,1.164,7.037116,41303000
"4980","Renault","Renault","Clio","Kleinwagen (z.B. Polo)","Schrägheck","gasoline",2012,2484,15.9,5.4,7.6,4,1.17,6.93504,39708000
"4981","Renault","Renault","Clio","Kleinwagen (z.B. Polo)","Schrägheck","gasoline",2013,151,16.85,5.4,7.6,4,1.195,7.28076,39931000
"4982","Renault","Renault","Clio","Kleinwagen (z.B. Polo)","Schrägheck","gasoline",2012,390,18.2,7.8,8.2,4,1.26,6.93504,39708000
"4983","Renault","Renault","Clio","Kleinwagen (z.B. Polo)","SUV","gasoline",2015,1523,20.19,5.4,8.7,4,1.165,7.037116,40775000
"4984","Renault","Renault","Clio","Kleinwagen (z.B. Polo)","SUV","gasoline",2016,7960,21.04,5.5,8.7,4,1.23,7.328916,40959000
"4985","Renault","Renault","Clio","Kleinwagen (z.B. Polo)","SUV","gasoline",2017,15832,20.84,5.5,8.7,4,1.23,7.328916,41303000
"4986","Renault","Renault","Clio","Kleinwagen (z.B. Polo)","Schrägheck","gasoline",2013,2540,17.79,5.2,8.8,4,1.165,7.037116,39931000
"4987","Renault","Renault","Clio","Kleinwagen (z.B. Polo)","Schrägheck","gasoline",2014,6426,17.79,5.2,8.8,4,1.165,7.037116,40224000
"4988","Renault","Renault","Clio","Kleinwagen (z.B. Polo)","Schrägheck","gasoline",2015,5758,17.79,5.2,8.8,4,1.165,7.037116,40775000
"4989","Renault","Renault","Clio","Kleinwagen (z.B. Polo)","Schrägheck","gasoline",2012,170,17.5,6.7,9.4,4,1.175,6.93504,39708000
"4990","Renault","Renault","Espace","Mittelklasse (z.B. BMW 3er-Reihe)","Van","diesel",2015,1948,41.8,4.7,11.8,4,1.734,9.170016,40775000
"4991","Renault","Renault","Espace","Mittelklasse (z.B. BMW 3er-Reihe)","Van","diesel",2016,2052,42.125,4.7,11.8,4,1.734,9.170016,40959000
"4992","Renault","Renault","Espace","Mittelklasse (z.B. BMW 3er-Reihe)","Van","diesel",2017,1384,41.9,4.7,11.8,4,1.734,9.170016,41303000
"4993","Renault","Renault","Espace","Mittelklasse (z.B. BMW 3er-Reihe)","Van","diesel",2015,140,36.9,4.4,9.6,4,1.615,9.170016,40775000
"4994","Renault","Renault","Espace","Mittelklasse (z.B. BMW 3er-Reihe)","Van","diesel",2016,194,36.9,4.4,9.6,4,1.615,9.170016,40959000
"4995","Renault","Renault","Espace","Mittelklasse (z.B. BMW 3er-Reihe)","Van","diesel",2017,137,39,4.4,9.6,4,1.615,9.170016,41303000
"4996","Renault","Renault","Espace","Mittelklasse (z.B. BMW 3er-Reihe)","Van","gasoline",2015,283,43.05,6.2,14.7,4,1.684,9.170016,40775000
"4997","Renault","Renault","Espace","Mittelklasse (z.B. BMW 3er-Reihe)","Van","gasoline",2016,560,43.05,6.2,14.7,4,1.684,9.170016,40959000
"4998","Renault","Renault","Espace","Mittelklasse (z.B. BMW 3er-Reihe)","Van","gasoline",2017,359,43.05,6.2,14.7,4,1.684,9.170016,41303000
"4999","Renault","Renault","Espace","Mittelklasse (z.B. BMW 3er-Reihe)","Van","gasoline",2017,242,41.7,6.8,16.5,4,1.685,9.170016,41303000
"5000","Renault","Renault","Grand Espace","Mittelklasse (z.B. BMW 3er-Reihe)","Van","diesel",2012,655,36.62,7.6,11,4,1.945,9.007864,39708000
"5001","Renault","Renault","Grand Espace","Mittelklasse (z.B. BMW 3er-Reihe)","Van","diesel",2013,312,36.62,7.6,11,4,1.945,9.007864,39931000
"5002","Renault","Renault","Grand Espace","Mittelklasse (z.B. BMW 3er-Reihe)","Van","diesel",2014,234,36.59,5.7,11,4,1.9885,9.007864,40224000
"5003","Renault","Renault","Grand Espace","Mittelklasse (z.B. BMW 3er-Reihe)","Van","diesel",2012,886,41.07,7.5,12.7,4,1.92,9.007864,39708000
"5004","Renault","Renault","Grand Espace","Mittelklasse (z.B. BMW 3er-Reihe)","Van","diesel",2013,912,41.07,7.5,12.7,4,1.92,9.007864,39931000
"5005","Renault","Renault","Grand Espace","Mittelklasse (z.B. BMW 3er-Reihe)","Van","diesel",2014,668,42.44,6.4,12.7,4,2.017,9.007864,40224000
"5006","Renault","Renault","Kadjar","Untere Mittelklasse (z.B. Golf)","SUV","diesel",2015,1687,26.29,3.8,8.1,4,1.482,8.168364,40775000
"5007","Renault","Renault","Kadjar","Untere Mittelklasse (z.B. Golf)","SUV","diesel",2016,3140,26.29,3.8,8.1,4,1.482,8.168364,40959000
"5008","Renault","Renault","Kadjar","Untere Mittelklasse (z.B. Golf)","SUV","diesel",2017,1494,26.29,3.8,8.1,4,1.482,8.168364,41303000
"5009","Renault","Renault","Kadjar","Untere Mittelklasse (z.B. Golf)","SUV","diesel",2015,3260,34.79,4.9,9.6,4,1.611,8.168364,40775000
"5010","Renault","Renault","Kadjar","Untere Mittelklasse (z.B. Golf)","SUV","diesel",2016,5051,28.09,4.3,9.6,4,1.504,8.168364,40959000
"5011","Renault","Renault","Kadjar","Untere Mittelklasse (z.B. Golf)","SUV","diesel",2017,3027,28.09,4.3,9.6,4,1.504,8.168364,41303000
"5012","Renault","Renault","Kadjar","Untere Mittelklasse (z.B. Golf)","SUV","gasoline",2017,1203,30.99,6.2,12,4,1.465,8.168364,41303000
"5013","Renault","Renault","Kadjar","Untere Mittelklasse (z.B. Golf)","SUV","gasoline",2015,2027,24.39,5.7,9.6,4,1.381,8.168364,40775000
"5014","Renault","Renault","Kadjar","Untere Mittelklasse (z.B. Golf)","SUV","gasoline",2016,5339,24.39,5.7,9.6,4,1.381,8.168364,40959000
"5015","Renault","Renault","Kadjar","Untere Mittelklasse (z.B. Golf)","SUV","gasoline",2017,7717,24.39,5.7,9.6,4,1.381,8.168364,41303000
"5016","Renault","Renault","Kangoo","Untere Mittelklasse (z.B. Golf)","Hochdach-Kombi","diesel",2012,171,16.69,5.2,5.5,4,1.394,7.705577,39708000
"5017","Renault","Renault","Kangoo","Untere Mittelklasse (z.B. Golf)","Hochdach-Kombi","diesel",2013,123,16.69,5.2,5.5,4,1.394,7.705577,39931000
"5018","Renault","Renault","Kangoo","Untere Mittelklasse (z.B. Golf)","Hochdach-Kombi","diesel",2012,2013,19.62,4.85,6.6,4,1.3945,7.705577,39708000
"5019","Renault","Renault","Kangoo","Untere Mittelklasse (z.B. Golf)","Hochdach-Kombi","diesel",2013,2259,19.37,4.6,6.6,4,1.395,7.872016,39931000
"5020","Renault","Renault","Kangoo","Untere Mittelklasse (z.B. Golf)","Hochdach-Kombi","diesel",2014,2331,19.42,4.5,6.6,4,1.395,7.872016,40224000
"5021","Renault","Renault","Kangoo","Untere Mittelklasse (z.B. Golf)","Hochdach-Kombi","diesel",2015,2076,19.75,4.3,6.6,4,1.395,7.872016,40775000
"5022","Renault","Renault","Kangoo","Untere Mittelklasse (z.B. Golf)","Hochdach-Kombi","diesel",2016,1547,19.75,4.3,6.6,4,1.395,7.872016,40959000
"5023","Renault","Renault","Kangoo","Untere Mittelklasse (z.B. Golf)","Hochdach-Kombi","diesel",2017,1481,20.125,4.3,6.6,4,1.395,7.872016,41303000
"5024","Renault","Renault","Kangoo","Untere Mittelklasse (z.B. Golf)","Hochdach-Kombi","diesel",2012,374,21.24,5.4,8,4,1.4495,8.056745,39708000
"5025","Renault","Renault","Kangoo","Untere Mittelklasse (z.B. Golf)","Hochdach-Kombi","diesel",2013,271,21.24,5.4,8,4,1.4495,8.056745,39931000
"5026","Renault","Renault","Kangoo","Untere Mittelklasse (z.B. Golf)","Hochdach-Kombi","diesel",2013,257,22.62,4.5,8.1,4,1.395,7.872016,39931000
"5027","Renault","Renault","Kangoo","Untere Mittelklasse (z.B. Golf)","Hochdach-Kombi","diesel",2014,737,22.77,4.4,8.1,4,1.395,7.872016,40224000
"5028","Renault","Renault","Kangoo","Untere Mittelklasse (z.B. Golf)","Hochdach-Kombi","diesel",2015,874,22.935,4.4,8.1,4,1.395,7.872016,40775000
"5029","Renault","Renault","Kangoo","Untere Mittelklasse (z.B. Golf)","Hochdach-Kombi","diesel",2016,769,23.1,4.4,8.1,4,1.395,7.872016,40959000
"5030","Renault","Renault","Kangoo","Untere Mittelklasse (z.B. Golf)","Hochdach-Kombi","diesel",2017,797,23.6,4.4,8.1,4,1.395,7.872016,41303000
"5031","Renault","Renault","Kangoo","Untere Mittelklasse (z.B. Golf)","Hochdach-Kombi","gasoline",2012,3059,18.45,7.9,7.8,4,1.396,7.705577,39708000
"5032","Renault","Renault","Kangoo","Untere Mittelklasse (z.B. Golf)","Hochdach-Kombi","gasoline",2013,2102,18.45,7.9,7.8,4,1.396,7.705577,39931000
"5033","Renault","Renault","Kangoo","Untere Mittelklasse (z.B. Golf)","Hochdach-Kombi","gasoline",2014,511,18.45,7.9,7.8,4,1.396,7.705577,40224000
"5034","Renault","Renault","Kangoo","Untere Mittelklasse (z.B. Golf)","Hochdach-Kombi","gasoline",2014,1415,17,6.2,8.4,4,1.395,7.872016,40224000
"5035","Renault","Renault","Kangoo","Untere Mittelklasse (z.B. Golf)","Hochdach-Kombi","gasoline",2015,1458,17.45,6.2,8.4,4,1.395,7.872016,40775000
"5036","Renault","Renault","Kangoo","Untere Mittelklasse (z.B. Golf)","Hochdach-Kombi","gasoline",2016,1522,17.45,6.2,8.4,4,1.395,7.872016,40959000
"5037","Renault","Renault","Kangoo","Untere Mittelklasse (z.B. Golf)","Hochdach-Kombi","gasoline",2017,2522,18.1,6.2,8.4,4,1.395,7.872016,41303000
"5038","Renault","Renault","Koleos","Untere Mittelklasse (z.B. Golf)","SUV","diesel",2012,1647,30.345,6.4,11,4,1.73,8.3846,39708000
"5039","Renault","Renault","Koleos","Untere Mittelklasse (z.B. Golf)","SUV","diesel",2013,842,30.345,6.4,11,4,1.73,8.3846,39931000
"5040","Renault","Renault","Koleos","Untere Mittelklasse (z.B. Golf)","SUV","diesel",2014,469,30.345,6.4,11,4,1.73,8.3846,40224000
"5041","Renault","Renault","Koleos","Untere Mittelklasse (z.B. Golf)","SUV","diesel",2015,270,30.54,6.4,11,4,1.73,8.3846,40775000
"5042","Renault","Renault","Koleos","Untere Mittelklasse (z.B. Golf)","SUV","diesel",2012,430,34.945,6.8,12.7,4,1.73,8.3846,39708000
"5043","Renault","Renault","Koleos","Untere Mittelklasse (z.B. Golf)","SUV","diesel",2013,308,35.59,6.4,12.7,4,1.73,8.3846,39931000
"5044","Renault","Renault","Koleos","Untere Mittelklasse (z.B. Golf)","SUV","diesel",2014,494,35.59,6.4,12.7,4,1.73,8.3846,40224000
"5045","Renault","Renault","Koleos","Untere Mittelklasse (z.B. Golf)","SUV","diesel",2015,246,36.34,6.7,12.7,4,1.757,8.3846,40775000
"5046","Renault","Renault","Koleos","Mittelklasse (z.B. BMW 3er-Reihe)","SUV","diesel",2017,1874,37.05,5.8,13,4,1.822,8.610496,41303000
"5047","Renault","Renault","Laguna","Mittelklasse (z.B. BMW 3er-Reihe)","Schrägheck","diesel",2012,900,31.2,4.6,11,4,1.505,8.698233,39708000
"5048","Renault","Renault","Laguna","Mittelklasse (z.B. BMW 3er-Reihe)","Schrägheck","diesel",2013,676,31.2,4.6,11,4,1.505,8.698233,39931000
"5049","Renault","Renault","Laguna","Mittelklasse (z.B. BMW 3er-Reihe)","Schrägheck","diesel",2014,515,31.2,4.6,11,4,1.505,8.698233,40224000
"5050","Renault","Renault","Laguna","Mittelklasse (z.B. BMW 3er-Reihe)","Kombi","diesel",2015,238,31.2,4.6,11,4,1.505,8.698233,40775000
"5051","Renault","Renault","Laguna","Mittelklasse (z.B. BMW 3er-Reihe)","Schrägheck","diesel",2012,893,34,5.7,12.7,4,1.595,8.698233,39708000
"5052","Renault","Renault","Laguna","Mittelklasse (z.B. BMW 3er-Reihe)","Schrägheck","diesel",2013,483,34,5.7,12.7,4,1.595,8.698233,39931000
"5053","Renault","Renault","Laguna","Mittelklasse (z.B. BMW 3er-Reihe)","Schrägheck","diesel",2014,551,34,5.7,12.7,4,1.595,8.698233,40224000
"5054","Renault","Renault","Laguna","Mittelklasse (z.B. BMW 3er-Reihe)","Kombi","diesel",2015,260,34,5.7,12.7,4,1.595,8.698233,40775000
"5055","Renault","Renault","Laguna","Mittelklasse (z.B. BMW 3er-Reihe)","Schrägheck","diesel",2012,552,36,5.6,13.1,4,1.505,8.698233,39708000
"5056","Renault","Renault","Laguna","Mittelklasse (z.B. BMW 3er-Reihe)","Schrägheck","diesel",2013,132,36,5.6,13.1,4,1.505,8.698233,39931000
"5057","Renault","Renault","Laguna","Mittelklasse (z.B. BMW 3er-Reihe)","Schrägheck","diesel",2012,433,27.29,4.4,8.1,4,1.395,8.698233,39708000
"5058","Renault","Renault","Laguna","Mittelklasse (z.B. BMW 3er-Reihe)","Schrägheck","diesel",2013,244,27.29,4.4,8.1,4,1.395,8.698233,39931000
"5059","Renault","Renault","Laguna","Mittelklasse (z.B. BMW 3er-Reihe)","Schrägheck","diesel",2014,206,27.29,4.4,8.1,4,1.395,8.698233,40224000
"5060","Renault","Renault","Laguna","Mittelklasse (z.B. BMW 3er-Reihe)","Schrägheck","gasoline",2012,503,25.34,7.6,10.3,4,1.394,8.698233,39708000
"5061","Renault","Renault","Laguna","Mittelklasse (z.B. BMW 3er-Reihe)","Schrägheck","gasoline",2013,205,25.34,7.6,10.3,4,1.394,8.698233,39931000
"5062","Renault","Renault","Laguna","Mittelklasse (z.B. BMW 3er-Reihe)","Schrägheck","gasoline",2014,181,24.34,7.5,10.3,4,1.377,8.502645,40224000
"5063","Renault","Renault","Megane","Untere Mittelklasse (z.B. Golf)","Schrägheck","diesel",2012,266,27.99,5.9,11.8,4,1.499,8.224436,39708000
"5064","Renault","Renault","Megane","Untere Mittelklasse (z.B. Golf)","Schrägheck","diesel",2013,232,27.87,5.6,12,4,1.505,8.224436,39931000
"5065","Renault","Renault","Megane","Untere Mittelklasse (z.B. Golf)","Schrägheck","diesel",2014,273,27.87,5.6,12,4,1.505,8.224436,40224000
"5066","Renault","Renault","Megane","Untere Mittelklasse (z.B. Golf)","Schrägheck","diesel",2015,218,27.65,5.6,12,4,1.505,8.224436,40775000
"5067","Renault","Renault","Megane","Untere Mittelklasse (z.B. Golf)","Schrägheck","diesel",2017,650,32.19,4.6,12,4,1.54,8.391564,41303000
"5068","Renault","Renault","Megane","Untere Mittelklasse (z.B. Golf)","Schrägheck","diesel",2012,878,20.44,4,6.6,4,1.355,8.224436,39708000
"5069","Renault","Renault","Megane","Untere Mittelklasse (z.B. Golf)","Schrägheck","diesel",2013,215,20.44,4,6.6,4,1.355,8.224436,39931000
"5070","Renault","Renault","Megane","Untere Mittelklasse (z.B. Golf)","Schrägheck","diesel",2014,536,20.25,4,7,4,1.331,8.224436,40224000
"5071","Renault","Renault","Megane","Untere Mittelklasse (z.B. Golf)","Schrägheck","diesel",2015,107,20.25,4,7,4,1.331,8.224436,40775000
"5072","Renault","Renault","Megane","Untere Mittelklasse (z.B. Golf)","Schrägheck","diesel",2012,1966,21.92,4.5,7.8,4,1.395,8.224436,39708000
"5073","Renault","Renault","Megane","Untere Mittelklasse (z.B. Golf)","Schrägheck","diesel",2012,5173,22.79,4.2,8.1,4,1.377,8.224436,39708000
"5074","Renault","Renault","Megane","Untere Mittelklasse (z.B. Golf)","Schrägheck","diesel",2013,6190,23.3,4.1,8.1,4,1.36,8.224436,39931000
"5075","Renault","Renault","Megane","Untere Mittelklasse (z.B. Golf)","Schrägheck","diesel",2014,6930,23.3,4,8.1,4,1.356,8.224436,40224000
"5076","Renault","Renault","Megane","Untere Mittelklasse (z.B. Golf)","Schrägheck","diesel",2015,6256,23.3,4,8.1,4,1.348,8.224436,40775000
"5077","Renault","Renault","Megane","Untere Mittelklasse (z.B. Golf)","Schrägheck","diesel",2016,5030,23.3,4,8.1,4,1.348,8.224436,40959000
"5078","Renault","Renault","Megane","Untere Mittelklasse (z.B. Golf)","Schrägheck","diesel",2017,3677,22.69,3.7,8.1,4,1.387,8.391564,41303000
"5079","Renault","Renault","Megane","Untere Mittelklasse (z.B. Golf)","Schrägheck","diesel",2012,3104,26.29,4,9.6,4,1.395,8.224436,39708000
"5080","Renault","Renault","Megane","Untere Mittelklasse (z.B. Golf)","Schrägheck","diesel",2013,3480,26.395,4,9.6,4,1.409,8.224436,39931000
"5081","Renault","Renault","Megane","Untere Mittelklasse (z.B. Golf)","Schrägheck","diesel",2014,2454,26.395,4,9.6,4,1.409,8.224436,40224000
"5082","Renault","Renault","Megane","Untere Mittelklasse (z.B. Golf)","Schrägheck","diesel",2015,1407,26.5,4,9.6,4,1.423,8.224436,40775000
"5083","Renault","Renault","Megane","Untere Mittelklasse (z.B. Golf)","Schrägheck","diesel",2016,3277,27.59,4,9.6,4,1.393,7.907226,40959000
"5084","Renault","Renault","Megane","Untere Mittelklasse (z.B. Golf)","Schrägheck","diesel",2017,2716,26.79,4,9.6,4,1.469,8.391564,41303000
"5085","Renault","Renault","Megane","Untere Mittelklasse (z.B. Golf)","Schrägheck","gasoline",2012,426,24.77,7.6,10.3,4,1.41,8.224436,39708000
"5086","Renault","Renault","Megane","Untere Mittelklasse (z.B. Golf)","Schrägheck","gasoline",2013,223,24.77,7.6,10.3,4,1.41,8.224436,39931000
"5087","Renault","Renault","Megane","Untere Mittelklasse (z.B. Golf)","Schrägheck","gasoline",2012,475,31.99,8.1,13.2,4,1.615,8.11785,39708000
"5088","Renault","Renault","Megane","Untere Mittelklasse (z.B. Golf)","Coupe","gasoline",2013,141,31.99,8.1,13.2,4,1.615,8.11785,39931000
"5089","Renault","Renault","Megane","Untere Mittelklasse (z.B. Golf)","Schrägheck","gasoline",2013,190,25.99,7,14,4,1.457,8.224436,39931000
"5090","Renault","Renault","Megane","Untere Mittelklasse (z.B. Golf)","Schrägheck","gasoline",2016,1218,29.69,6,15.1,4,1.467,7.907226,40959000
"5091","Renault","Renault","Megane","Untere Mittelklasse (z.B. Golf)","Schrägheck","gasoline",2017,1329,29.69,6,15.1,4,1.467,7.907226,41303000
"5092","Renault","Renault","Megane","Untere Mittelklasse (z.B. Golf)","Kombi","gasoline",2013,118,27.1,7.3,16.2,4,1.463,8.224436,39931000
"5093","Renault","Renault","Megane","Untere Mittelklasse (z.B. Golf)","Schrägheck","gasoline",2014,267,27.1,7.3,16.2,4,1.463,8.224436,40224000
"5094","Renault","Renault","Megane","Untere Mittelklasse (z.B. Golf)","Schrägheck","gasoline",2015,300,26.9,7.4,16.2,4,1.463,8.224436,40775000
"5095","Renault","Renault","Megane","Untere Mittelklasse (z.B. Golf)","Kombi","gasoline",2016,124,25.75,7.4,16.2,4,1.395,7.755396,40959000
"5096","Renault","Renault","Megane","Untere Mittelklasse (z.B. Golf)","Coupe","gasoline",2012,125,27.29,8.4,18.4,4,1.462,7.944552,39708000
"5097","Renault","Renault","Megane","Untere Mittelklasse (z.B. Golf)","Coupe","gasoline",2012,403,30.49,8.2,19.5,4,1.462,7.944552,39708000
"5098","Renault","Renault","Megane","Untere Mittelklasse (z.B. Golf)","Coupe","gasoline",2013,368,27.99,8.2,19.5,4,1.462,7.944552,39931000
"5099","Renault","Renault","Megane","Untere Mittelklasse (z.B. Golf)","Coupe","gasoline",2014,317,27.97,7.85,19.5,4,1.458,7.944552,40224000
"5100","Renault","Renault","Megane","Untere Mittelklasse (z.B. Golf)","Coupe","gasoline",2015,135,27.95,7.5,19.5,4,1.454,7.944552,40775000
"5101","Renault","Renault","Megane","Untere Mittelklasse (z.B. Golf)","Coupe","gasoline",2015,299,27.95,7.5,20.1,4,1.454,7.944552,40775000
"5102","Renault","Renault","Megane","Untere Mittelklasse (z.B. Golf)","Coupe","gasoline",2016,277,27.95,7.5,20.1,4,1.454,7.944552,40959000
"5103","Renault","Renault","Megane","Untere Mittelklasse (z.B. Golf)","Schrägheck","gasoline",2012,5228,17.3,6.8,7.4,4,1.28,7.76536,39708000
"5104","Renault","Renault","Megane","Untere Mittelklasse (z.B. Golf)","Schrägheck","gasoline",2013,3390,17.3,6.8,7.4,4,1.28,7.76536,39931000
"5105","Renault","Renault","Megane","Untere Mittelklasse (z.B. Golf)","Schrägheck","gasoline",2014,233,17.1,6.8,7.4,4,1.28,7.76536,40224000
"5106","Renault","Renault","Megane","Untere Mittelklasse (z.B. Golf)","Schrägheck","gasoline",2016,3178,18.49,5.4,7.4,4,1.28,7.907226,40959000
"5107","Renault","Renault","Megane","Untere Mittelklasse (z.B. Golf)","Schrägheck","gasoline",2017,4332,18.49,5.4,7.4,4,1.28,7.907226,41303000
"5108","Renault","Renault","Megane","Untere Mittelklasse (z.B. Golf)","Schrägheck","gasoline",2012,1678,19.49,6.9,8.1,4,1.35,8.224436,39708000
"5109","Renault","Renault","Megane","Untere Mittelklasse (z.B. Golf)","Schrägheck","gasoline",2013,773,19.39,6.9,8.1,4,1.346,8.224436,39931000
"5110","Renault","Renault","Megane","Untere Mittelklasse (z.B. Golf)","Schrägheck","gasoline",2014,2073,17.7,6.9,8.1,4,1.29,7.76536,40224000
"5111","Renault","Renault","Megane","Untere Mittelklasse (z.B. Golf)","Schrägheck","gasoline",2015,2849,17.2,6.9,8.1,4,1.29,7.76536,40775000
"5112","Renault","Renault","Megane","Untere Mittelklasse (z.B. Golf)","Schrägheck","gasoline",2012,1385,19.9,5.3,8.5,4,1.28,7.76536,39708000
"5113","Renault","Renault","Megane","Untere Mittelklasse (z.B. Golf)","Schrägheck","gasoline",2013,2916,19.4,5.3,8.5,4,1.28,7.76536,39931000
"5114","Renault","Renault","Megane","Untere Mittelklasse (z.B. Golf)","Schrägheck","gasoline",2014,2238,19.4,5.3,8.5,4,1.28,7.76536,40224000
"5115","Renault","Renault","Megane","Untere Mittelklasse (z.B. Golf)","Schrägheck","gasoline",2015,1409,20.1,5.3,8.5,4,1.297,8.224436,40775000
"5116","Renault","Renault","Megane","Untere Mittelklasse (z.B. Golf)","Kombi","gasoline",2016,970,20.1,5.3,8.5,4,1.297,8.224436,40959000
"5117","Renault","Renault","Megane","Untere Mittelklasse (z.B. Golf)","Schrägheck","gasoline",2012,2647,21.64,6.3,9.6,4,1.351,8.224436,39708000
"5118","Renault","Renault","Megane","Untere Mittelklasse (z.B. Golf)","Schrägheck","gasoline",2013,1154,21.64,6.3,9.6,4,1.351,8.224436,39931000
"5119","Renault","Renault","Megane","Untere Mittelklasse (z.B. Golf)","Schrägheck","gasoline",2013,822,25,5.8,9.7,4,1.301,7.755396,39931000
"5120","Renault","Renault","Megane","Untere Mittelklasse (z.B. Golf)","Schrägheck","gasoline",2014,2305,20.5,5.4,9.7,4,1.359,8.224436,40224000
"5121","Renault","Renault","Megane","Untere Mittelklasse (z.B. Golf)","Schrägheck","gasoline",2015,1686,20.5,5.4,9.7,4,1.359,8.224436,40775000
"5122","Renault","Renault","Megane","Untere Mittelklasse (z.B. Golf)","Schrägheck","gasoline",2016,5638,24.79,5.4,9.7,4,1.28,7.907226,40959000
"5123","Renault","Renault","Megane","Untere Mittelklasse (z.B. Golf)","Schrägheck","gasoline",2017,8319,21.39,5.4,9.7,4,1.376,8.391564,41303000
"5124","Renault","Renault","Modus","Kleinwagen (z.B. Polo)","Van","diesel",2012,102,15.125,4.1,5.5,4,1.28,6.757386,39708000
"5125","Renault","Renault","Modus","Kleinwagen (z.B. Polo)","Van","diesel",2012,140,18.975,4.1,6.5,4,1.29,6.757386,39708000
"5126","Renault","Renault","Modus","Kleinwagen (z.B. Polo)","Van","gasoline",2012,1840,14.2,5.9,5.5,4,1.155,6.620666,39708000
"5127","Renault","Renault","Modus","Kleinwagen (z.B. Polo)","Van","gasoline",2013,367,14.2,5.9,5.5,4,1.155,6.620666,39931000
"5128","Renault","Renault","Modus","Kleinwagen (z.B. Polo)","Van","gasoline",2012,1129,15.7,6,7.6,4,1.2,6.757386,39708000
"5129","Renault","Renault","Modus","Kleinwagen (z.B. Polo)","Van","gasoline",2013,217,15.7,6,7.6,4,1.2,6.757386,39931000
"5130","Renault","Renault","Modus","Kleinwagen (z.B. Polo)","Van","gasoline",2012,587,17.4,7.65,8.2,4,1.295,6.757386,39708000
"5131","Renault","Renault","Scenic","Untere Mittelklasse (z.B. Golf)","Van","diesel",2012,593,30.025,7,11,4,1.65,8.234235,39708000
"5132","Renault","Renault","Scenic","Untere Mittelklasse (z.B. Golf)","Van","diesel",2013,333,30.025,7,11,4,1.65,8.234235,39931000
"5133","Renault","Renault","Scenic","Untere Mittelklasse (z.B. Golf)","Van","diesel",2014,340,30.2,7,11,4,1.654,8.2462275,40224000
"5134","Renault","Renault","Scenic","Untere Mittelklasse (z.B. Golf)","Van","diesel",2015,256,30.1,6.9,11,4,1.6525,8.2462275,40775000
"5135","Renault","Renault","Scenic","Untere Mittelklasse (z.B. Golf)","Van","diesel",2012,221,28.725,6.6,11.8,4,1.64,8.234235,39708000
"5136","Renault","Renault","Scenic","Untere Mittelklasse (z.B. Golf)","Van","diesel",2013,177,28.725,6.6,11.8,4,1.64,8.234235,39931000
"5137","Renault","Renault","Scenic","Untere Mittelklasse (z.B. Golf)","Van","diesel",2014,147,28.9,6.6,11.8,4,1.6515,8.2462275,40224000
"5138","Renault","Renault","Scenic","Untere Mittelklasse (z.B. Golf)","Van","diesel",2015,109,28.8,6.6,11.8,4,1.6515,8.2462275,40775000
"5139","Renault","Renault","Scenic","Untere Mittelklasse (z.B. Golf)","Van","diesel",2016,262,37.24,4.6,11.8,4,1.6665,8.43432,40959000
"5140","Renault","Renault","Scenic","Untere Mittelklasse (z.B. Golf)","Van","diesel",2017,1814,37.24,4.6,11.8,4,1.6665,8.43432,41303000
"5141","Renault","Renault","Scenic","Untere Mittelklasse (z.B. Golf)","Van","diesel",2012,279,23.15,4.9,7.8,4,1.485,8.4132,39708000
"5142","Renault","Renault","Scenic","Untere Mittelklasse (z.B. Golf)","Van","diesel",2012,4803,24.2,4.7,8.1,4,1.505,8.06634,39708000
"5143","Renault","Renault","Scenic","Untere Mittelklasse (z.B. Golf)","Van","diesel",2013,4684,24.2,4.7,8.1,4,1.505,8.06634,39931000
"5144","Renault","Renault","Scenic","Untere Mittelklasse (z.B. Golf)","Van","diesel",2014,6306,24.05,4.4,8.1,4,1.505,8.06634,40224000
"5145","Renault","Renault","Scenic","Untere Mittelklasse (z.B. Golf)","Van","diesel",2015,7917,23.99,4.4,8.1,4,1.505,8.06634,40775000
"5146","Renault","Renault","Scenic","Untere Mittelklasse (z.B. Golf)","Van","diesel",2016,3671,23.99,4.4,8.1,4,1.505,8.06634,40959000
"5147","Renault","Renault","Scenic","Untere Mittelklasse (z.B. Golf)","Van","diesel",2017,2970,25.29,3.9,8.1,4,1.505,8.221596,41303000
"5148","Renault","Renault","Scenic","Untere Mittelklasse (z.B. Golf)","Van","diesel",2012,6423,28.1,4.4,9.6,4,1.506,8.06634,39708000
"5149","Renault","Renault","Scenic","Untere Mittelklasse (z.B. Golf)","Van","diesel",2013,5125,28.1,4.4,9.6,4,1.506,8.06634,39931000
"5150","Renault","Renault","Scenic","Untere Mittelklasse (z.B. Golf)","Van","diesel",2014,4746,28.1,4.4,9.6,4,1.506,8.06634,40224000
"5151","Renault","Renault","Scenic","Untere Mittelklasse (z.B. Golf)","Van","diesel",2015,4529,28.45,4.4,9.6,4,1.506,8.06634,40775000
"5152","Renault","Renault","Scenic","Untere Mittelklasse (z.B. Golf)","Van","diesel",2016,2711,28.45,4.4,9.6,4,1.506,8.06634,40959000
"5153","Renault","Renault","Scenic","Untere Mittelklasse (z.B. Golf)","Van","diesel",2017,1649,29.09,4.5,9.6,4,1.615,8.221596,41303000
"5154","Renault","Renault","Scenic","Untere Mittelklasse (z.B. Golf)","Van","gasoline",2012,947,25.45,8.1,10.3,4,1.504,8.234235,39708000
"5155","Renault","Renault","Scenic","Untere Mittelklasse (z.B. Golf)","Van","gasoline",2013,388,25.45,8.1,10.3,4,1.504,8.234235,39931000
"5156","Renault","Renault","Scenic","Untere Mittelklasse (z.B. Golf)","Van","gasoline",2014,270,26.025,8.1,10.3,4,1.504,8.2462275,40224000
"5157","Renault","Renault","Scenic","Untere Mittelklasse (z.B. Golf)","Van","gasoline",2015,139,26.3,8.1,10.3,4,1.504,8.2462275,40775000
"5158","Renault","Renault","Scenic","Untere Mittelklasse (z.B. Golf)","Van","gasoline",2012,2501,20.7,7.4,8.1,4,1.395,8.05527,39708000
"5159","Renault","Renault","Scenic","Untere Mittelklasse (z.B. Golf)","Van","gasoline",2013,1827,20.7,7.4,8.1,4,1.395,8.05527,39931000
"5160","Renault","Renault","Scenic","Untere Mittelklasse (z.B. Golf)","Van","gasoline",2014,584,20.295,7.4,8.1,4,1.395,8.05527,40224000
"5161","Renault","Renault","Scenic","Untere Mittelklasse (z.B. Golf)","Van","gasoline",2015,198,20.295,7.4,8.1,4,1.4145,8.060805,40775000
"5162","Renault","Renault","Scenic","Untere Mittelklasse (z.B. Golf)","Van","gasoline",2012,519,22.42,6.1,8.5,4,1.416,8.06634,39708000
"5163","Renault","Renault","Scenic","Untere Mittelklasse (z.B. Golf)","Van","gasoline",2013,3190,22.42,6.1,8.5,4,1.416,8.06634,39931000
"5164","Renault","Renault","Scenic","Untere Mittelklasse (z.B. Golf)","Van","gasoline",2014,1676,22.42,6.1,8.5,4,1.416,8.06634,40224000
"5165","Renault","Renault","Scenic","Untere Mittelklasse (z.B. Golf)","Van","gasoline",2015,1086,22.34,6.1,8.5,4,1.416,8.06634,40775000
"5166","Renault","Renault","Scenic","Untere Mittelklasse (z.B. Golf)","Van","gasoline",2016,1115,22.34,6.1,8.5,4,1.416,8.06634,40959000
"5167","Renault","Renault","Scenic","Untere Mittelklasse (z.B. Golf)","Van","gasoline",2017,2776,23.69,5.8,8.5,4,1.503,8.221596,41303000
"5168","Renault","Renault","Scenic","Untere Mittelklasse (z.B. Golf)","Van","gasoline",2012,2079,24.575,7.3,9.6,4,1.445,8.234235,39708000
"5169","Renault","Renault","Scenic","Untere Mittelklasse (z.B. Golf)","Van","gasoline",2013,428,24.575,7.3,9.6,4,1.445,8.234235,39931000
"5170","Renault","Renault","Scenic","Untere Mittelklasse (z.B. Golf)","Van","gasoline",2013,1691,21.59,6.2,9.7,4,1.395,8.05527,39931000
"5171","Renault","Renault","Scenic","Untere Mittelklasse (z.B. Golf)","Van","gasoline",2014,2569,21.59,6.2,9.7,4,1.395,8.05527,40224000
"5172","Renault","Renault","Scenic","Untere Mittelklasse (z.B. Golf)","Van","gasoline",2015,1873,21.59,6.2,9.7,4,1.395,8.05527,40775000
"5173","Renault","Renault","Scenic","Untere Mittelklasse (z.B. Golf)","Van","gasoline",2016,1902,21.59,6.2,9.7,4,1.395,8.05527,40959000
"5174","Renault","Renault","Scenic","Untere Mittelklasse (z.B. Golf)","Van","gasoline",2017,4539,28.14,5.95,9.7,4,1.505,8.43432,41303000
"5175","Renault","Renault","Talisman","Mittelklasse (z.B. BMW 3er-Reihe)","Stufenheck","diesel",2016,2589,37.3,4.55,11.8,4,1.615,9.08782,40959000
"5176","Renault","Renault","Talisman","Mittelklasse (z.B. BMW 3er-Reihe)","Stufenheck","diesel",2017,2007,37,4.6,11.8,4,1.615,9.08782,41303000
"5177","Renault","Renault","Talisman","Mittelklasse (z.B. BMW 3er-Reihe)","Stufenheck","diesel",2016,714,32.9,4.2,9.6,4,1.591,9.08782,40959000
"5178","Renault","Renault","Talisman","Mittelklasse (z.B. BMW 3er-Reihe)","Stufenheck","diesel",2017,711,32.9,4.2,9.6,4,1.591,9.08782,41303000
"5179","Renault","Renault","Talisman","Mittelklasse (z.B. BMW 3er-Reihe)","Stufenheck","gasoline",2016,272,31.825,5.7,11,4,1.505,9.057932,40959000
"5180","Renault","Renault","Talisman","Mittelklasse (z.B. BMW 3er-Reihe)","Stufenheck","gasoline",2017,367,34.35,6,11,4,1.569,9.08782,41303000
"5181","Renault","Renault","Talisman","Mittelklasse (z.B. BMW 3er-Reihe)","Stufenheck","gasoline",2016,685,36.25,5.9,14.7,4,1.567,9.08782,40959000
"5182","Renault","Renault","Talisman","Mittelklasse (z.B. BMW 3er-Reihe)","Stufenheck","gasoline",2017,1022,35.95,6,14.7,4,1.569,9.08782,41303000
"5183","Renault","Renault","Twingo","Kleinstwagen  (z.B. Twingo)","Schrägheck","diesel",2012,253,15.5,3.3,6.3,4,1.055,6.101985,39708000
"5184","Renault","Renault","Twingo","Kleinstwagen  (z.B. Twingo)","Schrägheck","diesel",2013,195,15.5,3.3,6.3,4,1.055,6.101985,39931000
"5185","Renault","Renault","Twingo","Kleinstwagen  (z.B. Twingo)","Schrägheck","gasoline",2016,8389,9.99,5,5.1,3,0.939,5.920965,40959000
"5186","Renault","Renault","Twingo","Kleinstwagen  (z.B. Twingo)","Schrägheck","gasoline",2017,14255,9.99,5,5.1,3,0.939,5.920965,41303000
"5187","Renault","Renault","Twingo","Kleinstwagen (z.B. Twingo)","Schrägheck","gasoline",2014,6287,10.99,4.2,5.2,3,0.94,5.920965,40224000
"5188","Renault","Renault","Twingo","Kleinstwagen (z.B. Twingo)","Schrägheck","gasoline",2015,16961,10.99,4.2,5.2,3,0.94,5.920965,40775000
"5189","Renault","Renault","Twingo","Kleinstwagen (z.B. Twingo)","Schrägheck","gasoline",2016,7608,10.99,4.2,5.2,3,0.94,5.920965,40959000
"5190","Renault","Renault","Twingo","Kleinstwagen (z.B. Twingo)","Schrägheck","gasoline",2017,1279,10.99,4.2,5.2,3,0.94,5.920965,41303000
"5191","Renault","Renault","Twingo","Kleinstwagen (z.B. Twingo)","Schrägheck","gasoline",2012,20093,12.24,5.1,5.5,4,1.019,5.96131,39708000
"5192","Renault","Renault","Twingo","Kleinstwagen (z.B. Twingo)","Schrägheck","gasoline",2013,18526,12.445,4.7,5.5,4,0.939,6.101985,39931000
"5193","Renault","Renault","Twingo","Kleinstwagen (z.B. Twingo)","Schrägheck","gasoline",2014,13992,12.445,4.7,5.5,4,0.939,6.101985,40224000
"5194","Renault","Renault","Twingo","Kleinstwagen  (z.B. Twingo)","Schrägheck","gasoline",2014,844,12.09,4.3,6.6,3,1.018,5.920965,40224000
"5195","Renault","Renault","Twingo","Kleinstwagen  (z.B. Twingo)","Schrägheck","gasoline",2015,4141,12.09,4.3,6.6,3,1.018,5.920965,40775000
"5196","Renault","Renault","Twingo","Kleinstwagen  (z.B. Twingo)","Schrägheck","gasoline",2016,3763,12.09,4.3,6.6,3,1.018,5.920965,40959000
"5197","Renault","Renault","Twingo","Kleinstwagen  (z.B. Twingo)","Schrägheck","gasoline",2017,2686,12.09,4.3,6.6,3,1.018,5.920965,41303000
"5198","Renault","Renault","Twingo","Kleinstwagen  (z.B. Twingo)","Schrägheck","gasoline",2012,531,14.095,5.7,7.5,4,1.053,6.0316475,39708000
"5199","Renault","Renault","Twingo","Kleinstwagen  (z.B. Twingo)","Schrägheck","gasoline",2013,265,14.2,5.7,7.5,4,1.051,6.101985,39931000
"5200","Renault","Renault","Twingo","Kleinstwagen  (z.B. Twingo)","Schrägheck","gasoline",2017,596,15.69,5.3,8,3,1.076,6.017803,41303000
"5201","Renault","Renault","Twingo","Kleinstwagen  (z.B. Twingo)","Schrägheck","gasoline",2012,181,16.99,6.7,9.8,4,1.124,6.088616,39708000
"5202","Renault","Renault","Twingo","Kleinstwagen  (z.B. Twingo)","Schrägheck","gasoline",2013,135,16.99,6.5,9.8,4,1.133,6.088616,39931000
"5203","Renault","Renault","Wind","Kleinstwagen  (z.B. Twingo)","Roadster","gasoline",2012,529,19.6,6.3,7.5,4,1.206,6.499944,39708000
"5204","Renault","Renault","Wind","Kleinstwagen  (z.B. Twingo)","Roadster","gasoline",2013,180,19.6,6.3,7.5,4,1.206,6.499944,39931000
"5205","SEAT","VW","Alhambra","Mittelklasse (z.B. BMW 3er-Reihe)","Van","diesel",2012,4200,35.34,5.6,10.3,4,1.7885,9.242016,39708000
"5206","SEAT","VW","Alhambra","Mittelklasse (z.B. BMW 3er-Reihe)","Van","diesel",2013,5545,35.34,5.6,10.3,4,1.7885,9.242016,39931000
"5207","SEAT","VW","Alhambra","Mittelklasse (z.B. BMW 3er-Reihe)","Van","diesel",2014,6621,35.34,5.6,10.3,4,1.7885,9.242016,40224000
"5208","SEAT","VW","Alhambra","Mittelklasse (z.B. BMW 3er-Reihe)","Van","diesel",2015,4600,35.34,5.6,10.3,4,1.7885,9.242016,40775000
"5209","SEAT","VW","Alhambra","Mittelklasse (z.B. BMW 3er-Reihe)","Van","diesel",2015,3332,38.0375,5.15,11,4,1.7825,9.242016,40775000
"5210","SEAT","VW","Alhambra","Mittelklasse (z.B. BMW 3er-Reihe)","Van","diesel",2016,7781,38.09,5.15,11,4,1.7825,9.242016,40959000
"5211","SEAT","VW","Alhambra","Mittelklasse (z.B. BMW 3er-Reihe)","Van","diesel",2017,4897,38.09,5.2,11,4,1.785,9.242016,41303000
"5212","SEAT","VW","Alhambra","Mittelklasse (z.B. BMW 3er-Reihe)","Van","diesel",2012,2085,34.94,5.85,12.5,4,1.7985,9.242016,39708000
"5213","SEAT","VW","Alhambra","Mittelklasse (z.B. BMW 3er-Reihe)","Van","diesel",2013,392,34.94,5.85,12.5,4,1.7985,9.242016,39931000
"5214","SEAT","VW","Alhambra","Mittelklasse (z.B. BMW 3er-Reihe)","Van","diesel",2013,1547,35.955,5.8,13,4,1.797,9.242016,39931000
"5215","SEAT","VW","Alhambra","Mittelklasse (z.B. BMW 3er-Reihe)","Van","diesel",2014,2639,35.955,5.8,13,4,1.797,9.242016,40224000
"5216","SEAT","VW","Alhambra","Mittelklasse (z.B. BMW 3er-Reihe)","Van","diesel",2015,1699,35.955,5.8,13,4,1.797,9.242016,40775000
"5217","SEAT","VW","Alhambra","Mittelklasse (z.B. BMW 3er-Reihe)","Van","diesel",2015,1138,38.69,5.3,13.5,4,1.8,9.242016,40775000
"5218","SEAT","VW","Alhambra","Mittelklasse (z.B. BMW 3er-Reihe)","Van","diesel",2016,3703,38.69,5.3,13.5,4,1.8,9.242016,40959000
"5219","SEAT","VW","Alhambra","Mittelklasse (z.B. BMW 3er-Reihe)","Van","diesel",2017,3070,38.69,5.3,13.5,4,1.8,9.242016,41303000
"5220","SEAT","VW","Alhambra","Mittelklasse (z.B. BMW 3er-Reihe)","Van","diesel",2012,130,33.305,5.5,8.5,4,1.772,9.242016,39708000
"5221","SEAT","VW","Alhambra","Mittelklasse (z.B. BMW 3er-Reihe)","Van","diesel",2013,123,33.305,5.5,8.5,4,1.772,9.242016,39931000
"5222","SEAT","VW","Alhambra","Mittelklasse (z.B. BMW 3er-Reihe)","Van","diesel",2014,152,33.305,5.5,8.5,4,1.772,9.242016,40224000
"5223","SEAT","VW","Alhambra","Mittelklasse (z.B. BMW 3er-Reihe)","Van","diesel",2015,116,33.305,5.5,8.5,4,1.772,9.242016,40775000
"5224","SEAT","VW","Alhambra","Mittelklasse (z.B. BMW 3er-Reihe)","Van","gasoline",2012,564,29.605,7.2,11,4,1.723,9.242016,39708000
"5225","SEAT","VW","Alhambra","Mittelklasse (z.B. BMW 3er-Reihe)","Van","gasoline",2013,574,29.605,7.2,11,4,1.723,9.242016,39931000
"5226","SEAT","VW","Alhambra","Mittelklasse (z.B. BMW 3er-Reihe)","Van","gasoline",2014,671,35.365,6.4,11,4,1.703,9.242016,40224000
"5227","SEAT","VW","Alhambra","Mittelklasse (z.B. BMW 3er-Reihe)","Van","gasoline",2015,852,35.42,6.4,11,4,1.703,9.242016,40775000
"5228","SEAT","VW","Alhambra","Mittelklasse (z.B. BMW 3er-Reihe)","Van","gasoline",2016,1244,35.47,6.4,11,4,1.703,9.242016,40959000
"5229","SEAT","VW","Alhambra","Mittelklasse (z.B. BMW 3er-Reihe)","Van","gasoline",2017,2978,35.47,6.6,11,4,1.703,9.242016,41303000
"5230","SEAT","VW","Alhambra","Mittelklasse (z.B. BMW 3er-Reihe)","Van","gasoline",2016,293,38.96,7.2,16.2,4,1.79,9.242016,40959000
"5231","SEAT","VW","Alhambra","Mittelklasse (z.B. BMW 3er-Reihe)","Van","gasoline",2017,766,38.96,7.2,16.2,4,1.79,9.242016,41303000
"5232","SEAT","VW","Altea","Untere Mittelklasse (z.B. Golf)","Van","diesel",2012,806,25.34,5.8,10.3,4,1.54,7.897656,39708000
"5233","SEAT","VW","Altea","Untere Mittelklasse (z.B. Golf)","Van","diesel",2013,712,25.89,5.7,10.3,4,1.588,7.897656,39931000
"5234","SEAT","VW","Altea","Untere Mittelklasse (z.B. Golf)","Van","diesel",2014,684,25.89,5.7,10.3,4,1.588,7.897656,40224000
"5235","SEAT","VW","Altea","Untere Mittelklasse (z.B. Golf)","Van","diesel",2015,438,25.89,5.7,10.3,4,1.588,7.897656,40775000
"5236","SEAT","VW","Altea","Untere Mittelklasse (z.B. Golf)","Van","diesel",2012,145,30.19,6,12.5,4,1.615,8.033484,39708000
"5237","SEAT","VW","Altea","Untere Mittelklasse (z.B. Golf)","Van","diesel",2012,1427,23.49,4.8,7.7,4,1.48,7.56704,39708000
"5238","SEAT","VW","Altea","Untere Mittelklasse (z.B. Golf)","Van","diesel",2013,906,22.99,4.8,7.7,4,1.475,7.56704,39931000
"5239","SEAT","VW","Altea","Untere Mittelklasse (z.B. Golf)","Van","diesel",2014,784,22.99,4.8,7.7,4,1.475,7.56704,40224000
"5240","SEAT","VW","Altea","Untere Mittelklasse (z.B. Golf)","Van","diesel",2015,476,22.99,4.8,7.7,4,1.475,7.56704,40775000
"5241","SEAT","VW","Altea","Untere Mittelklasse (z.B. Golf)","Van","gasoline",2012,302,23.39,7.1,11.8,4,1.525,7.56704,39708000
"5242","SEAT","VW","Altea","Untere Mittelklasse (z.B. Golf)","Van","gasoline",2013,194,23.39,7.1,11.8,4,1.525,7.56704,39931000
"5243","SEAT","VW","Altea","Untere Mittelklasse (z.B. Golf)","Van","gasoline",2012,1184,19.29,5.7,7.7,4,1.36,7.56704,39708000
"5244","SEAT","VW","Altea","Untere Mittelklasse (z.B. Golf)","Van","gasoline",2013,960,19.19,5.7,7.7,4,1.415,7.897656,39931000
"5245","SEAT","VW","Altea","Untere Mittelklasse (z.B. Golf)","Van","gasoline",2014,1454,19.19,5.7,7.7,4,1.415,7.897656,40224000
"5246","SEAT","VW","Altea","Untere Mittelklasse (z.B. Golf)","Van","gasoline",2015,1052,19.19,5.7,7.7,4,1.415,7.897656,40775000
"5247","SEAT","VW","Altea","Untere Mittelklasse (z.B. Golf)","Van","gasoline",2012,2005,20.29,6.5,9.2,4,1.439,7.56704,39708000
"5248","SEAT","VW","Altea","Untere Mittelklasse (z.B. Golf)","Van","gasoline",2013,1854,20.29,6.5,9.2,4,1.439,7.56704,39931000
"5249","SEAT","VW","Altea","Untere Mittelklasse (z.B. Golf)","Van","gasoline",2014,1547,20.29,6.5,9.2,4,1.439,7.56704,40224000
"5250","SEAT","VW","Altea","Untere Mittelklasse (z.B. Golf)","Van","gasoline",2015,1670,20.29,6.5,9.2,4,1.439,7.56704,40775000
"5251","SEAT","VW","Arona","Kleinwagen (z.B. Polo)","SUV","gasoline",2017,214,17.555,4.9,7,3,1.165,7.36564,41303000
"5252","SEAT","VW","Arona","Kleinwagen (z.B. Polo)","SUV","gasoline",2017,662,21.12,4.9,8.5,3,1.187,7.36564,41303000
"5253","SEAT","VW","Ateca","Untere Mittelklasse (z.B. Golf)","SUV","diesel",2016,1725,30.13,5,11,4,1.548,8.032283,40959000
"5254","SEAT","VW","Ateca","Untere Mittelklasse (z.B. Golf)","SUV","diesel",2017,2067,30.13,5,11,4,1.548,8.032283,41303000
"5255","SEAT","VW","Ateca","Untere Mittelklasse (z.B. Golf)","SUV","diesel",2016,1596,36.9925,5.5,14,4,1.589,8.032283,40959000
"5256","SEAT","VW","Ateca","Untere Mittelklasse (z.B. Golf)","SUV","diesel",2017,4328,36.9925,5.5,14,4,1.589,8.032283,41303000
"5257","SEAT","VW","Ateca","Untere Mittelklasse (z.B. Golf)","SUV","diesel",2016,173,26.335,4.5,8.5,4,1.375,8.032283,40959000
"5258","SEAT","VW","Ateca","Untere Mittelklasse (z.B. Golf)","SUV","diesel",2017,614,24.95,4.5,8.5,4,1.375,8.032283,41303000
"5259","SEAT","VW","Ateca","Untere Mittelklasse (z.B. Golf)","SUV","gasoline",2016,2937,27.82,5.4,11,4,1.359,8.032283,40959000
"5260","SEAT","VW","Ateca","Untere Mittelklasse (z.B. Golf)","SUV","gasoline",2017,10075,27.82,5.4,11,4,1.359,8.032283,41303000
"5261","SEAT","VW","Ateca","Untere Mittelklasse (z.B. Golf)","SUV","gasoline",2017,815,33.985,6.95,14,4,1.5385,8.032283,41303000
"5262","SEAT","VW","Ateca","Untere Mittelklasse (z.B. Golf)","SUV","gasoline",2016,458,22.655,5.2,8.5,3,1.28,8.032283,40959000
"5263","SEAT","VW","Ateca","Untere Mittelklasse (z.B. Golf)","SUV","gasoline",2017,1024,20.98,5.2,8.5,3,1.28,8.032283,41303000
"5264","SEAT","VW","Exeo","Mittelklasse (z.B. BMW 3er-Reihe)","Stufenheck","diesel",2012,2448,29.57,5.3,10.5,4,1.565,8.268152,39708000
"5265","SEAT","VW","Exeo","Mittelklasse (z.B. BMW 3er-Reihe)","Stufenheck","diesel",2013,1859,29.57,5,10.5,4,1.565,8.268152,39931000
"5266","SEAT","VW","Exeo","Mittelklasse (z.B. BMW 3er-Reihe)","Stufenheck","diesel",2012,885,30.89,5.55,12.5,4,1.59,8.268152,39708000
"5267","SEAT","VW","Exeo","Mittelklasse (z.B. BMW 3er-Reihe)","Kombi","diesel",2013,327,31.42,5.4,12.5,4,1.59,8.268152,39931000
"5268","SEAT","VW","Exeo","Mittelklasse (z.B. BMW 3er-Reihe)","Stufenheck","diesel",2012,475,27.25,5,8.8,4,1.565,8.268152,39708000
"5269","SEAT","VW","Exeo","Mittelklasse (z.B. BMW 3er-Reihe)","Kombi","diesel",2013,277,27.87,4.75,8.8,4,1.565,8.268152,39931000
"5270","SEAT","VW","Exeo","Mittelklasse (z.B. BMW 3er-Reihe)","Stufenheck","gasoline",2012,226,28.14,7.4,11.8,4,1.555,8.268152,39708000
"5271","SEAT","VW","Exeo","Mittelklasse (z.B. BMW 3er-Reihe)","Stufenheck","gasoline",2013,155,28.67,7.4,11.8,4,1.555,8.268152,39931000
"5272","SEAT","VW","Exeo","Mittelklasse (z.B. BMW 3er-Reihe)","Stufenheck","gasoline",2012,123,30.29,7,15.5,4,1.565,8.268152,39708000
"5273","SEAT","VW","Exeo","Mittelklasse (z.B. BMW 3er-Reihe)","Stufenheck","gasoline",2012,270,24.42,7.4,8.8,4,1.545,8.268152,39708000
"5274","SEAT","VW","Exeo","Mittelklasse (z.B. BMW 3er-Reihe)","Stufenheck","gasoline",2013,109,24.87,7.4,8.8,4,1.545,8.268152,39931000
"5275","SEAT","VW","Ibiza","Kleinwagen (z.B. Polo)","Schrägheck","diesel",2012,443,20.9725,4.6,10.5,4,1.245,6.871887,39708000
"5276","SEAT","VW","Ibiza","Kleinwagen (z.B. Polo)","Schrägheck","diesel",2013,227,20.9725,4.6,10.5,4,1.245,6.871887,39931000
"5277","SEAT","VW","Ibiza","Kleinwagen (z.B. Polo)","Schrägheck","diesel",2014,219,21.105,4.6,10.5,4,1.245,6.897282,40224000
"5278","SEAT","VW","Ibiza","Kleinwagen (z.B. Polo)","Schrägheck","diesel",2012,1079,16.395,3.6,5.5,3,1.1425,6.8524175,39708000
"5279","SEAT","VW","Ibiza","Kleinwagen (z.B. Polo)","Schrägheck","diesel",2013,1738,17.685,3.65,5.5,3,1.1975,7.171548,39931000
"5280","SEAT","VW","Ibiza","Kleinwagen (z.B. Polo)","Schrägheck","diesel",2014,795,16.595,3.6,5.5,3,1.1425,6.860036,40224000
"5281","SEAT","VW","Ibiza","Kleinwagen (z.B. Polo)","Schrägheck","diesel",2015,731,16.595,3.6,5.5,3,1.1425,6.860036,40775000
"5282","SEAT","VW","Ibiza","Kleinwagen (z.B. Polo)","Schrägheck","diesel",2016,397,16.745,3.6,5.5,3,1.155,6.860036,40959000
"5283","SEAT","VW","Ibiza","Kleinwagen (z.B. Polo)","Schrägheck","diesel",2017,108,16.745,3.6,5.5,3,1.155,6.860036,41303000
"5284","SEAT","VW","Ibiza","Kleinwagen (z.B. Polo)","Schrägheck","diesel",2012,799,17.77,4.2,6.6,4,1.17,6.844799,39708000
"5285","SEAT","VW","Ibiza","Kleinwagen (z.B. Polo)","Schrägheck","diesel",2013,645,17.77,4.2,6.6,4,1.17,6.844799,39931000
"5286","SEAT","VW","Ibiza","Kleinwagen (z.B. Polo)","Schrägheck","diesel",2014,568,17.685,4.2,6.6,4,1.17,6.860036,40224000
"5287","SEAT","VW","Ibiza","Kleinwagen (z.B. Polo)","Schrägheck","diesel",2015,635,17.685,4.2,6.6,4,1.17,6.860036,40775000
"5288","SEAT","VW","Ibiza","Kleinwagen (z.B. Polo)","Schrägheck","diesel",2016,575,19.015,3.7,6.6,3,1.155,6.844799,40959000
"5289","SEAT","VW","Ibiza","Kleinwagen (z.B. Polo)","Schrägheck","diesel",2017,143,19.015,3.7,6.6,3,1.155,6.844799,41303000
"5290","SEAT","VW","Ibiza","Kleinwagen (z.B. Polo)","Schrägheck","diesel",2012,1173,18.495,4.2,7.7,4,1.17,6.860036,39708000
"5291","SEAT","VW","Ibiza","Kleinwagen (z.B. Polo)","Schrägheck","diesel",2013,935,19.395,4.2,7.7,4,1.225,7.171548,39931000
"5292","SEAT","VW","Ibiza","Kleinwagen (z.B. Polo)","Schrägheck","diesel",2014,909,18.435,4.2,7.7,4,1.17,6.875273,40224000
"5293","SEAT","VW","Ibiza","Kleinwagen (z.B. Polo)","Schrägheck","diesel",2015,948,18.435,4.2,7.7,4,1.17,6.875273,40775000
"5294","SEAT","VW","Ibiza","Kleinwagen (z.B. Polo)","Schrägheck","diesel",2016,744,19.295,3.9,7.7,3,1.161,6.875273,40959000
"5295","SEAT","VW","Ibiza","Kleinwagen (z.B. Polo)","Schrägheck","diesel",2017,119,19.295,3.9,7.7,3,1.161,6.875273,41303000
"5296","SEAT","VW","Ibiza","Kleinwagen (z.B. Polo)","Schrägheck","gasoline",2014,127,20.215,4.7,10.3,4,1.167,6.897282,40224000
"5297","SEAT","VW","Ibiza","Kleinwagen (z.B. Polo)","Schrägheck","gasoline",2012,336,20.775,5.9,11,4,1.254,6.883738,39708000
"5298","SEAT","VW","Ibiza","Kleinwagen (z.B. Polo)","Schrägheck","gasoline",2013,116,20.775,5.9,11,4,1.254,6.883738,39931000
"5299","SEAT","VW","Ibiza","Kleinwagen (z.B. Polo)","Schrägheck","gasoline",2016,130,20.775,5.9,11,4,1.254,6.883738,40959000
"5300","SEAT","VW","Ibiza","Kleinwagen (z.B. Polo)","Schrägheck","gasoline",2017,141,21.365,4.9,11,4,1.184,7.22502,41303000
"5301","SEAT","VW","Ibiza","Kleinwagen (z.B. Polo)","Schrägheck","gasoline",2013,474,22.875,6.15,13.2,4,1.259,6.8473385,39931000
"5302","SEAT","VW","Ibiza","Kleinwagen (z.B. Polo)","Schrägheck","gasoline",2014,193,23.76,5.9,13.2,4,1.259,6.865115,40224000
"5303","SEAT","VW","Ibiza","Kleinwagen (z.B. Polo)","Schrägheck","gasoline",2016,953,22.36,6.2,14.1,4,1.26,6.883738,40959000
"5304","SEAT","VW","Ibiza","Kleinwagen (z.B. Polo)","Schrägheck","gasoline",2017,165,22.36,6.2,14.1,4,1.26,6.883738,41303000
"5305","SEAT","VW","Ibiza","Kleinwagen (z.B. Polo)","Schrägheck","gasoline",2012,418,11.34,5.4,4.4,3,1.049,6.8524175,39708000
"5306","SEAT","VW","Ibiza","Kleinwagen (z.B. Polo)","Schrägheck","gasoline",2013,149,11.34,5.4,4.4,3,1.049,6.8524175,39931000
"5307","SEAT","VW","Ibiza","Kleinwagen (z.B. Polo)","Schrägheck","gasoline",2012,7303,14.08,5.4,5.1,3,1.049,6.860036,39708000
"5308","SEAT","VW","Ibiza","Kleinwagen (z.B. Polo)","Schrägheck","gasoline",2013,7629,14.08,5.4,5.1,3,1.049,6.860036,39931000
"5309","SEAT","VW","Ibiza","Kleinwagen (z.B. Polo)","Schrägheck","gasoline",2014,6048,14.11,5.4,5.1,3,1.049,6.875273,40224000
"5310","SEAT","VW","Ibiza","Kleinwagen (z.B. Polo)","Schrägheck","gasoline",2015,4052,14.11,5.4,5.1,3,1.049,6.875273,40775000
"5311","SEAT","VW","Ibiza","Kleinwagen (z.B. Polo)","Schrägheck","gasoline",2015,1539,14.29,5.2,5.5,3,1.043,6.844799,40775000
"5312","SEAT","VW","Ibiza","Kleinwagen (z.B. Polo)","Schrägheck","gasoline",2016,4037,14.29,5.2,5.5,3,1.043,6.844799,40959000
"5313","SEAT","VW","Ibiza","Kleinwagen (z.B. Polo)","Schrägheck","gasoline",2017,7533,14.29,5.2,5.5,3,1.043,6.844799,41303000
"5314","SEAT","VW","Ibiza","Kleinwagen (z.B. Polo)","Schrägheck","gasoline",2012,11559,15.25,5.9,6.3,4,1.075,6.844799,39708000
"5315","SEAT","VW","Ibiza","Kleinwagen (z.B. Polo)","Schrägheck","gasoline",2013,10389,15.25,5.9,6.3,4,1.075,6.844799,39931000
"5316","SEAT","VW","Ibiza","Kleinwagen (z.B. Polo)","Schrägheck","gasoline",2014,7968,14.91,5.9,6.3,4,1.075,6.844799,40224000
"5317","SEAT","VW","Ibiza","Kleinwagen (z.B. Polo)","Schrägheck","gasoline",2015,5510,14.91,5.9,6.3,4,1.075,6.844799,40775000
"5318","SEAT","VW","Ibiza","Kleinwagen (z.B. Polo)","Schrägheck","gasoline",2015,3220,16.145,4.9,6.6,4,1.089,6.860036,40775000
"5319","SEAT","VW","Ibiza","Kleinwagen (z.B. Polo)","Schrägheck","gasoline",2016,8210,16.145,4.9,6.6,4,1.089,6.860036,40959000
"5320","SEAT","VW","Ibiza","Kleinwagen (z.B. Polo)","Schrägheck","gasoline",2017,4109,16.145,4.9,6.6,4,1.089,6.860036,41303000
"5321","SEAT","VW","Ibiza","Kleinwagen (z.B. Polo)","Schrägheck","gasoline",2015,929,17.14,4.3,7,3,1.095,6.875273,40775000
"5322","SEAT","VW","Ibiza","Kleinwagen (z.B. Polo)","Schrägheck","gasoline",2016,1728,17.14,4.3,7,3,1.095,6.875273,40959000
"5323","SEAT","VW","Ibiza","Kleinwagen (z.B. Polo)","Schrägheck","gasoline",2017,5757,18.3075,4.7,7,3,1.122,7.22502,41303000
"5324","SEAT","VW","Ibiza","Kleinwagen (z.B. Polo)","Schrägheck","gasoline",2012,6310,17.21,5.1,7.7,4,1.095,6.860036,39708000
"5325","SEAT","VW","Ibiza","Kleinwagen (z.B. Polo)","Schrägheck","gasoline",2013,7515,17.21,5.1,7.7,4,1.095,6.860036,39931000
"5326","SEAT","VW","Ibiza","Kleinwagen (z.B. Polo)","Schrägheck","gasoline",2014,8510,17.11,5.1,7.7,4,1.095,6.875273,40224000
"5327","SEAT","VW","Ibiza","Kleinwagen (z.B. Polo)","Schrägheck","gasoline",2015,5387,17.11,5.1,7.7,4,1.095,6.875273,40775000
"5328","SEAT","VW","Ibiza","Kleinwagen (z.B. Polo)","Schrägheck","gasoline",2015,1785,17.74,4.3,8.1,3,1.109,6.844799,40775000
"5329","SEAT","VW","Ibiza","Kleinwagen (z.B. Polo)","Schrägheck","gasoline",2016,4727,17.74,4.3,8.1,3,1.109,6.844799,40959000
"5330","SEAT","VW","Ibiza","Kleinwagen (z.B. Polo)","Schrägheck","gasoline",2017,2251,17.74,4.3,8.1,3,1.109,6.844799,41303000
"5331","SEAT","VW","Ibiza","Kleinwagen (z.B. Polo)","Schrägheck","gasoline",2017,3513,19.61,4.85,8.5,3,1.1605,7.22502,41303000
"5332","SEAT","VW","Leon","Untere Mittelklasse (z.B. Golf)","Schrägheck","diesel",2012,708,24.99,5.3,10.3,4,1.455,7.62892,39708000
"5333","SEAT","VW","Leon","Untere Mittelklasse (z.B. Golf)","Schrägheck","diesel",2013,3081,26.44,4.35,11,4,1.305,7.748872,39931000
"5334","SEAT","VW","Leon","Untere Mittelklasse (z.B. Golf)","Schrägheck","diesel",2014,6315,27.75,4.4,11,4,1.358,8.23556,40224000
"5335","SEAT","VW","Leon","Untere Mittelklasse (z.B. Golf)","Schrägheck","diesel",2015,7838,28.1,4.4,11,4,1.358,8.23556,40775000
"5336","SEAT","VW","Leon","Untere Mittelklasse (z.B. Golf)","Schrägheck","diesel",2016,7082,28.1,4.4,11,4,1.358,8.23556,40959000
"5337","SEAT","VW","Leon","Untere Mittelklasse (z.B. Golf)","Schrägheck","diesel",2017,6028,28.3,4.4,11,4,1.369,8.247364,41303000
"5338","SEAT","VW","Leon","Untere Mittelklasse (z.B. Golf)","Schrägheck","diesel",2012,438,30.09,5.35,12.5,4,1.4825,7.643064,39708000
"5339","SEAT","VW","Leon","Untere Mittelklasse (z.B. Golf)","Schrägheck","diesel",2013,1014,28.17,4.5,13.5,4,1.37,7.756136,39931000
"5340","SEAT","VW","Leon","Untere Mittelklasse (z.B. Golf)","Schrägheck","diesel",2014,3322,29.37,4.6,13.5,4,1.415,8.23556,40224000
"5341","SEAT","VW","Leon","Untere Mittelklasse (z.B. Golf)","Schrägheck","diesel",2015,4303,30.08,4.6,13.5,4,1.415,8.259168,40775000
"5342","SEAT","VW","Leon","Untere Mittelklasse (z.B. Golf)","Schrägheck","diesel",2016,4431,30.08,4.6,13.5,4,1.415,8.259168,40959000
"5343","SEAT","VW","Leon","Untere Mittelklasse (z.B. Golf)","Schrägheck","diesel",2017,2669,30.08,4.6,13.5,4,1.415,8.259168,41303000
"5344","SEAT","VW","Leon","Untere Mittelklasse (z.B. Golf)","Schrägheck","diesel",2013,105,20.29,4.5,6.6,4,1.44,7.62892,39931000
"5345","SEAT","VW","Leon","Untere Mittelklasse (z.B. Golf)","Schrägheck","diesel",2014,119,20.605,4.1,6.6,4,1.326,8.23556,40224000
"5346","SEAT","VW","Leon","Untere Mittelklasse (z.B. Golf)","Schrägheck","diesel",2012,1715,22.59,4.5,7.7,4,1.44,7.62892,39708000
"5347","SEAT","VW","Leon","Untere Mittelklasse (z.B. Golf)","Schrägheck","diesel",2013,2149,23.46,3.85,7.7,4,1.296,7.741608,39931000
"5348","SEAT","VW","Leon","Untere Mittelklasse (z.B. Golf)","Schrägheck","diesel",2014,4213,23.89,3.8,7.7,4,1.331,8.23556,40224000
"5349","SEAT","VW","Leon","Untere Mittelklasse (z.B. Golf)","Schrägheck","diesel",2015,2339,23.89,3.8,7.7,4,1.331,8.23556,40775000
"5350","SEAT","VW","Leon","Untere Mittelklasse (z.B. Golf)","Schrägheck","diesel",2014,619,24.85,4.1,8.1,4,1.305,8.23556,40224000
"5351","SEAT","VW","Leon","Untere Mittelklasse (z.B. Golf)","Schrägheck","diesel",2015,2835,24.85,4.1,8.1,4,1.305,8.23556,40775000
"5352","SEAT","VW","Leon","Untere Mittelklasse (z.B. Golf)","Schrägheck","diesel",2016,3944,24.85,4.1,8.1,4,1.305,8.23556,40959000
"5353","SEAT","VW","Leon","Untere Mittelklasse (z.B. Golf)","Schrägheck","diesel",2017,128,24.85,4.1,8.1,4,1.305,8.23556,41303000
"5354","SEAT","VW","Leon","Untere Mittelklasse (z.B. Golf)","Schrägheck","diesel",2017,2588,25.98,4.1,8.5,4,1.305,8.260984,41303000
"5355","SEAT","VW","Leon","Untere Mittelklasse (z.B. Golf)","Schrägheck","gasoline",2013,5475,22.04,5.2,10.3,4,1.231,7.748872,39931000
"5356","SEAT","VW","Leon","Untere Mittelklasse (z.B. Golf)","Schrägheck","gasoline",2014,5416,21.24,5.2,10.3,4,1.231,7.741608,40224000
"5357","SEAT","VW","Leon","Untere Mittelklasse (z.B. Golf)","Schrägheck","gasoline",2015,121,21.24,5.2,10.3,4,1.231,7.741608,40775000
"5358","SEAT","VW","Leon","Untere Mittelklasse (z.B. Golf)","Schrägheck","gasoline",2014,2744,23.955,4.8,11,4,1.252,7.748872,40224000
"5359","SEAT","VW","Leon","Untere Mittelklasse (z.B. Golf)","Schrägheck","gasoline",2015,6608,26.15,4.9,11,4,1.277,8.259168,40775000
"5360","SEAT","VW","Leon","Untere Mittelklasse (z.B. Golf)","Schrägheck","gasoline",2016,10554,26.15,4.9,11,4,1.277,8.259168,40959000
"5361","SEAT","VW","Leon","Untere Mittelklasse (z.B. Golf)","Schrägheck","gasoline",2017,10093,26.15,4.9,11,4,1.277,8.259168,41303000
"5362","SEAT","VW","Leon","Untere Mittelklasse (z.B. Golf)","Schrägheck","gasoline",2012,488,23.94,6.7,11.8,4,1.4375,7.62892,39708000
"5363","SEAT","VW","Leon","Untere Mittelklasse (z.B. Golf)","Schrägheck","gasoline",2013,1988,26.14,5.8,13.2,4,1.327,7.756136,39931000
"5364","SEAT","VW","Leon","Untere Mittelklasse (z.B. Golf)","Schrägheck","gasoline",2014,2859,25.46,6,13.2,4,1.31,7.776112,40224000
"5365","SEAT","VW","Leon","Untere Mittelklasse (z.B. Golf)","Schrägheck","gasoline",2015,2634,26.965,5.9,13.2,4,1.3635,8.259168,40775000
"5366","SEAT","VW","Leon","Untere Mittelklasse (z.B. Golf)","Schrägheck","gasoline",2016,3376,26.965,5.9,13.2,4,1.3635,8.259168,40959000
"5367","SEAT","VW","Leon","Untere Mittelklasse (z.B. Golf)","Schrägheck","gasoline",2017,5619,26.965,5.9,13.2,4,1.3635,8.259168,41303000
"5368","SEAT","VW","Leon","Untere Mittelklasse (z.B. Golf)","Schrägheck","gasoline",2012,184,28.54,7.4,15.5,4,1.485,7.643064,39708000
"5369","SEAT","VW","Leon","Untere Mittelklasse (z.B. Golf)","Schrägheck","gasoline",2012,593,32.29,8.1,19.5,4,1.525,7.643064,39708000
"5370","SEAT","VW","Leon","Untere Mittelklasse (z.B. Golf)","Schrägheck","gasoline",2014,134,32.77,6.65,19.5,4,1.408,7.756136,40224000
"5371","SEAT","VW","Leon","Untere Mittelklasse (z.B. Golf)","Schrägheck","gasoline",2015,419,32.77,6.65,19.5,4,1.408,7.756136,40775000
"5372","SEAT","VW","Leon","Untere Mittelklasse (z.B. Golf)","Schrägheck","gasoline",2016,390,32.77,6.65,19.5,4,1.408,7.756136,40959000
"5373","SEAT","VW","Leon","Untere Mittelklasse (z.B. Golf)","Schrägheck","gasoline",2014,1502,33.97,6.65,20.6,4,1.408,7.756136,40224000
"5374","SEAT","VW","Leon","Untere Mittelklasse (z.B. Golf)","Schrägheck","gasoline",2015,2891,33.97,6.65,20.6,4,1.408,7.756136,40775000
"5375","SEAT","VW","Leon","Untere Mittelklasse (z.B. Golf)","Schrägheck","gasoline",2016,224,33.97,6.65,20.6,4,1.408,7.756136,40959000
"5376","SEAT","VW","Leon","Untere Mittelklasse (z.B. Golf)","Schrägheck","gasoline",2016,3741,35.77,6.7,21.3,4,1.453,7.756136,40959000
"5377","SEAT","VW","Leon","Untere Mittelklasse (z.B. Golf)","Schrägheck","gasoline",2017,195,35.42,6.6,21.3,4,1.421,7.756136,41303000
"5378","SEAT","VW","Leon","Untere Mittelklasse (z.B. Golf)","Schrägheck","gasoline",2017,4219,40.9,7.15,22.1,4,1.551,8.259168,41303000
"5379","SEAT","VW","Leon","Untere Mittelklasse (z.B. Golf)","Schrägheck","gasoline",2012,161,15.99,6.6,6.3,4,1.2885,7.62892,39708000
"5380","SEAT","VW","Leon","Untere Mittelklasse (z.B. Golf)","Schrägheck","gasoline",2013,505,15.49,5.2,6.3,4,1.188,7.741608,39931000
"5381","SEAT","VW","Leon","Untere Mittelklasse (z.B. Golf)","Schrägheck","gasoline",2014,604,15.49,5.2,6.3,4,1.188,7.741608,40224000
"5382","SEAT","VW","Leon","Untere Mittelklasse (z.B. Golf)","Schrägheck","gasoline",2015,413,15.49,5.1,6.3,4,1.188,7.741608,40775000
"5383","SEAT","VW","Leon","Untere Mittelklasse (z.B. Golf)","Schrägheck","gasoline",2016,648,15.49,5.1,6.3,4,1.188,7.741608,40959000
"5384","SEAT","VW","Leon","Untere Mittelklasse (z.B. Golf)","Schrägheck","gasoline",2017,581,16.64,5.1,6.3,4,1.233,8.23556,41303000
"5385","SEAT","VW","Leon","Untere Mittelklasse (z.B. Golf)","Schrägheck","gasoline",2012,4791,19.09,5.4,7.7,4,1.355,7.62892,39708000
"5386","SEAT","VW","Leon","Untere Mittelklasse (z.B. Golf)","Schrägheck","gasoline",2013,4043,19.84,4.9,7.7,4,1.209,7.741608,39931000
"5387","SEAT","VW","Leon","Untere Mittelklasse (z.B. Golf)","Schrägheck","gasoline",2014,3489,18.24,4.9,7.7,4,1.209,7.741608,40224000
"5388","SEAT","VW","Leon","Untere Mittelklasse (z.B. Golf)","Schrägheck","gasoline",2015,163,18.24,4.9,7.7,4,1.209,7.741608,40775000
"5389","SEAT","VW","Leon","Untere Mittelklasse (z.B. Golf)","Schrägheck","gasoline",2014,2579,20.6,4.9,8.1,4,1.213,7.741608,40224000
"5390","SEAT","VW","Leon","Untere Mittelklasse (z.B. Golf)","Schrägheck","gasoline",2015,4395,20.6,4.9,8.1,4,1.213,7.741608,40775000
"5391","SEAT","VW","Leon","Untere Mittelklasse (z.B. Golf)","Schrägheck","gasoline",2016,3871,20.6,4.9,8.1,4,1.213,7.741608,40959000
"5392","SEAT","VW","Leon","Untere Mittelklasse (z.B. Golf)","Schrägheck","gasoline",2017,3085,20.6,4.9,8.1,4,1.213,7.741608,41303000
"5393","SEAT","VW","Leon","Untere Mittelklasse (z.B. Golf)","Schrägheck","gasoline",2016,156,21.11,4.4,8.5,3,1.202,7.776112,40959000
"5394","SEAT","VW","Leon","Untere Mittelklasse (z.B. Golf)","Schrägheck","gasoline",2017,745,21.33,4.6,8.5,3,1.202,7.776112,41303000
"5395","SEAT","VW","Leon","Untere Mittelklasse (z.B. Golf)","Schrägheck","gasoline",2012,584,21.32,5.2,9,4,1.224,7.748872,39708000
"5396","SEAT","VW","Leon","Untere Mittelklasse (z.B. Golf)","Schrägheck","gasoline",2013,5297,21.32,5.2,9,4,1.224,7.748872,39931000
"5397","SEAT","VW","Leon","Untere Mittelklasse (z.B. Golf)","Schrägheck","gasoline",2014,3065,20.52,5.2,9,4,1.224,7.741608,40224000
"5398","SEAT","VW","Leon","Untere Mittelklasse (z.B. Golf)","Schrägheck","gasoline",2012,3208,21.39,6.2,9.2,4,1.399,7.62892,39708000
"5399","SEAT","VW","Leon","Untere Mittelklasse (z.B. Golf)","Schrägheck","gasoline",2013,152,21.39,6.2,9.2,4,1.399,7.62892,39931000
"5400","SEAT","VW","Leon","Untere Mittelklasse (z.B. Golf)","Schrägheck","gasoline",2014,3086,22,5.2,9.2,4,1.233,7.741608,40224000
"5401","SEAT","VW","Leon","Untere Mittelklasse (z.B. Golf)","Schrägheck","gasoline",2015,6556,22.38,5.2,9.2,4,1.233,7.757952,40775000
"5402","SEAT","VW","Leon","Untere Mittelklasse (z.B. Golf)","Schrägheck","gasoline",2016,7450,22.38,5.2,9.2,4,1.233,7.757952,40959000
"5403","SEAT","VW","Leon","Untere Mittelklasse (z.B. Golf)","Schrägheck","gasoline",2017,8638,22.38,5.2,9.2,4,1.233,7.757952,41303000
"5404","SEAT","VW","Mii","Kleinstwagen  (z.B. Twingo)","Schrägheck","gasoline",2012,5236,10.3125,4.45,4.4,3,0.929,5.837037,39708000
"5405","SEAT","VW","Mii","Kleinstwagen  (z.B. Twingo)","Schrägheck","gasoline",2013,7774,10.3125,4.45,4.4,3,0.929,5.837037,39931000
"5406","SEAT","VW","Mii","Kleinstwagen  (z.B. Twingo)","Schrägheck","gasoline",2014,7742,10.3125,4.45,4.4,3,0.929,5.837037,40224000
"5407","SEAT","VW","Mii","Kleinstwagen  (z.B. Twingo)","Schrägheck","gasoline",2015,7511,10.3125,4.45,4.4,3,0.929,5.837037,40775000
"5408","SEAT","VW","Mii","Kleinstwagen  (z.B. Twingo)","Schrägheck","gasoline",2016,6243,10.3125,4.45,4.4,3,0.929,5.837037,40959000
"5409","SEAT","VW","Mii","Kleinstwagen  (z.B. Twingo)","Schrägheck","gasoline",2017,5301,10.3125,4.45,4.4,3,0.929,5.837037,41303000
"5410","SEAT","VW","Mii","Kleinstwagen  (z.B. Twingo)","Schrägheck","gasoline",2012,2620,11.4875,4.65,5.5,3,0.929,5.837037,39708000
"5411","SEAT","VW","Mii","Kleinstwagen  (z.B. Twingo)","Schrägheck","gasoline",2013,3200,11.4875,4.65,5.5,3,0.929,5.837037,39931000
"5412","SEAT","VW","Mii","Kleinstwagen  (z.B. Twingo)","Schrägheck","gasoline",2014,2568,11.4875,4.65,5.5,3,0.929,5.837037,40224000
"5413","SEAT","VW","Mii","Kleinstwagen  (z.B. Twingo)","Schrägheck","gasoline",2015,2720,11.4875,4.65,5.5,3,0.929,5.837037,40775000
"5414","SEAT","VW","Mii","Kleinstwagen  (z.B. Twingo)","Schrägheck","gasoline",2016,2480,11.4875,4.65,5.5,3,0.929,5.837037,40959000
"5415","SEAT","VW","Mii","Kleinstwagen  (z.B. Twingo)","Schrägheck","gasoline",2017,1758,11.4875,4.65,5.5,3,0.929,5.837037,41303000
"5416","SEAT","VW","Toledo","Untere Mittelklasse (z.B. Golf)","Stufenheck","diesel",2013,306,21.82,4,7.7,4,1.265,7.646292,39931000
"5417","SEAT","VW","Toledo","Untere Mittelklasse (z.B. Golf)","Stufenheck","diesel",2014,187,21.82,4,7.7,4,1.265,7.646292,40224000
"5418","SEAT","VW","Toledo","Untere Mittelklasse (z.B. Golf)","Stufenheck","gasoline",2013,344,18.22,5.1,6.3,4,1.155,7.646292,39931000
"5419","SEAT","VW","Toledo","Untere Mittelklasse (z.B. Golf)","Stufenheck","gasoline",2014,605,18.22,5.1,6.3,4,1.155,7.646292,40224000
"5420","SEAT","VW","Toledo","Untere Mittelklasse (z.B. Golf)","Stufenheck","gasoline",2015,111,18.22,5.1,6.3,4,1.155,7.646292,40775000
"5421","SEAT","VW","Toledo","Untere Mittelklasse (z.B. Golf)","Stufenheck","gasoline",2015,202,20.1825,4.8,6.6,4,1.156,7.646292,40775000
"5422","SEAT","VW","Toledo","Untere Mittelklasse (z.B. Golf)","Stufenheck","gasoline",2016,275,20.1825,4.8,6.6,4,1.156,7.646292,40959000
"5423","SEAT","VW","Toledo","Untere Mittelklasse (z.B. Golf)","Stufenheck","gasoline",2013,1534,19.52,5.1,7.7,4,1.175,7.646292,39931000
"5424","SEAT","VW","Toledo","Untere Mittelklasse (z.B. Golf)","Stufenheck","gasoline",2014,997,19.52,5.1,7.7,4,1.175,7.646292,40224000
"5425","SEAT","VW","Toledo","Untere Mittelklasse (z.B. Golf)","Stufenheck","gasoline",2015,405,19.52,5.1,7.7,4,1.175,7.646292,40775000
"5426","SEAT","VW","Toledo","Untere Mittelklasse (z.B. Golf)","Stufenheck","gasoline",2015,303,21.675,4.9,8.1,4,1.185,7.646292,40775000
"5427","SEAT","VW","Toledo","Untere Mittelklasse (z.B. Golf)","Stufenheck","gasoline",2016,513,21.675,4.9,8.1,4,1.185,7.646292,40959000
"5428","SEAT","VW","Toledo","Untere Mittelklasse (z.B. Golf)","Stufenheck","gasoline",2017,289,21.675,4.9,8.1,4,1.185,7.646292,41303000
"5429","SEAT","VW","Toledo","Untere Mittelklasse (z.B. Golf)","Stufenheck","gasoline",2013,254,21.485,5.8,9,4,1.23,7.646292,39931000
"5430","SEAT","VW","Toledo","Untere Mittelklasse (z.B. Golf)","Stufenheck","gasoline",2014,239,21.485,5.8,9,4,1.23,7.646292,40224000
"5431","SEAT","VW","Toledo","Untere Mittelklasse (z.B. Golf)","Stufenheck","gasoline",2015,133,23.64,4.9,9.2,4,1.236,7.646292,40775000
"5432","SEAT","VW","Toledo","Untere Mittelklasse (z.B. Golf)","Stufenheck","gasoline",2016,207,23.64,4.9,9.2,4,1.236,7.646292,40959000
"5433","SEAT","VW","Toledo","Untere Mittelklasse (z.B. Golf)","Stufenheck","gasoline",2017,163,23.64,4.9,9.2,4,1.236,7.646292,41303000
"5434","Skoda","VW","Citigo","Kleinstwagen  (z.B. Twingo)","Schrägheck","gasoline",2012,6018,10.555,4.4,4.4,3,0.929,5.846883,39708000
"5435","Skoda","VW","Citigo","Kleinstwagen  (z.B. Twingo)","Schrägheck","gasoline",2013,7934,10.555,4.4,4.4,3,0.929,5.846883,39931000
"5436","Skoda","VW","Citigo","Kleinstwagen  (z.B. Twingo)","Schrägheck","gasoline",2014,8170,10.555,4.4,4.4,3,0.929,5.846883,40224000
"5437","Skoda","VW","Citigo","Kleinstwagen  (z.B. Twingo)","Schrägheck","gasoline",2015,8922,10.555,4.4,4.4,3,0.929,5.846883,40775000
"5438","Skoda","VW","Citigo","Kleinstwagen  (z.B. Twingo)","Schrägheck","gasoline",2016,10383,11.17,4.4,4.4,3,0.93,5.846883,40959000
"5439","Skoda","VW","Citigo","Kleinstwagen  (z.B. Twingo)","Schrägheck","gasoline",2017,8680,11.17,4.4,4.4,3,0.93,5.846883,41303000
"5440","Skoda","VW","Citigo","Kleinstwagen  (z.B. Twingo)","Schrägheck","gasoline",2012,2469,11.38,4.45,5.5,3,0.929,5.846883,39708000
"5441","Skoda","VW","Citigo","Kleinstwagen  (z.B. Twingo)","Schrägheck","gasoline",2013,5285,11.38,4.45,5.5,3,0.929,5.846883,39931000
"5442","Skoda","VW","Citigo","Kleinstwagen  (z.B. Twingo)","Schrägheck","gasoline",2014,4070,11.38,4.45,5.5,3,0.929,5.846883,40224000
"5443","Skoda","VW","Citigo","Kleinstwagen  (z.B. Twingo)","Schrägheck","gasoline",2015,3805,11.38,4.45,5.5,3,0.929,5.846883,40775000
"5444","Skoda","VW","Citigo","Kleinstwagen  (z.B. Twingo)","Schrägheck","gasoline",2016,3656,11.895,4.4,5.5,3,0.931,5.846883,40959000
"5445","Skoda","VW","Citigo","Kleinstwagen  (z.B. Twingo)","Schrägheck","gasoline",2017,4026,11.895,4.4,5.5,3,0.931,5.846883,41303000
"5446","Skoda","VW","Fabia","Kleinwagen (z.B. Polo)","Schrägheck","diesel",2012,2062,16.4595,4.2,5.5,4,1.204,6.568,39708000
"5447","Skoda","VW","Fabia","Kleinwagen (z.B. Polo)","Schrägheck","diesel",2013,1739,16.4595,4.2,5.5,4,1.204,6.568,39931000
"5448","Skoda","VW","Fabia","Kleinwagen (z.B. Polo)","Schrägheck","diesel",2014,1484,16.4595,4.2,5.5,4,1.204,6.568,40224000
"5449","Skoda","VW","Fabia","Kleinwagen (z.B. Polo)","Schrägheck","diesel",2012,2519,17.9895,4.2,6.6,4,1.224,6.973574,39708000
"5450","Skoda","VW","Fabia","Kleinwagen (z.B. Polo)","Schrägheck","diesel",2013,1996,17.9895,4.2,6.6,4,1.224,6.973574,39931000
"5451","Skoda","VW","Fabia","Kleinwagen (z.B. Polo)","Schrägheck","diesel",2014,1768,17.9895,4.2,6.6,4,1.224,6.973574,40224000
"5452","Skoda","VW","Fabia","Kleinwagen (z.B. Polo)","Schrägheck","diesel",2015,4406,17.555,3.9,6.6,3,1.1895,7.373124,40775000
"5453","Skoda","VW","Fabia","Kleinwagen (z.B. Polo)","Schrägheck","diesel",2016,4370,17.555,3.9,6.6,3,1.1895,7.373124,40959000
"5454","Skoda","VW","Fabia","Kleinwagen (z.B. Polo)","Schrägheck","diesel",2017,3496,17.555,3.9,6.6,3,1.1895,7.373124,41303000
"5455","Skoda","VW","Fabia","Kleinwagen (z.B. Polo)","Schrägheck","diesel",2012,1526,18.84,4.2,7.7,4,1.239,6.973574,39708000
"5456","Skoda","VW","Fabia","Kleinwagen (z.B. Polo)","Schrägheck","diesel",2013,1276,18.84,4.2,7.7,4,1.239,6.973574,39931000
"5457","Skoda","VW","Fabia","Kleinwagen (z.B. Polo)","Schrägheck","diesel",2014,1096,18.84,4.2,7.7,4,1.239,6.973574,40224000
"5458","Skoda","VW","Fabia","Kleinwagen (z.B. Polo)","Schrägheck","diesel",2015,1640,20.14,4.2,7.7,3,1.208,7.373124,40775000
"5459","Skoda","VW","Fabia","Kleinwagen (z.B. Polo)","Schrägheck","diesel",2016,2120,20.14,4.2,7.7,3,1.208,7.373124,40959000
"5460","Skoda","VW","Fabia","Kleinwagen (z.B. Polo)","Schrägheck","diesel",2017,1071,20.14,4.2,7.7,3,1.208,7.373124,41303000
"5461","Skoda","VW","Fabia","Kleinwagen (z.B. Polo)","Schrägheck","gasoline",2012,486,22.3,6.2,13.2,4,1.318,6.615618,39708000
"5462","Skoda","VW","Fabia","Kleinwagen (z.B. Polo)","Schrägheck","gasoline",2013,314,22.3,6.2,13.2,4,1.318,6.615618,39931000
"5463","Skoda","VW","Fabia","Kleinwagen (z.B. Polo)","Schrägheck","gasoline",2014,211,22.3,6.2,13.2,4,1.318,6.615618,40224000
"5464","Skoda","VW","Fabia","Kleinwagen (z.B. Polo)","Schrägheck","gasoline",2012,6681,12.7335,5.5,4.4,3,1.09,6.568,39708000
"5465","Skoda","VW","Fabia","Kleinwagen (z.B. Polo)","Schrägheck","gasoline",2013,6547,12.7335,5.5,4.4,3,1.09,6.568,39931000
"5466","Skoda","VW","Fabia","Kleinwagen (z.B. Polo)","Schrägheck","gasoline",2014,6987,12.7335,5.5,4.4,3,1.09,6.568,40224000
"5467","Skoda","VW","Fabia","Kleinwagen (z.B. Polo)","Schrägheck","gasoline",2015,5324,14.41,4.8,4.4,3,1.08,6.914144,40775000
"5468","Skoda","VW","Fabia","Kleinwagen (z.B. Polo)","Schrägheck","gasoline",2016,5842,14.41,4.8,4.4,3,1.08,6.914144,40959000
"5469","Skoda","VW","Fabia","Kleinwagen (z.B. Polo)","Schrägheck","gasoline",2017,7691,14.41,4.8,4.4,3,1.08,6.914144,41303000
"5470","Skoda","VW","Fabia","Kleinwagen (z.B. Polo)","Schrägheck","gasoline",2012,5495,14.29,5.5,5.1,3,1.095,6.568,39708000
"5471","Skoda","VW","Fabia","Kleinwagen (z.B. Polo)","Schrägheck","gasoline",2013,4897,14.29,5.5,5.1,3,1.095,6.568,39931000
"5472","Skoda","VW","Fabia","Kleinwagen (z.B. Polo)","Schrägheck","gasoline",2014,3680,14.29,5.5,5.1,3,1.095,6.568,40224000
"5473","Skoda","VW","Fabia","Kleinwagen (z.B. Polo)","Schrägheck","gasoline",2015,370,14.29,5.5,5.1,3,1.095,6.568,40775000
"5474","Skoda","VW","Fabia","Kleinwagen (z.B. Polo)","Schrägheck","gasoline",2015,5274,15.49,4.9,5.5,3,1.08,6.914144,40775000
"5475","Skoda","VW","Fabia","Kleinwagen (z.B. Polo)","Schrägheck","gasoline",2016,6115,15.49,4.9,5.5,3,1.08,6.914144,40959000
"5476","Skoda","VW","Fabia","Kleinwagen (z.B. Polo)","Schrägheck","gasoline",2017,6803,15.73,4.9,5.5,3,1.08,6.914144,41303000
"5477","Skoda","VW","Fabia","Kleinwagen (z.B. Polo)","Schrägheck","gasoline",2012,17029,15.54,5.2,6.3,4,1.116,6.568,39708000
"5478","Skoda","VW","Fabia","Kleinwagen (z.B. Polo)","Schrägheck","gasoline",2013,17854,15.54,5.2,6.3,4,1.116,6.568,39931000
"5479","Skoda","VW","Fabia","Kleinwagen (z.B. Polo)","Schrägheck","gasoline",2014,17607,15.54,5.2,6.3,4,1.116,6.568,40224000
"5480","Skoda","VW","Fabia","Kleinwagen (z.B. Polo)","Schrägheck","gasoline",2015,2309,15.54,5.2,6.3,4,1.116,6.568,40775000
"5481","Skoda","VW","Fabia","Kleinwagen (z.B. Polo)","Schrägheck","gasoline",2014,822,14.95,4.6,6.6,4,1.109,6.914144,40224000
"5482","Skoda","VW","Fabia","Kleinwagen (z.B. Polo)","Schrägheck","gasoline",2015,15291,14.95,4.6,6.6,4,1.109,6.914144,40775000
"5483","Skoda","VW","Fabia","Kleinwagen (z.B. Polo)","Schrägheck","gasoline",2016,20102,14.95,4.6,6.6,4,1.109,6.914144,40959000
"5484","Skoda","VW","Fabia","Kleinwagen (z.B. Polo)","Schrägheck","gasoline",2017,11813,14.95,4.6,6.6,4,1.109,6.914144,41303000
"5485","Skoda","VW","Fabia","Kleinwagen (z.B. Polo)","Schrägheck","gasoline",2017,7030,15.99,4.6,7,3,1.141,7.381784,41303000
"5486","Skoda","VW","Fabia","Kleinwagen (z.B. Polo)","Schrägheck","gasoline",2012,4945,18.4845,5.3,7.7,4,1.167,6.973574,39708000
"5487","Skoda","VW","Fabia","Kleinwagen (z.B. Polo)","Schrägheck","gasoline",2013,4931,18.4845,5.3,7.7,4,1.167,6.973574,39931000
"5488","Skoda","VW","Fabia","Kleinwagen (z.B. Polo)","Schrägheck","gasoline",2014,4490,17.94,5.3,7.7,4,1.1545,6.568,40224000
"5489","Skoda","VW","Fabia","Kleinwagen (z.B. Polo)","Schrägheck","gasoline",2015,291,17.94,5.3,7.7,4,1.1545,6.568,40775000
"5490","Skoda","VW","Fabia","Kleinwagen (z.B. Polo)","Schrägheck","gasoline",2014,281,17.69,4.7,8.1,4,1.129,6.914144,40224000
"5491","Skoda","VW","Fabia","Kleinwagen (z.B. Polo)","Schrägheck","gasoline",2015,9935,18.29,4.7,8.1,4,1.153,7.373124,40775000
"5492","Skoda","VW","Fabia","Kleinwagen (z.B. Polo)","Schrägheck","gasoline",2016,11367,18.29,4.7,8.1,4,1.153,7.373124,40959000
"5493","Skoda","VW","Fabia","Kleinwagen (z.B. Polo)","Schrägheck","gasoline",2017,11993,18.29,4.7,8.1,4,1.153,7.373124,41303000
"5494","Skoda","VW","Karoq","Untere Mittelklasse (z.B. Golf)","SUV","diesel",2017,737,31.565,5.05,11,4,1.561,8.067262,41303000
"5495","Skoda","VW","Karoq","Untere Mittelklasse (z.B. Golf)","SUV","gasoline",2017,1302,27.09,5.4,11,4,1.378,8.067262,41303000
"5496","Skoda","VW","Karoq","Untere Mittelklasse (z.B. Golf)","SUV","gasoline",2017,223,24.59,5.25,8.5,3,1.34,8.067262,41303000
"5497","Skoda","VW","Kodiaq","Mittelklasse (z.B. BMW 3er-Reihe)","SUV","diesel",2017,3525,36.215,5,11,4,1.6765,8.843518,41303000
"5498","Skoda","VW","Kodiaq","Mittelklasse (z.B. BMW 3er-Reihe)","SUV","diesel",2017,5685,41.765,5.75,14,4,1.7635,8.85481,41303000
"5499","Skoda","VW","Kodiaq","Mittelklasse (z.B. BMW 3er-Reihe)","SUV","gasoline",2017,2767,35.45,7.1,11,4,1.61,8.839754,41303000
"5500","Skoda","VW","Kodiaq","Mittelklasse (z.B. BMW 3er-Reihe)","SUV","gasoline",2017,2388,38.35,7.4,13.2,4,1.695,8.839754,41303000
"5501","Skoda","VW","Octavia","Mittelklasse (z.B. BMW 3er-Reihe)","Stufenheck","diesel",2012,12391,26.225,5.4,10.3,4,1.425,8.082561,39708000
"5502","Skoda","VW","Octavia","Mittelklasse (z.B. BMW 3er-Reihe)","Stufenheck","diesel",2013,5583,26.225,5.4,10.3,4,1.425,8.082561,39931000
"5503","Skoda","VW","Octavia","Mittelklasse (z.B. BMW 3er-Reihe)","Stufenheck","diesel",2013,11376,28.4,4.3,11,4,1.3605,8.451426,39931000
"5504","Skoda","VW","Octavia","Mittelklasse (z.B. BMW 3er-Reihe)","Stufenheck","diesel",2014,18004,28.4,4.3,11,4,1.3605,8.451426,40224000
"5505","Skoda","VW","Octavia","Mittelklasse (z.B. BMW 3er-Reihe)","Stufenheck","diesel",2015,18881,28.4,4.3,11,4,1.3605,8.451426,40775000
"5506","Skoda","VW","Octavia","Mittelklasse (z.B. BMW 3er-Reihe)","Stufenheck","diesel",2016,21174,29.05,4.35,11,4,1.3605,8.451426,40959000
"5507","Skoda","VW","Octavia","Mittelklasse (z.B. BMW 3er-Reihe)","Stufenheck","diesel",2017,20776,29.42,4.4,11,4,1.367,8.451426,41303000
"5508","Skoda","VW","Octavia","Mittelklasse (z.B. BMW 3er-Reihe)","Stufenheck","diesel",2012,4129,30.94,5.85,12.5,4,1.5325,8.100251,39708000
"5509","Skoda","VW","Octavia","Mittelklasse (z.B. BMW 3er-Reihe)","Kombi","diesel",2013,884,30.94,5.85,12.5,4,1.5325,8.100251,39931000
"5510","Skoda","VW","Octavia","Mittelklasse (z.B. BMW 3er-Reihe)","Stufenheck","diesel",2013,2118,32.15,4.6,13.5,4,1.487,8.49859,39931000
"5511","Skoda","VW","Octavia","Mittelklasse (z.B. BMW 3er-Reihe)","Stufenheck","diesel",2014,8469,32.15,4.6,13.5,4,1.487,8.49859,40224000
"5512","Skoda","VW","Octavia","Mittelklasse (z.B. BMW 3er-Reihe)","Stufenheck","diesel",2015,13067,32.15,4.6,13.5,4,1.487,8.49859,40775000
"5513","Skoda","VW","Octavia","Mittelklasse (z.B. BMW 3er-Reihe)","Stufenheck","diesel",2016,10504,32.99,4.6,13.5,4,1.487,8.49859,40959000
"5514","Skoda","VW","Octavia","Mittelklasse (z.B. BMW 3er-Reihe)","Stufenheck","diesel",2017,7620,33.04,4.55,13.5,4,1.487,8.502218,41303000
"5515","Skoda","VW","Octavia","Mittelklasse (z.B. BMW 3er-Reihe)","Stufenheck","diesel",2013,123,23.18,3.7,6.6,4,1.327,8.451426,39931000
"5516","Skoda","VW","Octavia","Mittelklasse (z.B. BMW 3er-Reihe)","Stufenheck","diesel",2014,264,23.18,3.7,6.6,4,1.327,8.451426,40224000
"5517","Skoda","VW","Octavia","Mittelklasse (z.B. BMW 3er-Reihe)","Stufenheck","diesel",2015,257,23.18,3.7,6.6,4,1.327,8.451426,40775000
"5518","Skoda","VW","Octavia","Mittelklasse (z.B. BMW 3er-Reihe)","Stufenheck","diesel",2016,256,23.45,4,6.6,4,1.327,8.451426,40959000
"5519","Skoda","VW","Octavia","Mittelklasse (z.B. BMW 3er-Reihe)","Stufenheck","diesel",2017,260,23.45,4,6.6,4,1.327,8.451426,41303000
"5520","Skoda","VW","Octavia","Mittelklasse (z.B. BMW 3er-Reihe)","Stufenheck","diesel",2012,10941,23.309,4.5,7.7,4,1.385,8.082561,39708000
"5521","Skoda","VW","Octavia","Mittelklasse (z.B. BMW 3er-Reihe)","Stufenheck","diesel",2013,9954,23.75,3.8,7.7,4,1.322,8.451426,39931000
"5522","Skoda","VW","Octavia","Mittelklasse (z.B. BMW 3er-Reihe)","Stufenheck","diesel",2014,9308,23.75,3.8,7.7,4,1.322,8.451426,40224000
"5523","Skoda","VW","Octavia","Mittelklasse (z.B. BMW 3er-Reihe)","Stufenheck","diesel",2015,3889,23.75,3.8,7.7,4,1.322,8.451426,40775000
"5524","Skoda","VW","Octavia","Mittelklasse (z.B. BMW 3er-Reihe)","Stufenheck","diesel",2012,2197,24.0745,5.4,8.1,4,1.41,8.082561,39708000
"5525","Skoda","VW","Octavia","Mittelklasse (z.B. BMW 3er-Reihe)","Stufenheck","diesel",2013,2427,24.0745,5.4,8.1,4,1.41,8.082561,39931000
"5526","Skoda","VW","Octavia","Mittelklasse (z.B. BMW 3er-Reihe)","Stufenheck","diesel",2014,380,24.22,3.8,8.1,4,1.327,8.451426,40224000
"5527","Skoda","VW","Octavia","Mittelklasse (z.B. BMW 3er-Reihe)","Stufenheck","diesel",2015,5642,24.22,3.8,8.1,4,1.327,8.451426,40775000
"5528","Skoda","VW","Octavia","Mittelklasse (z.B. BMW 3er-Reihe)","Stufenheck","diesel",2016,8987,24.22,3.8,8.1,4,1.327,8.451426,40959000
"5529","Skoda","VW","Octavia","Mittelklasse (z.B. BMW 3er-Reihe)","Stufenheck","diesel",2017,2146,24.22,3.8,8.1,4,1.327,8.451426,41303000
"5530","Skoda","VW","Octavia","Mittelklasse (z.B. BMW 3er-Reihe)","Stufenheck","diesel",2017,6308,23.835,4.1,8.5,4,1.3485,8.465938,41303000
"5531","Skoda","VW","Octavia","Mittelklasse (z.B. BMW 3er-Reihe)","Stufenheck","gasoline",2013,5994,23.35,5.3,10.3,4,1.272,8.451426,39931000
"5532","Skoda","VW","Octavia","Mittelklasse (z.B. BMW 3er-Reihe)","Stufenheck","gasoline",2014,7151,23.35,5.3,10.3,4,1.272,8.451426,40224000
"5533","Skoda","VW","Octavia","Mittelklasse (z.B. BMW 3er-Reihe)","Stufenheck","gasoline",2015,3522,23.35,5.3,10.3,4,1.272,8.451426,40775000
"5534","Skoda","VW","Octavia","Mittelklasse (z.B. BMW 3er-Reihe)","Stufenheck","gasoline",2015,3882,25.89,5.1,11,4,1.277,8.451426,40775000
"5535","Skoda","VW","Octavia","Mittelklasse (z.B. BMW 3er-Reihe)","Stufenheck","gasoline",2016,9391,26.01,5.1,11,4,1.277,8.451426,40959000
"5536","Skoda","VW","Octavia","Mittelklasse (z.B. BMW 3er-Reihe)","Stufenheck","gasoline",2017,12073,26.01,5.1,11,4,1.277,8.451426,41303000
"5537","Skoda","VW","Octavia","Mittelklasse (z.B. BMW 3er-Reihe)","Stufenheck","gasoline",2012,785,23.409,6.9,11.2,4,1.365,8.082561,39708000
"5538","Skoda","VW","Octavia","Mittelklasse (z.B. BMW 3er-Reihe)","Stufenheck","gasoline",2012,2063,25.27,6.85,11.8,4,1.395,8.082561,39708000
"5539","Skoda","VW","Octavia","Mittelklasse (z.B. BMW 3er-Reihe)","Stufenheck","gasoline",2013,330,25.27,6.85,11.8,4,1.395,8.082561,39931000
"5540","Skoda","VW","Octavia","Mittelklasse (z.B. BMW 3er-Reihe)","Stufenheck","gasoline",2013,1414,27.6,5.8,13.2,4,1.3545,8.451426,39931000
"5541","Skoda","VW","Octavia","Mittelklasse (z.B. BMW 3er-Reihe)","Stufenheck","gasoline",2014,1642,27.6,5.8,13.2,4,1.3545,8.451426,40224000
"5542","Skoda","VW","Octavia","Mittelklasse (z.B. BMW 3er-Reihe)","Stufenheck","gasoline",2015,1366,27.6,5.8,13.2,4,1.3545,8.451426,40775000
"5543","Skoda","VW","Octavia","Mittelklasse (z.B. BMW 3er-Reihe)","Stufenheck","gasoline",2016,1544,28.24,5.85,13.2,4,1.3535,8.451426,40959000
"5544","Skoda","VW","Octavia","Mittelklasse (z.B. BMW 3er-Reihe)","Stufenheck","gasoline",2017,2725,28.24,5.85,13.2,4,1.3535,8.451426,41303000
"5545","Skoda","VW","Octavia","Mittelklasse (z.B. BMW 3er-Reihe)","Stufenheck","gasoline",2012,1243,30.04,7.6,14.7,4,1.4975,8.100251,39708000
"5546","Skoda","VW","Octavia","Mittelklasse (z.B. BMW 3er-Reihe)","Kombi","gasoline",2013,165,30.04,7.6,14.7,4,1.4975,8.100251,39931000
"5547","Skoda","VW","Octavia","Mittelklasse (z.B. BMW 3er-Reihe)","Stufenheck","gasoline",2013,797,32.25,6.3,16.2,4,1.457,8.49859,39931000
"5548","Skoda","VW","Octavia","Mittelklasse (z.B. BMW 3er-Reihe)","Stufenheck","gasoline",2014,3231,32.25,6.3,16.2,4,1.457,8.49859,40224000
"5549","Skoda","VW","Octavia","Mittelklasse (z.B. BMW 3er-Reihe)","Stufenheck","gasoline",2015,3826,32.25,6.3,16.2,4,1.457,8.49859,40775000
"5550","Skoda","VW","Octavia","Mittelklasse (z.B. BMW 3er-Reihe)","Stufenheck","gasoline",2016,2510,32.25,6.3,16.2,4,1.457,8.49859,40959000
"5551","Skoda","VW","Octavia","Mittelklasse (z.B. BMW 3er-Reihe)","Stufenheck","gasoline",2017,621,32.25,6.3,16.2,4,1.457,8.49859,41303000
"5552","Skoda","VW","Octavia","Mittelklasse (z.B. BMW 3er-Reihe)","Kombi","gasoline",2015,233,35.05,6.4,16.9,4,1.477,8.49859,40775000
"5553","Skoda","VW","Octavia","Mittelklasse (z.B. BMW 3er-Reihe)","Stufenheck","gasoline",2016,1332,33.97,6.5,16.9,4,1.4645,8.502218,40959000
"5554","Skoda","VW","Octavia","Mittelklasse (z.B. BMW 3er-Reihe)","Stufenheck","gasoline",2017,2936,33.97,6.5,16.9,4,1.4645,8.502218,41303000
"5555","Skoda","VW","Octavia","Mittelklasse (z.B. BMW 3er-Reihe)","Stufenheck","gasoline",2017,529,35.11,6.6,18,4,1.467,8.505846,41303000
"5556","Skoda","VW","Octavia","Mittelklasse (z.B. BMW 3er-Reihe)","Stufenheck","gasoline",2013,165,20.115,4.7,6.3,4,1.247,8.451426,39931000
"5557","Skoda","VW","Octavia","Mittelklasse (z.B. BMW 3er-Reihe)","Stufenheck","gasoline",2014,177,20.115,4.7,6.3,4,1.247,8.451426,40224000
"5558","Skoda","VW","Octavia","Mittelklasse (z.B. BMW 3er-Reihe)","Stufenheck","gasoline",2015,129,20.115,4.7,6.3,4,1.247,8.451426,40775000
"5559","Skoda","VW","Octavia","Mittelklasse (z.B. BMW 3er-Reihe)","Stufenheck","gasoline",2016,195,20.45,4.8,6.3,4,1.247,8.451426,40959000
"5560","Skoda","VW","Octavia","Mittelklasse (z.B. BMW 3er-Reihe)","Stufenheck","gasoline",2017,341,20.45,4.8,6.3,4,1.247,8.451426,41303000
"5561","Skoda","VW","Octavia","Mittelklasse (z.B. BMW 3er-Reihe)","Stufenheck","gasoline",2012,774,20.0245,7.4,7.5,4,1.325,8.082561,39708000
"5562","Skoda","VW","Octavia","Mittelklasse (z.B. BMW 3er-Reihe)","Stufenheck","gasoline",2012,4299,21.24,5.8,7.7,4,1.285,8.082561,39708000
"5563","Skoda","VW","Octavia","Mittelklasse (z.B. BMW 3er-Reihe)","Stufenheck","gasoline",2013,4832,21.35,5.1,7.7,4,1.247,8.451426,39931000
"5564","Skoda","VW","Octavia","Mittelklasse (z.B. BMW 3er-Reihe)","Stufenheck","gasoline",2014,3519,21.35,5.1,7.7,4,1.247,8.451426,40224000
"5565","Skoda","VW","Octavia","Mittelklasse (z.B. BMW 3er-Reihe)","Stufenheck","gasoline",2015,1320,21.35,5.1,7.7,4,1.247,8.451426,40775000
"5566","Skoda","VW","Octavia","Mittelklasse (z.B. BMW 3er-Reihe)","Stufenheck","gasoline",2015,1472,21.68,4.9,8.1,4,1.252,8.451426,40775000
"5567","Skoda","VW","Octavia","Mittelklasse (z.B. BMW 3er-Reihe)","Stufenheck","gasoline",2016,1823,21.68,4.9,8.1,4,1.252,8.451426,40959000
"5568","Skoda","VW","Octavia","Mittelklasse (z.B. BMW 3er-Reihe)","Stufenheck","gasoline",2016,746,20.56,4.8,8.5,3,1.247,8.465938,40959000
"5569","Skoda","VW","Octavia","Mittelklasse (z.B. BMW 3er-Reihe)","Stufenheck","gasoline",2017,2590,20.835,4.9,8.5,3,1.2575,8.465938,41303000
"5570","Skoda","VW","Octavia","Mittelklasse (z.B. BMW 3er-Reihe)","Stufenheck","gasoline",2012,7065,23.59,6.3,9,4,1.35,8.082561,39708000
"5571","Skoda","VW","Octavia","Mittelklasse (z.B. BMW 3er-Reihe)","Stufenheck","gasoline",2013,3113,23.59,6.3,9,4,1.35,8.082561,39931000
"5572","Skoda","VW","Rapid","Untere Mittelklasse (z.B. Golf)","Schrägheck","diesel",2013,263,20.57,4.4,6.6,4,1.26,7.342624,39931000
"5573","Skoda","VW","Rapid","Untere Mittelklasse (z.B. Golf)","Stufenheck","diesel",2014,2402,20.57,4.4,6.6,4,1.26,7.342624,40224000
"5574","Skoda","VW","Rapid","Untere Mittelklasse (z.B. Golf)","Stufenheck","diesel",2015,2842,20.57,4.4,6.6,4,1.26,7.342624,40775000
"5575","Skoda","VW","Rapid","Untere Mittelklasse (z.B. Golf)","Stufenheck","diesel",2016,3885,21.56,3.6,6.6,3,1.239,7.342624,40959000
"5576","Skoda","VW","Rapid","Untere Mittelklasse (z.B. Golf)","Stufenheck","diesel",2017,2189,21.56,3.6,6.6,3,1.239,7.342624,41303000
"5577","Skoda","VW","Rapid","Untere Mittelklasse (z.B. Golf)","Stufenheck","diesel",2013,860,21.615,4.2,7.7,4,1.135,7.647998,39931000
"5578","Skoda","VW","Rapid","Untere Mittelklasse (z.B. Golf)","Stufenheck","diesel",2014,2530,21.365,4.2,7.7,4,1.26,7.342624,40224000
"5579","Skoda","VW","Rapid","Untere Mittelklasse (z.B. Golf)","Stufenheck","diesel",2015,1046,21.365,4.2,7.7,4,1.26,7.342624,40775000
"5580","Skoda","VW","Rapid","Untere Mittelklasse (z.B. Golf)","Stufenheck","diesel",2015,1047,22.16,4.1,8.5,4,1.287,7.342624,40775000
"5581","Skoda","VW","Rapid","Untere Mittelklasse (z.B. Golf)","Stufenheck","diesel",2016,1940,22.16,4.1,8.5,4,1.287,7.342624,40959000
"5582","Skoda","VW","Rapid","Untere Mittelklasse (z.B. Golf)","Stufenheck","diesel",2017,1412,22.16,4.1,8.5,4,1.287,7.342624,41303000
"5583","Skoda","VW","Rapid","Untere Mittelklasse (z.B. Golf)","Stufenheck","gasoline",2013,107,16.43,5.8,5.5,3,1.135,7.647998,39931000
"5584","Skoda","VW","Rapid","Untere Mittelklasse (z.B. Golf)","Stufenheck","gasoline",2014,210,14.17,5.8,5.5,3,1.135,7.647998,40224000
"5585","Skoda","VW","Rapid","Untere Mittelklasse (z.B. Golf)","Stufenheck","gasoline",2012,310,18.215,5,6.3,4,1.135,7.647998,39708000
"5586","Skoda","VW","Rapid","Untere Mittelklasse (z.B. Golf)","Stufenheck","gasoline",2013,2715,18.215,5,6.3,4,1.135,7.647998,39931000
"5587","Skoda","VW","Rapid","Untere Mittelklasse (z.B. Golf)","Stufenheck","gasoline",2014,5497,17.965,5,6.3,4,1.15,7.342624,40224000
"5588","Skoda","VW","Rapid","Untere Mittelklasse (z.B. Golf)","Stufenheck","gasoline",2015,3403,17.965,5,6.3,4,1.15,7.342624,40775000
"5589","Skoda","VW","Rapid","Untere Mittelklasse (z.B. Golf)","Stufenheck","gasoline",2015,2454,18.88,4.7,6.6,4,1.177,7.342624,40775000
"5590","Skoda","VW","Rapid","Untere Mittelklasse (z.B. Golf)","Stufenheck","gasoline",2016,6759,18.88,4.7,6.6,4,1.177,7.342624,40959000
"5591","Skoda","VW","Rapid","Untere Mittelklasse (z.B. Golf)","Stufenheck","gasoline",2017,4561,18.88,4.7,6.6,4,1.177,7.342624,41303000
"5592","Skoda","VW","Rapid","Untere Mittelklasse (z.B. Golf)","Stufenheck","gasoline",2017,2352,16.45,4.6,7,3,1.179,7.342624,41303000
"5593","Skoda","VW","Rapid","Untere Mittelklasse (z.B. Golf)","Stufenheck","gasoline",2012,492,19.47,5.25,7.7,4,1.135,7.647998,39708000
"5594","Skoda","VW","Rapid","Untere Mittelklasse (z.B. Golf)","Stufenheck","gasoline",2013,3157,19.47,5.25,7.7,4,1.135,7.647998,39931000
"5595","Skoda","VW","Rapid","Untere Mittelklasse (z.B. Golf)","Stufenheck","gasoline",2014,7022,19.065,5.25,7.7,4,1.17,7.342624,40224000
"5596","Skoda","VW","Rapid","Untere Mittelklasse (z.B. Golf)","Stufenheck","gasoline",2015,3741,19.065,5.25,7.7,4,1.17,7.342624,40775000
"5597","Skoda","VW","Rapid","Untere Mittelklasse (z.B. Golf)","Stufenheck","gasoline",2015,2072,19.46,4.8,8.1,4,1.18,7.342624,40775000
"5598","Skoda","VW","Rapid","Untere Mittelklasse (z.B. Golf)","Stufenheck","gasoline",2016,4554,19.46,4.8,8.1,4,1.18,7.342624,40959000
"5599","Skoda","VW","Rapid","Untere Mittelklasse (z.B. Golf)","Stufenheck","gasoline",2017,4715,19.46,4.8,8.1,4,1.18,7.342624,41303000
"5600","Skoda","VW","Rapid","Untere Mittelklasse (z.B. Golf)","Stufenheck","gasoline",2013,562,21.915,5.65,9,4,1.23,7.647998,39931000
"5601","Skoda","VW","Rapid","Untere Mittelklasse (z.B. Golf)","Stufenheck","gasoline",2014,2067,22.27,5.65,9,4,1.225,7.342624,40224000
"5602","Skoda","VW","Rapid","Untere Mittelklasse (z.B. Golf)","Stufenheck","gasoline",2015,664,22.27,5.65,9,4,1.225,7.342624,40775000
"5603","Skoda","VW","Rapid","Untere Mittelklasse (z.B. Golf)","Stufenheck","gasoline",2015,578,22.305,4.7,9.2,4,1.221,7.342624,40775000
"5604","Skoda","VW","Rapid","Untere Mittelklasse (z.B. Golf)","Stufenheck","gasoline",2016,1311,22.51,4.75,9.2,4,1.221,7.342624,40959000
"5605","Skoda","VW","Rapid","Untere Mittelklasse (z.B. Golf)","Stufenheck","gasoline",2017,1830,22.51,4.75,9.2,4,1.221,7.342624,41303000
"5606","Skoda","VW","Roomster","Kleinwagen (z.B. Polo)","Hochdach-Kombi","diesel",2012,450,17.869,4.5,5.5,3,1.318,7.094692,39708000
"5607","Skoda","VW","Roomster","Kleinwagen (z.B. Polo)","Hochdach-Kombi","diesel",2013,429,17.869,4.5,5.5,3,1.318,7.094692,39931000
"5608","Skoda","VW","Roomster","Kleinwagen (z.B. Polo)","Hochdach-Kombi","diesel",2014,355,17.869,4.5,5.5,3,1.318,7.094692,40224000
"5609","Skoda","VW","Roomster","Kleinwagen (z.B. Polo)","Hochdach-Kombi","diesel",2015,148,17.869,4.5,5.5,3,1.318,7.094692,40775000
"5610","Skoda","VW","Roomster","Kleinwagen (z.B. Polo)","Hochdach-Kombi","diesel",2012,1305,18.679,4.7,6.6,4,1.322,7.094692,39708000
"5611","Skoda","VW","Roomster","Kleinwagen (z.B. Polo)","Hochdach-Kombi","diesel",2013,965,18.679,4.7,6.6,4,1.322,7.094692,39931000
"5612","Skoda","VW","Roomster","Kleinwagen (z.B. Polo)","Hochdach-Kombi","diesel",2014,945,18.679,4.7,6.6,4,1.322,7.094692,40224000
"5613","Skoda","VW","Roomster","Kleinwagen (z.B. Polo)","Hochdach-Kombi","diesel",2015,646,18.679,4.7,6.6,4,1.322,7.094692,40775000
"5614","Skoda","VW","Roomster","Kleinwagen (z.B. Polo)","Hochdach-Kombi","diesel",2012,990,19.82,4.7,7.7,4,1.322,7.094692,39708000
"5615","Skoda","VW","Roomster","Kleinwagen (z.B. Polo)","Hochdach-Kombi","diesel",2013,968,19.82,4.7,7.7,4,1.322,7.094692,39931000
"5616","Skoda","VW","Roomster","Kleinwagen (z.B. Polo)","Hochdach-Kombi","diesel",2014,1047,19.82,4.7,7.7,4,1.322,7.094692,40224000
"5617","Skoda","VW","Roomster","Kleinwagen (z.B. Polo)","Hochdach-Kombi","diesel",2015,538,19.82,4.7,7.7,4,1.322,7.094692,40775000
"5618","Skoda","VW","Roomster","Kleinwagen (z.B. Polo)","Hochdach-Kombi","gasoline",2012,960,15.249,6.2,5.1,3,1.2,7.094692,39708000
"5619","Skoda","VW","Roomster","Kleinwagen (z.B. Polo)","Hochdach-Kombi","gasoline",2013,859,15.249,6.2,5.1,3,1.2,7.094692,39931000
"5620","Skoda","VW","Roomster","Kleinwagen (z.B. Polo)","Hochdach-Kombi","gasoline",2014,652,15.249,6.2,5.1,3,1.2,7.094692,40224000
"5621","Skoda","VW","Roomster","Kleinwagen (z.B. Polo)","Hochdach-Kombi","gasoline",2015,390,15.249,6.2,5.1,3,1.2,7.094692,40775000
"5622","Skoda","VW","Roomster","Kleinwagen (z.B. Polo)","Hochdach-Kombi","gasoline",2012,6745,17.14,5.7,6.3,4,1.221,7.094692,39708000
"5623","Skoda","VW","Roomster","Kleinwagen (z.B. Polo)","Hochdach-Kombi","gasoline",2013,7354,17.14,5.7,6.3,4,1.221,7.094692,39931000
"5624","Skoda","VW","Roomster","Kleinwagen (z.B. Polo)","Hochdach-Kombi","gasoline",2014,7171,17.14,5.7,6.3,4,1.221,7.094692,40224000
"5625","Skoda","VW","Roomster","Kleinwagen (z.B. Polo)","Hochdach-Kombi","gasoline",2015,4169,17.14,5.7,6.3,4,1.221,7.094692,40775000
"5626","Skoda","VW","Roomster","Kleinwagen (z.B. Polo)","Hochdach-Kombi","gasoline",2012,2574,18.9945,5.7,7.7,4,1.254,7.094692,39708000
"5627","Skoda","VW","Roomster","Kleinwagen (z.B. Polo)","Hochdach-Kombi","gasoline",2013,2291,18.9945,5.7,7.7,4,1.254,7.094692,39931000
"5628","Skoda","VW","Roomster","Kleinwagen (z.B. Polo)","Hochdach-Kombi","gasoline",2014,2333,18.9945,5.7,7.7,4,1.254,7.094692,40224000
"5629","Skoda","VW","Roomster","Kleinwagen (z.B. Polo)","Hochdach-Kombi","gasoline",2015,1371,18.9945,5.7,7.7,4,1.254,7.094692,40775000
"5630","Skoda","VW","Superb","Obere Mittelklasse (z.B. E-Klasse)","Stufenheck","diesel",2012,6749,32.3595,5.5,10.3,4,1.5725,8.790646,39708000
"5631","Skoda","VW","Superb","Obere Mittelklasse (z.B. E-Klasse)","Stufenheck","diesel",2013,6230,32.3595,5.5,10.3,4,1.5725,8.790646,39931000
"5632","Skoda","VW","Superb","Obere Mittelklasse (z.B. E-Klasse)","Stufenheck","diesel",2014,4467,32.3595,5.5,10.3,4,1.5725,8.790646,40224000
"5633","Skoda","VW","Superb","Obere Mittelklasse (z.B. E-Klasse)","Stufenheck","diesel",2015,3622,33.54,4.85,10.3,4,1.565,8.781561,40775000
"5634","Skoda","VW","Superb","Obere Mittelklasse (z.B. E-Klasse)","Stufenheck","diesel",2015,2311,32.35,4.5,11,4,1.52,9.051584,40775000
"5635","Skoda","VW","Superb","Obere Mittelklasse (z.B. E-Klasse)","Stufenheck","diesel",2016,8153,32.35,4.5,11,4,1.52,9.051584,40959000
"5636","Skoda","VW","Superb","Obere Mittelklasse (z.B. E-Klasse)","Stufenheck","diesel",2017,6572,32.35,4.5,11,4,1.52,9.051584,41303000
"5637","Skoda","VW","Superb","Obere Mittelklasse (z.B. E-Klasse)","Stufenheck","diesel",2012,6082,33.8095,5.8,12.5,4,1.578,8.790646,39708000
"5638","Skoda","VW","Superb","Obere Mittelklasse (z.B. E-Klasse)","Stufenheck","diesel",2013,6342,33.8095,5.8,12.5,4,1.578,8.790646,39931000
"5639","Skoda","VW","Superb","Obere Mittelklasse (z.B. E-Klasse)","Stufenheck","diesel",2014,8372,33.8095,5.8,12.5,4,1.578,8.790646,40224000
"5640","Skoda","VW","Superb","Obere Mittelklasse (z.B. E-Klasse)","Stufenheck","diesel",2015,4373,34.84,4.95,12.5,4,1.5705,8.781561,40775000
"5641","Skoda","VW","Superb","Obere Mittelklasse (z.B. E-Klasse)","Stufenheck","diesel",2015,3981,40.3,4.6,14,4,1.58,9.051584,40775000
"5642","Skoda","VW","Superb","Obere Mittelklasse (z.B. E-Klasse)","Stufenheck","diesel",2016,11811,40.3,4.6,14,4,1.58,9.051584,40959000
"5643","Skoda","VW","Superb","Obere Mittelklasse (z.B. E-Klasse)","Stufenheck","diesel",2017,10715,40.3,4.6,14,4,1.58,9.051584,41303000
"5644","Skoda","VW","Superb","Obere Mittelklasse (z.B. E-Klasse)","Stufenheck","diesel",2012,352,28.69,4.6,7.7,4,1.534,8.781561,39708000
"5645","Skoda","VW","Superb","Obere Mittelklasse (z.B. E-Klasse)","Stufenheck","diesel",2013,311,28.69,4.6,7.7,4,1.534,8.781561,39931000
"5646","Skoda","VW","Superb","Obere Mittelklasse (z.B. E-Klasse)","Stufenheck","diesel",2014,213,28.69,4.6,7.7,4,1.534,8.781561,40224000
"5647","Skoda","VW","Superb","Obere Mittelklasse (z.B. E-Klasse)","Stufenheck","diesel",2016,445,31.45,4.3,8.8,4,1.525,9.051584,40959000
"5648","Skoda","VW","Superb","Obere Mittelklasse (z.B. E-Klasse)","Stufenheck","diesel",2017,339,31.45,4.3,8.8,4,1.525,9.051584,41303000
"5649","Skoda","VW","Superb","Obere Mittelklasse (z.B. E-Klasse)","Stufenheck","gasoline",2015,298,29.55,5.1,11,4,1.435,9.060904,40775000
"5650","Skoda","VW","Superb","Obere Mittelklasse (z.B. E-Klasse)","Stufenheck","gasoline",2016,1185,30.55,5.1,11,4,1.46,9.051584,40959000
"5651","Skoda","VW","Superb","Obere Mittelklasse (z.B. E-Klasse)","Stufenheck","gasoline",2017,1215,30.55,5.1,11,4,1.46,9.051584,41303000
"5652","Skoda","VW","Superb","Obere Mittelklasse (z.B. E-Klasse)","Stufenheck","gasoline",2012,1214,31.13,7.3,11.8,4,1.533,8.790646,39708000
"5653","Skoda","VW","Superb","Obere Mittelklasse (z.B. E-Klasse)","Stufenheck","gasoline",2013,726,31.13,7.3,11.8,4,1.533,8.790646,39931000
"5654","Skoda","VW","Superb","Obere Mittelklasse (z.B. E-Klasse)","Stufenheck","gasoline",2014,537,31.13,7.3,11.8,4,1.533,8.790646,40224000
"5655","Skoda","VW","Superb","Obere Mittelklasse (z.B. E-Klasse)","Stufenheck","gasoline",2015,215,31.54,7,11.8,4,1.524,8.781561,40775000
"5656","Skoda","VW","Superb","Obere Mittelklasse (z.B. E-Klasse)","Stufenheck","gasoline",2016,1170,34.95,6.2,13.2,4,1.51,9.051584,40959000
"5657","Skoda","VW","Superb","Obere Mittelklasse (z.B. E-Klasse)","Stufenheck","gasoline",2017,1537,34.95,6.2,13.2,4,1.51,9.051584,41303000
"5658","Skoda","VW","Superb","Obere Mittelklasse (z.B. E-Klasse)","Stufenheck","gasoline",2012,306,34.91,8,14.7,4,1.5695,8.7861035,39708000
"5659","Skoda","VW","Superb","Obere Mittelklasse (z.B. E-Klasse)","Stufenheck","gasoline",2013,187,34.91,8,14.7,4,1.5695,8.7861035,39931000
"5660","Skoda","VW","Superb","Obere Mittelklasse (z.B. E-Klasse)","Stufenheck","gasoline",2014,150,34.91,8,14.7,4,1.5695,8.7861035,40224000
"5661","Skoda","VW","Superb","Obere Mittelklasse (z.B. E-Klasse)","Stufenheck","gasoline",2015,227,38.85,6.4,16.2,4,1.525,9.060904,40775000
"5662","Skoda","VW","Superb","Obere Mittelklasse (z.B. E-Klasse)","Stufenheck","gasoline",2016,461,39.85,6.5,16.2,4,1.55,9.051584,40959000
"5663","Skoda","VW","Superb","Obere Mittelklasse (z.B. E-Klasse)","Stufenheck","gasoline",2017,680,39.85,6.5,16.2,4,1.55,9.051584,41303000
"5664","Skoda","VW","Superb","Obere Mittelklasse (z.B. E-Klasse)","Stufenheck","gasoline",2016,804,43.85,7.2,20.6,4,1.65,9.051584,40959000
"5665","Skoda","VW","Superb","Obere Mittelklasse (z.B. E-Klasse)","Stufenheck","gasoline",2017,1373,43.85,7.2,20.6,4,1.65,9.051584,41303000
"5666","Skoda","VW","Superb","Obere Mittelklasse (z.B. E-Klasse)","Stufenheck","gasoline",2012,426,24.25,6.9,9.2,4,1.504,8.790646,39708000
"5667","Skoda","VW","Superb","Obere Mittelklasse (z.B. E-Klasse)","Stufenheck","gasoline",2013,343,24.25,6.9,9.2,4,1.504,8.790646,39931000
"5668","Skoda","VW","Superb","Obere Mittelklasse (z.B. E-Klasse)","Stufenheck","gasoline",2014,387,27.36,6.1,9.2,4,1.499,8.790646,40224000
"5669","Skoda","VW","Superb","Obere Mittelklasse (z.B. E-Klasse)","Stufenheck","gasoline",2015,119,30.15,5.6,9.2,4,1.44,9.051584,40775000
"5670","Skoda","VW","Superb","Obere Mittelklasse (z.B. E-Klasse)","Stufenheck","gasoline",2016,110,30.15,5.6,9.2,4,1.44,9.051584,40959000
"5671","Skoda","VW","Superb","Obere Mittelklasse (z.B. E-Klasse)","Stufenheck","gasoline",2017,109,30.15,5.6,9.2,4,1.44,9.051584,41303000
"5672","Skoda","VW","Yeti","Kleinwagen (z.B. Polo)","SUV","diesel",2012,4127,30.52,6.1,10.3,4,1.545,7.575425,39708000
"5673","Skoda","VW","Yeti","Kleinwagen (z.B. Polo)","SUV","diesel",2013,4789,30.52,6.1,10.3,4,1.545,7.575425,39931000
"5674","Skoda","VW","Yeti","Kleinwagen (z.B. Polo)","SUV","diesel",2014,4779,30.52,6.1,10.3,4,1.545,7.575425,40224000
"5675","Skoda","VW","Yeti","Kleinwagen (z.B. Polo)","SUV","diesel",2015,3039,32.09,6.05,10.3,4,1.5475,7.579011,40775000
"5676","Skoda","VW","Yeti","Kleinwagen (z.B. Polo)","SUV","diesel",2015,1930,31.37,5.3,11,4,1.575,7.579011,40775000
"5677","Skoda","VW","Yeti","Kleinwagen (z.B. Polo)","SUV","diesel",2016,4584,31.37,5.3,11,4,1.575,7.579011,40959000
"5678","Skoda","VW","Yeti","Kleinwagen (z.B. Polo)","SUV","diesel",2017,2027,31.37,5.3,11,4,1.575,7.579011,41303000
"5679","Skoda","VW","Yeti","Kleinwagen (z.B. Polo)","SUV","diesel",2012,863,31.33,5.7,12.5,4,1.54,7.579011,39708000
"5680","Skoda","VW","Yeti","Kleinwagen (z.B. Polo)","SUV","diesel",2013,824,31.33,5.7,12.5,4,1.54,7.579011,39931000
"5681","Skoda","VW","Yeti","Kleinwagen (z.B. Polo)","SUV","diesel",2014,1432,31.33,5.7,12.5,4,1.54,7.579011,40224000
"5682","Skoda","VW","Yeti","Kleinwagen (z.B. Polo)","SUV","diesel",2015,738,31.33,5.7,12.5,4,1.54,7.579011,40775000
"5683","Skoda","VW","Yeti","Kleinwagen (z.B. Polo)","SUV","diesel",2012,340,26.28,5,7.7,4,1.445,7.5709425,39708000
"5684","Skoda","VW","Yeti","Kleinwagen (z.B. Polo)","SUV","diesel",2013,220,26.28,5,7.7,4,1.445,7.5709425,39931000
"5685","Skoda","VW","Yeti","Kleinwagen (z.B. Polo)","SUV","diesel",2014,613,26.28,5,7.7,4,1.445,7.5709425,40224000
"5686","Skoda","VW","Yeti","Kleinwagen (z.B. Polo)","SUV","diesel",2015,346,27.03,5,7.7,4,1.445,7.570046,40775000
"5687","Skoda","VW","Yeti","Kleinwagen (z.B. Polo)","SUV","diesel",2012,4221,25.49,4.4,8.1,4,1.452,7.571839,39708000
"5688","Skoda","VW","Yeti","Kleinwagen (z.B. Polo)","SUV","diesel",2013,4070,25.49,4.4,8.1,4,1.452,7.571839,39931000
"5689","Skoda","VW","Yeti","Kleinwagen (z.B. Polo)","SUV","diesel",2014,3188,25.49,4.4,8.1,4,1.452,7.571839,40224000
"5690","Skoda","VW","Yeti","Kleinwagen (z.B. Polo)","SUV","diesel",2015,2713,25.69,4.4,8.1,4,1.452,7.570046,40775000
"5691","Skoda","VW","Yeti","Kleinwagen (z.B. Polo)","SUV","diesel",2016,2512,25.69,4.4,8.1,4,1.452,7.570046,40959000
"5692","Skoda","VW","Yeti","Kleinwagen (z.B. Polo)","SUV","diesel",2017,1209,25.69,4.4,8.1,4,1.452,7.570046,41303000
"5693","Skoda","VW","Yeti","Kleinwagen (z.B. Polo)","SUV","gasoline",2015,639,28.67,6.35,11,4,1.4835,7.579011,40775000
"5694","Skoda","VW","Yeti","Kleinwagen (z.B. Polo)","SUV","gasoline",2016,1965,28.67,6.35,11,4,1.4835,7.579011,40959000
"5695","Skoda","VW","Yeti","Kleinwagen (z.B. Polo)","SUV","gasoline",2017,1400,28.67,6.35,11,4,1.4835,7.579011,41303000
"5696","Skoda","VW","Yeti","Kleinwagen (z.B. Polo)","SUV","gasoline",2012,633,28.45,7.9,11.2,4,1.54,7.579011,39708000
"5697","Skoda","VW","Yeti","Kleinwagen (z.B. Polo)","SUV","gasoline",2013,436,28.45,7.9,11.2,4,1.54,7.579011,39931000
"5698","Skoda","VW","Yeti","Kleinwagen (z.B. Polo)","SUV","gasoline",2014,499,28.45,7.9,11.2,4,1.54,7.579011,40224000
"5699","Skoda","VW","Yeti","Kleinwagen (z.B. Polo)","SUV","gasoline",2015,247,29.71,7.9,11.2,4,1.54,7.579011,40775000
"5700","Skoda","VW","Yeti","Kleinwagen (z.B. Polo)","SUV","gasoline",2012,497,27.53,7.8,11.8,4,1.505,7.579011,39708000
"5701","Skoda","VW","Yeti","Kleinwagen (z.B. Polo)","SUV","gasoline",2013,448,27.53,7.8,11.8,4,1.505,7.579011,39931000
"5702","Skoda","VW","Yeti","Kleinwagen (z.B. Polo)","SUV","gasoline",2014,514,27.53,7.8,11.8,4,1.505,7.579011,40224000
"5703","Skoda","VW","Yeti","Kleinwagen (z.B. Polo)","SUV","gasoline",2015,265,27.53,7.8,11.8,4,1.505,7.579011,40775000
"5704","Skoda","VW","Yeti","Kleinwagen (z.B. Polo)","SUV","gasoline",2012,7834,23.65,6.4,7.7,4,1.345,7.571839,39708000
"5705","Skoda","VW","Yeti","Kleinwagen (z.B. Polo)","SUV","gasoline",2013,6898,23.65,6.4,7.7,4,1.345,7.571839,39931000
"5706","Skoda","VW","Yeti","Kleinwagen (z.B. Polo)","SUV","gasoline",2014,6110,23.65,6.4,7.7,4,1.345,7.571839,40224000
"5707","Skoda","VW","Yeti","Kleinwagen (z.B. Polo)","SUV","gasoline",2015,4372,23.91,6.05,7.7,4,1.3465,7.570046,40775000
"5708","Skoda","VW","Yeti","Kleinwagen (z.B. Polo)","SUV","gasoline",2015,3046,24.19,5.35,8.1,4,1.35,7.570046,40775000
"5709","Skoda","VW","Yeti","Kleinwagen (z.B. Polo)","SUV","gasoline",2016,6329,24.19,5.35,8.1,4,1.35,7.570046,40959000
"5710","Skoda","VW","Yeti","Kleinwagen (z.B. Polo)","SUV","gasoline",2017,6207,24.19,5.35,8.1,4,1.35,7.570046,41303000
"5711","Skoda","VW","Yeti","Kleinwagen (z.B. Polo)","SUV","gasoline",2012,3639,24.89,6.6,9,4,1.395,7.571839,39708000
"5712","Skoda","VW","Yeti","Kleinwagen (z.B. Polo)","SUV","gasoline",2013,4261,24.89,6.6,9,4,1.395,7.571839,39931000
"5713","Skoda","VW","Yeti","Kleinwagen (z.B. Polo)","SUV","gasoline",2014,5328,24.89,6.6,9,4,1.395,7.571839,40224000
"5714","Skoda","VW","Yeti","Kleinwagen (z.B. Polo)","SUV","gasoline",2015,3451,25.21,6.5,9,4,1.4025,7.570046,40775000
"5715","SsangYong","Ssangyong","Korando","Untere Mittelklasse (z.B. Golf)","SUV","diesel",2014,356,26.74,6.2,11,4,1.747,8.0703,40224000
"5716","SsangYong","Ssangyong","Korando","Untere Mittelklasse (z.B. Golf)","SUV","diesel",2015,638,27.74,6.2,11,4,1.747,8.0703,40775000
"5717","SsangYong","Ssangyong","Korando","Untere Mittelklasse (z.B. Golf)","SUV","diesel",2016,126,27.74,6.2,11,4,1.747,8.0703,40959000
"5718","SsangYong","Ssangyong","Korando","Untere Mittelklasse (z.B. Golf)","SUV","diesel",2012,380,28.74,6.95,12.9,4,1.757,8.0703,39708000
"5719","SsangYong","Ssangyong","Korando","Untere Mittelklasse (z.B. Golf)","SUV","diesel",2014,201,28.74,6.95,12.9,4,1.757,8.0703,40224000
"5720","SsangYong","Ssangyong","Korando","Untere Mittelklasse (z.B. Golf)","SUV","diesel",2015,203,28.99,6.95,12.9,4,1.757,8.0703,40775000
"5721","SsangYong","Ssangyong","Korando","Untere Mittelklasse (z.B. Golf)","SUV","diesel",2016,574,31.29,6.8,13.1,4,1.795,8.0703,40959000
"5722","SsangYong","Ssangyong","Korando","Untere Mittelklasse (z.B. Golf)","SUV","diesel",2017,492,31.29,6.8,13.1,4,1.795,8.0703,41303000
"5723","SsangYong","Ssangyong","Korando","Untere Mittelklasse (z.B. Golf)","SUV","gasoline",2014,109,23.99,7.5,11,4,1.612,8.0703,40224000
"5724","SsangYong","Ssangyong","Korando","Untere Mittelklasse (z.B. Golf)","SUV","gasoline",2015,197,23.99,7.5,11,4,1.612,8.0703,40775000
"5725","SsangYong","Ssangyong","Korando","Untere Mittelklasse (z.B. Golf)","SUV","gasoline",2016,248,24.39,7.5,11,4,1.612,8.0703,40959000
"5726","SsangYong","Ssangyong","Korando","Untere Mittelklasse (z.B. Golf)","SUV","gasoline",2017,337,24.39,7.5,11,4,1.612,8.0703,41303000
"5727","SsangYong","Ssangyong","Rexton","Obere Mittelklasse (z.B. E-Klasse)","SUV","diesel",2014,309,27.49,7.3,11.4,4,2.035,9.0345,40224000
"5728","SsangYong","Ssangyong","Rexton","Obere Mittelklasse (z.B. E-Klasse)","SUV","diesel",2015,538,27.49,7.3,11.4,4,2.035,9.0345,40775000
"5729","SsangYong","Ssangyong","Rexton","Obere Mittelklasse (z.B. E-Klasse)","SUV","diesel",2016,714,31.19,7,13.1,4,2.059,9.0345,40959000
"5730","SsangYong","Ssangyong","Rexton","Obere Mittelklasse (z.B. E-Klasse)","SUV","diesel",2017,1010,31.19,7,13.1,4,2.059,9.0345,41303000
"5731","SsangYong","Ssangyong","Rexton","Obere Mittelklasse (z.B. E-Klasse)","SUV","diesel",2012,154,39.99,9.2,13.2,5,2.176,8.8264,39708000
"5732","SsangYong","Ssangyong","Rodius","Obere Mittelklasse (z.B. E-Klasse)","Van","diesel",2015,140,27.49,7.5,11.4,4,2.043,9.82395,40775000
"5733","SsangYong","Ssangyong","Rodius","Obere Mittelklasse (z.B. E-Klasse)","Van","diesel",2016,136,29.19,7.5,13.1,4,2.056,9.82395,40959000
"5734","SsangYong","Ssangyong","Rodius","Obere Mittelklasse (z.B. E-Klasse)","Van","diesel",2017,146,29.19,7.5,13.1,4,2.056,9.82395,41303000
"5735","SsangYong","Ssangyong","Tivoli","Kleinwagen (z.B. Polo)","SUV","diesel",2015,126,20.14,4.3,8.5,4,1.355,7.555196,40775000
"5736","SsangYong","Ssangyong","Tivoli","Kleinwagen (z.B. Polo)","SUV","diesel",2016,560,20.14,4.3,8.5,4,1.355,7.555196,40959000
"5737","SsangYong","Ssangyong","Tivoli","Kleinwagen (z.B. Polo)","SUV","diesel",2017,309,20.14,4.3,8.5,4,1.355,7.555196,41303000
"5738","SsangYong","Ssangyong","Tivoli","Kleinwagen (z.B. Polo)","SUV","gasoline",2015,508,15.99,6.6,9.4,4,1.27,7.555196,40775000
"5739","SsangYong","Ssangyong","Tivoli","Kleinwagen (z.B. Polo)","SUV","gasoline",2016,912,15.99,6.6,9.4,4,1.27,7.555196,40959000
"5740","SsangYong","Ssangyong","Tivoli","Kleinwagen (z.B. Polo)","SUV","gasoline",2017,765,15.99,6.6,9.4,4,1.27,7.555196,41303000
"5741","Subaru","Subaru","BRZ","Mittelklasse (z.B. BMW 3er-Reihe)","Coupe","gasoline",2013,268,31.5,7.1,14.7,4,1.32,7.526,39931000
"5742","Subaru","Subaru","BRZ","Mittelklasse (z.B. BMW 3er-Reihe)","Coupe","gasoline",2014,123,31.5,7.1,14.7,4,1.32,7.526,40224000
"5743","Subaru","Subaru","BRZ","Mittelklasse (z.B. BMW 3er-Reihe)","Coupe","gasoline",2017,109,33.05,7.1,14.7,4,1.3045,7.526,41303000
"5744","Subaru","Subaru","Forester","Mittelklasse (z.B. BMW 3er-Reihe)","SUV","diesel",2012,2907,34,6.3,10.8,4,1.55,8.1168,39708000
"5745","Subaru","Subaru","Forester","Mittelklasse (z.B. BMW 3er-Reihe)","SUV","diesel",2013,1484,34.3795,5.9,10.8,4,1.615,8.248025,39931000
"5746","Subaru","Subaru","Forester","Mittelklasse (z.B. BMW 3er-Reihe)","SUV","diesel",2014,1598,34.3795,5.9,10.8,4,1.615,8.248025,40224000
"5747","Subaru","Subaru","Forester","Mittelklasse (z.B. BMW 3er-Reihe)","SUV","diesel",2015,2588,34.3795,5.9,10.8,4,1.615,8.248025,40775000
"5748","Subaru","Subaru","Forester","Mittelklasse (z.B. BMW 3er-Reihe)","SUV","diesel",2016,2126,34.3795,5.9,10.8,4,1.615,8.248025,40959000
"5749","Subaru","Subaru","Forester","Mittelklasse (z.B. BMW 3er-Reihe)","SUV","diesel",2017,1436,29.9,5.7,10.8,4,1.615,8.248025,41303000
"5750","Subaru","Subaru","Forester","Mittelklasse (z.B. BMW 3er-Reihe)","SUV","gasoline",2012,2069,32,7.5,11,4,1.52,8.1168,39708000
"5751","Subaru","Subaru","Forester","Mittelklasse (z.B. BMW 3er-Reihe)","SUV","gasoline",2013,1470,32,7.5,11,4,1.52,8.1168,39931000
"5752","Subaru","Subaru","Forester","Mittelklasse (z.B. BMW 3er-Reihe)","SUV","gasoline",2014,1211,31,6.9,11,4,1.552,8.248025,40224000
"5753","Subaru","Subaru","Forester","Mittelklasse (z.B. BMW 3er-Reihe)","SUV","gasoline",2015,996,31,6.9,11,4,1.552,8.248025,40775000
"5754","Subaru","Subaru","Forester","Mittelklasse (z.B. BMW 3er-Reihe)","SUV","gasoline",2016,934,31,6.9,11,4,1.552,8.248025,40959000
"5755","Subaru","Subaru","Forester","Mittelklasse (z.B. BMW 3er-Reihe)","SUV","gasoline",2017,1919,25.9,6.9,11,4,1.552,8.248025,41303000
"5756","Subaru","Subaru","Forester","Mittelklasse (z.B. BMW 3er-Reihe)","SUV","gasoline",2013,273,41.45,8.5,17.7,4,1.688,8.248025,39931000
"5757","Subaru","Subaru","Forester","Mittelklasse (z.B. BMW 3er-Reihe)","SUV","gasoline",2014,255,41.45,8.5,17.7,4,1.688,8.248025,40224000
"5758","Subaru","Subaru","Forester","Mittelklasse (z.B. BMW 3er-Reihe)","SUV","gasoline",2015,194,41.45,8.5,17.7,4,1.688,8.248025,40775000
"5759","Subaru","Subaru","Forester","Mittelklasse (z.B. BMW 3er-Reihe)","SUV","gasoline",2016,176,41.45,8.5,17.7,4,1.688,8.248025,40959000
"5760","Subaru","Subaru","Forester","Mittelklasse (z.B. BMW 3er-Reihe)","SUV","gasoline",2017,300,39.9,8.5,17.7,4,1.688,8.248025,41303000
"5761","Subaru","Subaru","Impreza","Untere Mittelklasse (z.B. Golf)","Schrägheck","gasoline",2016,211,23.5,6.5,11,4,1.44,7.6908,40959000
"5762","Subaru","Subaru","Impreza","Untere Mittelklasse (z.B. Golf)","Stufenheck","gasoline",2014,146,43.95,10.4,22.1,4,1.575,8.248025,40224000
"5763","Subaru","Subaru","Impreza","Untere Mittelklasse (z.B. Golf)","Stufenheck","gasoline",2015,147,43.95,10.4,22.1,4,1.575,8.248025,40775000
"5764","Subaru","Subaru","Impreza","Untere Mittelklasse (z.B. Golf)","Stufenheck","gasoline",2016,144,46.35,10.9,22.1,4,1.566,8.248025,40959000
"5765","Subaru","Subaru","Impreza","Untere Mittelklasse (z.B. Golf)","Stufenheck","gasoline",2017,170,46.35,10.9,22.1,4,1.566,8.248025,41303000
"5766","Subaru","Subaru","Impreza","Untere Mittelklasse (z.B. Golf)","Schrägheck","gasoline",2013,405,23.24,6.15,8.4,4,1.41,7.6821,39931000
"5767","Subaru","Subaru","Impreza","Untere Mittelklasse (z.B. Golf)","Schrägheck","gasoline",2014,267,23.24,6.15,8.4,4,1.41,7.6821,40224000
"5768","Subaru","Subaru","Legacy","Mittelklasse (z.B. BMW 3er-Reihe)","Stufenheck","diesel",2012,645,39.5,5.8,11,4,1.6125,8.51285,39708000
"5769","Subaru","Subaru","Legacy","Mittelklasse (z.B. BMW 3er-Reihe)","Stufenheck","diesel",2013,415,39.5,5.8,11,4,1.6125,8.51285,39931000
"5770","Subaru","Subaru","Legacy","Mittelklasse (z.B. BMW 3er-Reihe)","Kombi","diesel",2014,378,39.5,5.8,11,4,1.6125,8.51285,40224000
"5771","Subaru","Subaru","Levorg","Mittelklasse (z.B. BMW 3er-Reihe)","Kombi","gasoline",2015,554,32.9,7.1,12.5,4,1.568,8.3482,40775000
"5772","Subaru","Subaru","Levorg","Mittelklasse (z.B. BMW 3er-Reihe)","Kombi","gasoline",2016,637,32.9,7.1,12.5,4,1.568,8.3482,40959000
"5773","Subaru","Subaru","Levorg","Mittelklasse (z.B. BMW 3er-Reihe)","Kombi","gasoline",2017,446,32.9,7.1,12.5,4,1.568,8.3482,41303000
"5774","Subaru","Subaru","Outback","Mittelklasse (z.B. BMW 3er-Reihe)","Kombi","diesel",2015,594,36.9,5.6,11,4,1.62,8.8596,40775000
"5775","Subaru","Subaru","Outback","Mittelklasse (z.B. BMW 3er-Reihe)","Kombi","diesel",2016,510,36.9,5.6,11,4,1.62,8.8596,40959000
"5776","Subaru","Subaru","Outback","Mittelklasse (z.B. BMW 3er-Reihe)","Kombi","diesel",2017,322,36.9,5.6,11,4,1.62,8.8596,41303000
"5777","Subaru","Subaru","Outback","Mittelklasse (z.B. BMW 3er-Reihe)","Kombi","gasoline",2012,175,40.8,8.4,12.3,4,1.585,8.6905,39708000
"5778","Subaru","Subaru","Outback","Mittelklasse (z.B. BMW 3er-Reihe)","Kombi","gasoline",2013,130,40.8,8.4,12.3,4,1.585,8.6905,39931000
"5779","Subaru","Subaru","Outback","Mittelklasse (z.B. BMW 3er-Reihe)","Kombi","gasoline",2014,138,41.8,7.55,12.7,4,1.5525,8.622,40224000
"5780","Subaru","Subaru","Outback","Mittelklasse (z.B. BMW 3er-Reihe)","Kombi","gasoline",2015,169,39.4,7,12.9,4,1.582,8.8596,40775000
"5781","Subaru","Subaru","Outback","Mittelklasse (z.B. BMW 3er-Reihe)","Kombi","gasoline",2016,289,39.4,7,12.9,4,1.582,8.8596,40959000
"5782","Subaru","Subaru","Outback","Mittelklasse (z.B. BMW 3er-Reihe)","Kombi","gasoline",2017,481,39.4,7,12.9,4,1.582,8.8596,41303000
"5783","Subaru","Subaru","Trezia","Kleinwagen (z.B. Polo)","Van","diesel",2012,229,19.425,4.35,6.6,4,1.23,6.771525,39708000
"5784","Subaru","Subaru","Trezia","Kleinwagen (z.B. Polo)","Van","diesel",2013,144,18.5,4.3,6.6,4,1.225,6.771525,39931000
"5785","Subaru","Subaru","Trezia","Kleinwagen (z.B. Polo)","Van","gasoline",2012,454,16.9,5.5,7.3,4,1.165,6.771525,39708000
"5786","Subaru","Subaru","Trezia","Kleinwagen (z.B. Polo)","Van","gasoline",2013,329,16.9,5.5,7.3,4,1.165,6.771525,39931000
"5787","Subaru","Subaru","XV","Untere Mittelklasse (z.B. Golf)","SUV","diesel",2012,838,28.9,5.6,10.8,4,1.525,7.921,39708000
"5788","Subaru","Subaru","XV","Untere Mittelklasse (z.B. Golf)","SUV","diesel",2013,792,28.9,5.6,10.8,4,1.525,7.921,39931000
"5789","Subaru","Subaru","XV","Untere Mittelklasse (z.B. Golf)","SUV","diesel",2014,640,28.9,5.6,10.8,4,1.525,7.921,40224000
"5790","Subaru","Subaru","XV","Untere Mittelklasse (z.B. Golf)","SUV","diesel",2015,432,28.9,5.6,10.8,4,1.525,7.921,40775000
"5791","Subaru","Subaru","XV","Untere Mittelklasse (z.B. Golf)","SUV","diesel",2016,420,28.9,5.6,10.8,4,1.525,7.921,40959000
"5792","Subaru","Subaru","XV","Untere Mittelklasse (z.B. Golf)","SUV","diesel",2017,245,28.9,5.6,10.8,4,1.525,7.921,41303000
"5793","Subaru","Subaru","XV","Untere Mittelklasse (z.B. Golf)","SUV","gasoline",2012,1200,26.99,6.75,11,4,1.475,7.921,39708000
"5794","Subaru","Subaru","XV","Untere Mittelklasse (z.B. Golf)","SUV","gasoline",2013,795,26.99,6.75,11,4,1.475,7.921,39931000
"5795","Subaru","Subaru","XV","Untere Mittelklasse (z.B. Golf)","SUV","gasoline",2014,911,26.99,6.75,11,4,1.475,7.921,40224000
"5796","Subaru","Subaru","XV","Untere Mittelklasse (z.B. Golf)","SUV","gasoline",2015,473,26.39,6.6,11,4,1.46,7.921,40775000
"5797","Subaru","Subaru","XV","Untere Mittelklasse (z.B. Golf)","SUV","gasoline",2016,987,26.39,6.6,11,4,1.46,7.921,40959000
"5798","Subaru","Subaru","XV","Untere Mittelklasse (z.B. Golf)","SUV","gasoline",2017,1114,26.39,6.6,11,4,1.46,7.921,41303000
"5799","Subaru","Subaru","XV","Untere Mittelklasse (z.B. Golf)","SUV","gasoline",2017,179,27.98,6.9,11.5,4,1.439,8.037,41303000
"5800","Subaru","Subaru","XV","Untere Mittelklasse (z.B. Golf)","SUV","gasoline",2012,501,24.25,6.4,8.4,4,1.4775,7.921,39708000
"5801","Subaru","Subaru","XV","Untere Mittelklasse (z.B. Golf)","SUV","gasoline",2013,699,24.25,6.4,8.4,4,1.4775,7.921,39931000
"5802","Subaru","Subaru","XV","Untere Mittelklasse (z.B. Golf)","SUV","gasoline",2014,435,24.25,6.4,8.4,4,1.4775,7.921,40224000
"5803","Subaru","Subaru","XV","Untere Mittelklasse (z.B. Golf)","SUV","gasoline",2015,275,23.99,6.3,8.4,4,1.46,7.921,40775000
"5804","Subaru","Subaru","XV","Untere Mittelklasse (z.B. Golf)","SUV","gasoline",2016,360,23.99,6.3,8.4,4,1.46,7.921,40959000
"5805","Subaru","Subaru","XV","Untere Mittelklasse (z.B. Golf)","SUV","gasoline",2017,504,23.99,6.3,8.4,4,1.46,7.921,41303000
"5806","Suzuki","Suzuki","Alto","Kleinstwagen (z.B. Twingo)","Schrägheck","gasoline",2012,3069,10.095,4.4,5,3,0.93,5.6,39708000
"5807","Suzuki","Suzuki","Alto","Kleinstwagen (z.B. Twingo)","Schrägheck","gasoline",2013,1315,10.095,4.4,5,3,0.93,5.6,39931000
"5808","Suzuki","Suzuki","Baleno","Kleinwagen (z.B. Polo)","Schrägheck","gasoline",2016,983,14.29,4.45,6.6,4,0.94,6.971275,40959000
"5809","Suzuki","Suzuki","Baleno","Kleinwagen (z.B. Polo)","Schrägheck","gasoline",2017,1150,14.29,4.45,6.6,4,0.94,6.971275,41303000
"5810","Suzuki","Suzuki","Baleno","Kleinwagen (z.B. Polo)","Schrägheck","gasoline",2016,1114,18.74,4.85,8.2,3,0.995,6.971275,40959000
"5811","Suzuki","Suzuki","Baleno","Kleinwagen (z.B. Polo)","Schrägheck","gasoline",2017,1100,18.74,4.85,8.2,3,0.995,6.971275,41303000
"5812","Suzuki","Suzuki","Celerio","Kleinstwagen (z.B. Twingo)","Schrägheck","gasoline",2014,503,11.54,4.1,5,3,0.8875,5.76,40224000
"5813","Suzuki","Suzuki","Celerio","Kleinstwagen (z.B. Twingo)","Schrägheck","gasoline",2015,2859,11.54,4.1,5,3,0.8875,5.76,40775000
"5814","Suzuki","Suzuki","Celerio","Kleinstwagen (z.B. Twingo)","Schrägheck","gasoline",2016,3209,11.54,4.1,5,3,0.8875,5.76,40959000
"5815","Suzuki","Suzuki","Celerio","Kleinstwagen (z.B. Twingo)","Schrägheck","gasoline",2017,3503,11.54,4.1,5,3,0.8875,5.76,41303000
"5816","Suzuki","Suzuki","Grand Vitara","Mittelklasse (z.B. BMW 3er-Reihe)","Geländewagen","diesel",2012,2560,25.79,6.8,9.5,4,1.705,7.783,39708000
"5817","Suzuki","Suzuki","Grand Vitara","Mittelklasse (z.B. BMW 3er-Reihe)","Geländewagen","diesel",2013,2118,25.79,6.8,9.5,4,1.705,7.783,39931000
"5818","Suzuki","Suzuki","Grand Vitara","Mittelklasse (z.B. BMW 3er-Reihe)","Geländewagen","diesel",2014,2220,25.79,6.6,9.5,4,1.705,7.783,40224000
"5819","Suzuki","Suzuki","Grand Vitara","Mittelklasse (z.B. BMW 3er-Reihe)","Geländewagen","gasoline",2012,385,24.69,8.8,12.2,4,1.521,6.99565,39708000
"5820","Suzuki","Suzuki","Grand Vitara","Mittelklasse (z.B. BMW 3er-Reihe)","Geländewagen","gasoline",2013,252,24.69,8.8,12.2,4,1.521,6.99565,39931000
"5821","Suzuki","Suzuki","Grand Vitara","Mittelklasse (z.B. BMW 3er-Reihe)","Geländewagen","gasoline",2014,242,24.24,8.95,12.2,4,1.5285,6.99565,40224000
"5822","Suzuki","Suzuki","Grand Vitara","Mittelklasse (z.B. BMW 3er-Reihe)","Geländewagen","gasoline",2012,447,28.49,9,12.4,4,1.642,7.783,39708000
"5823","Suzuki","Suzuki","Grand Vitara","Mittelklasse (z.B. BMW 3er-Reihe)","Geländewagen","gasoline",2013,298,28.49,9,12.4,4,1.642,7.783,39931000
"5824","Suzuki","Suzuki","Grand Vitara","Mittelklasse (z.B. BMW 3er-Reihe)","Geländewagen","gasoline",2014,191,27.84,9.2,12.4,4,1.6515,7.783,40224000
"5825","Suzuki","Suzuki","Grand Vitara","Mittelklasse (z.B. BMW 3er-Reihe)","Geländewagen","gasoline",2015,190,27.84,9.2,12.4,4,1.6515,7.783,40775000
"5826","Suzuki","Suzuki","Grand Vitara","Mittelklasse (z.B. BMW 3er-Reihe)","Geländewagen","gasoline",2012,561,19.99,8.2,7.8,4,1.482,6.99565,39708000
"5827","Suzuki","Suzuki","Grand Vitara","Mittelklasse (z.B. BMW 3er-Reihe)","Geländewagen","gasoline",2013,366,19.99,8.2,7.8,4,1.482,6.99565,39931000
"5828","Suzuki","Suzuki","Grand Vitara","Mittelklasse (z.B. BMW 3er-Reihe)","Geländewagen","gasoline",2014,301,19.99,8.2,7.8,4,1.482,6.99565,40224000
"5829","Suzuki","Suzuki","Grand Vitara","Mittelklasse (z.B. BMW 3er-Reihe)","Geländewagen","gasoline",2015,140,19.99,8.2,7.8,4,1.482,6.99565,40775000
"5830","Suzuki","Suzuki","Ignis","Kleinstwagen (z.B. Twingo)","SUV","gasoline",2016,328,15.95,5,6.6,4,0.945,6.253,40959000
"5831","Suzuki","Suzuki","Ignis","Kleinstwagen (z.B. Twingo)","SUV","gasoline",2017,7409,12.74,4.6,6.6,4,0.885,6.253,41303000
"5832","Suzuki","Suzuki","Jimny","Kleinwagen (z.B. Polo)","Geländewagen","gasoline",2015,3117,16.54,7.1,6.2,4,1.135,5.912,40775000
"5833","Suzuki","Suzuki","Jimny","Kleinwagen (z.B. Polo)","Geländewagen","gasoline",2016,4872,16.54,7.1,6.2,4,1.135,5.912,40959000
"5834","Suzuki","Suzuki","Jimny","Kleinwagen (z.B. Polo)","Geländewagen","gasoline",2017,6611,16.54,7.1,6.2,4,1.135,5.912,41303000
"5835","Suzuki","Suzuki","Jimny","Kleinwagen (z.B. Polo)","Geländewagen","gasoline",2012,4335,16.44,7.1,6.3,4,1.135,6.226325,39708000
"5836","Suzuki","Suzuki","Jimny","Kleinwagen (z.B. Polo)","Geländewagen","gasoline",2013,3765,16.44,7.1,6.3,4,1.135,6.226325,39931000
"5837","Suzuki","Suzuki","Jimny","Kleinwagen (z.B. Polo)","Geländewagen","gasoline",2014,3721,16.44,7.1,6.3,4,1.135,6.226325,40224000
"5838","Suzuki","Suzuki","Jimny","Kleinwagen (z.B. Polo)","Geländewagen","gasoline",2015,937,16.44,7.1,6.3,4,1.135,6.226325,40775000
"5839","Suzuki","Suzuki","Kizashi","Mittelklasse (z.B. BMW 3er-Reihe)","Stufenheck","gasoline",2012,455,26.99,7.9,13.1,4,1.515,8.463,39708000
"5840","Suzuki","Suzuki","Kizashi","Mittelklasse (z.B. BMW 3er-Reihe)","Stufenheck","gasoline",2013,193,26.99,7.9,13.1,4,1.515,8.463,39931000
"5841","Suzuki","Suzuki","Kizashi","Mittelklasse (z.B. BMW 3er-Reihe)","Stufenheck","gasoline",2014,101,26.99,7.9,13.1,4,1.515,8.463,40224000
"5842","Suzuki","Suzuki","SX4","Untere Mittelklasse (z.B. Golf)","SUV","diesel",2013,752,25.69,4.4,8.8,4,1.38,7.5895,39931000
"5843","Suzuki","Suzuki","SX4","Untere Mittelklasse (z.B. Golf)","SUV","diesel",2014,1893,25.69,4.4,8.8,4,1.38,7.5895,40224000
"5844","Suzuki","Suzuki","SX4","Untere Mittelklasse (z.B. Golf)","SUV","diesel",2015,1684,26.89,4.4,8.8,4,1.41,7.6325,40775000
"5845","Suzuki","Suzuki","SX4","Untere Mittelklasse (z.B. Golf)","SUV","diesel",2016,987,26.89,4.4,8.8,4,1.41,7.6325,40959000
"5846","Suzuki","Suzuki","SX4","Untere Mittelklasse (z.B. Golf)","SUV","diesel",2017,539,26.89,4.4,8.8,4,1.41,7.6325,41303000
"5847","Suzuki","Suzuki","SX4","Untere Mittelklasse (z.B. Golf)","Schrägheck","diesel",2012,1348,20.94,5.3,9.9,4,1.425,7.1276,39708000
"5848","Suzuki","Suzuki","SX4","Untere Mittelklasse (z.B. Golf)","Schrägheck","diesel",2013,1025,20.94,5.3,9.9,4,1.425,7.1276,39931000
"5849","Suzuki","Suzuki","SX4","Untere Mittelklasse (z.B. Golf)","Schrägheck","diesel",2014,144,20.94,5.3,9.9,4,1.425,7.1276,40224000
"5850","Suzuki","Suzuki","SX4","Untere Mittelklasse (z.B. Golf)","SUV","gasoline",2016,749,25.39,5.6,10.3,4,1.29,7.6755,40959000
"5851","Suzuki","Suzuki","SX4","Untere Mittelklasse (z.B. Golf)","SUV","gasoline",2017,2351,25.39,5.9,10.3,4,1.29,7.6755,41303000
"5852","Suzuki","Suzuki","SX4","Untere Mittelklasse (z.B. Golf)","SUV","gasoline",2016,296,22.49,5,8.2,3,1.165,7.6755,40959000
"5853","Suzuki","Suzuki","SX4","Untere Mittelklasse (z.B. Golf)","SUV","gasoline",2017,836,22.615,5.25,8.2,3,1.165,7.6755,41303000
"5854","Suzuki","Suzuki","SX4","Untere Mittelklasse (z.B. Golf)","Stufenheck","gasoline",2012,4173,17.99,6.2,8.8,4,1.235,7.11895,39708000
"5855","Suzuki","Suzuki","SX4","Untere Mittelklasse (z.B. Golf)","SUV","gasoline",2013,5135,17.99,6.2,8.8,4,1.235,7.11895,39931000
"5856","Suzuki","Suzuki","SX4","Untere Mittelklasse (z.B. Golf)","SUV","gasoline",2014,6617,22.99,5.4,8.8,4,1.16,7.5895,40224000
"5857","Suzuki","Suzuki","SX4","Untere Mittelklasse (z.B. Golf)","SUV","gasoline",2015,4427,22.99,5.4,8.8,4,1.16,7.5895,40775000
"5858","Suzuki","Suzuki","SX4","Untere Mittelklasse (z.B. Golf)","SUV","gasoline",2016,1495,23.19,5.7,8.8,4,1.245,7.5895,40959000
"5859","Suzuki","Suzuki","Splash","Kleinstwagen (z.B. Twingo)","Schrägheck","gasoline",2012,210,11.99,5,4.8,3,1.05,6.2412,39708000
"5860","Suzuki","Suzuki","Splash","Kleinstwagen  (z.B. Twingo)","Schrägheck","gasoline",2012,996,10.99,4.75,5,3,1.0625,6.2916,39708000
"5861","Suzuki","Suzuki","Splash","Kleinstwagen  (z.B. Twingo)","Schrägheck","gasoline",2013,677,10.99,4.75,5,3,1.0625,6.2916,39931000
"5862","Suzuki","Suzuki","Splash","Kleinstwagen  (z.B. Twingo)","Schrägheck","gasoline",2014,464,10.99,4.7,5,3,1.075,6.342,40224000
"5863","Suzuki","Suzuki","Splash","Kleinstwagen  (z.B. Twingo)","Schrägheck","gasoline",2015,279,10.99,4.7,5,3,1.075,6.342,40775000
"5864","Suzuki","Suzuki","Splash","Kleinstwagen  (z.B. Twingo)","Schrägheck","gasoline",2012,2218,13.69,5.1,6.9,4,1.095,6.342,39708000
"5865","Suzuki","Suzuki","Splash","Kleinstwagen  (z.B. Twingo)","Schrägheck","gasoline",2013,2255,13.69,5.1,6.9,4,1.095,6.342,39931000
"5866","Suzuki","Suzuki","Splash","Kleinstwagen  (z.B. Twingo)","Schrägheck","gasoline",2014,1881,13.69,5.1,6.9,4,1.095,6.342,40224000
"5867","Suzuki","Suzuki","Splash","Kleinstwagen  (z.B. Twingo)","Schrägheck","gasoline",2015,957,13.69,5.1,6.9,4,1.095,6.342,40775000
"5868","Suzuki","Suzuki","Swift","Kleinwagen (z.B. Polo)","Schrägheck","diesel",2012,276,16.59,4,5.5,4,1.14,6.52575,39708000
"5869","Suzuki","Suzuki","Swift","Kleinwagen (z.B. Polo)","Schrägheck","diesel",2013,194,16.59,4,5.5,4,1.14,6.52575,39931000
"5870","Suzuki","Suzuki","Swift","Kleinwagen (z.B. Polo)","Schrägheck","diesel",2014,199,16.59,4,5.5,4,1.14,6.52575,40224000
"5871","Suzuki","Suzuki","Swift","Kleinwagen (z.B. Polo)","Schrägheck","gasoline",2012,1942,19.39,6.4,10,4,1.115,6.59355,39708000
"5872","Suzuki","Suzuki","Swift","Kleinwagen (z.B. Polo)","Schrägheck","gasoline",2013,1260,19.39,6.4,10,4,1.115,6.59355,39931000
"5873","Suzuki","Suzuki","Swift","Kleinwagen (z.B. Polo)","Schrägheck","gasoline",2014,1583,19.39,6.4,10,4,1.115,6.59355,40224000
"5874","Suzuki","Suzuki","Swift","Kleinwagen (z.B. Polo)","Schrägheck","gasoline",2015,2038,19.39,6.4,10,4,1.1225,6.59355,40775000
"5875","Suzuki","Suzuki","Swift","Kleinwagen (z.B. Polo)","Schrägheck","gasoline",2016,1634,19.39,6.4,10,4,1.1225,6.59355,40959000
"5876","Suzuki","Suzuki","Swift","Kleinwagen (z.B. Polo)","Schrägheck","gasoline",2017,680,19.39,6.4,10,4,1.1225,6.59355,41303000
"5877","Suzuki","Suzuki","Swift","Kleinwagen (z.B. Polo)","Schrägheck","gasoline",2014,548,16.49,4.4,6.6,4,1.045,6.52575,40224000
"5878","Suzuki","Suzuki","Swift","Kleinwagen (z.B. Polo)","Schrägheck","gasoline",2015,454,16.49,4.4,6.6,4,1.045,6.52575,40775000
"5879","Suzuki","Suzuki","Swift","Kleinwagen (z.B. Polo)","Schrägheck","gasoline",2016,145,16.49,4.4,6.6,4,1.045,6.52575,40959000
"5880","Suzuki","Suzuki","Swift","Kleinwagen (z.B. Polo)","Schrägheck","gasoline",2017,2016,13.79,4.3,6.6,4,0.915,6.6624,41303000
"5881","Suzuki","Suzuki","Swift","Kleinwagen (z.B. Polo)","Schrägheck","gasoline",2012,7789,14.99,5,6.9,4,1.035,6.52575,39708000
"5882","Suzuki","Suzuki","Swift","Kleinwagen (z.B. Polo)","Schrägheck","gasoline",2013,7184,14.99,5,6.9,4,1.035,6.52575,39931000
"5883","Suzuki","Suzuki","Swift","Kleinwagen (z.B. Polo)","Schrägheck","gasoline",2014,6169,14.99,5,6.9,4,1.035,6.52575,40224000
"5884","Suzuki","Suzuki","Swift","Kleinwagen (z.B. Polo)","Schrägheck","gasoline",2015,8033,14.99,5,6.9,4,1.0425,6.52575,40775000
"5885","Suzuki","Suzuki","Swift","Kleinwagen (z.B. Polo)","Schrägheck","gasoline",2016,5767,14.99,5,6.9,4,1.0425,6.52575,40959000
"5886","Suzuki","Suzuki","Swift","Kleinwagen (z.B. Polo)","Schrägheck","gasoline",2017,1351,14.99,5,6.9,4,1.0425,6.52575,41303000
"5887","Suzuki","Suzuki","Swift","Kleinwagen (z.B. Polo)","Schrägheck","gasoline",2017,1831,19.48,4.3,8.2,3,0.95,6.6624,41303000
"5888","Suzuki","Suzuki","Vitara","Kleinwagen (z.B. Polo)","SUV","diesel",2015,1942,27.89,4.2,8.8,4,1.37,7.410625,40775000
"5889","Suzuki","Suzuki","Vitara","Kleinwagen (z.B. Polo)","SUV","diesel",2016,3099,27.89,4.2,8.8,4,1.37,7.410625,40959000
"5890","Suzuki","Suzuki","Vitara","Kleinwagen (z.B. Polo)","SUV","diesel",2017,1191,27.89,4.2,8.8,4,1.37,7.410625,41303000
"5891","Suzuki","Suzuki","Vitara","Kleinwagen (z.B. Polo)","SUV","gasoline",2015,278,27.54,5.45,10.3,4,1.2975,7.410625,40775000
"5892","Suzuki","Suzuki","Vitara","Kleinwagen (z.B. Polo)","SUV","gasoline",2016,2136,27.54,5.45,10.3,4,1.2975,7.410625,40959000
"5893","Suzuki","Suzuki","Vitara","Kleinwagen (z.B. Polo)","SUV","gasoline",2017,3511,28.29,6.1,10.3,4,1.285,7.40175,41303000
"5894","Suzuki","Suzuki","Vitara","Kleinwagen (z.B. Polo)","SUV","gasoline",2015,3368,23.99,5.6,8.8,4,1.235,7.410625,40775000
"5895","Suzuki","Suzuki","Vitara","Kleinwagen (z.B. Polo)","SUV","gasoline",2016,4496,20.49,5.3,8.8,4,1.15,7.410625,40959000
"5896","Suzuki","Suzuki","Vitara","Kleinwagen (z.B. Polo)","SUV","gasoline",2017,4033,20.49,5.3,8.8,4,1.15,7.410625,41303000
"5897","Toyota","Toyota","Auris","Untere Mittelklasse (z.B. Golf)","Schrägheck","diesel",2012,474,21.45,4.2,6.6,4,1.27,7.524,39708000
"5898","Toyota","Toyota","Auris","Untere Mittelklasse (z.B. Golf)","Schrägheck","diesel",2013,949,22,4.2,6.6,4,1.27,7.524,39931000
"5899","Toyota","Toyota","Auris","Untere Mittelklasse (z.B. Golf)","Schrägheck","diesel",2014,720,22.02,4.2,6.6,4,1.27,7.524,40224000
"5900","Toyota","Toyota","Auris","Untere Mittelklasse (z.B. Golf)","Schrägheck","diesel",2015,454,22.02,4.2,6.6,4,1.27,7.524,40775000
"5901","Toyota","Toyota","Auris","Untere Mittelklasse (z.B. Golf)","Schrägheck","diesel",2016,239,22.02,4.2,6.6,4,1.27,7.524,40959000
"5902","Toyota","Toyota","Auris","Untere Mittelklasse (z.B. Golf)","Schrägheck","diesel",2015,649,26.34,4.2,8.2,4,1.42,8.0872,40775000
"5903","Toyota","Toyota","Auris","Untere Mittelklasse (z.B. Golf)","Schrägheck","diesel",2016,1251,26.34,4.2,8.2,4,1.42,8.0872,40959000
"5904","Toyota","Toyota","Auris","Untere Mittelklasse (z.B. Golf)","Schrägheck","diesel",2017,314,26.34,4.2,8.2,4,1.42,8.0872,41303000
"5905","Toyota","Toyota","Auris","Untere Mittelklasse (z.B. Golf)","Schrägheck","diesel",2013,1087,23.85,4.3,9.1,4,1.395,7.524,39931000
"5906","Toyota","Toyota","Auris","Untere Mittelklasse (z.B. Golf)","Schrägheck","diesel",2014,1073,23.85,4.3,9.1,4,1.395,7.524,40224000
"5907","Toyota","Toyota","Auris","Untere Mittelklasse (z.B. Golf)","Schrägheck","diesel",2015,683,23.85,4.3,9.1,4,1.395,7.524,40775000
"5908","Toyota","Toyota","Auris","Untere Mittelklasse (z.B. Golf)","Schrägheck","diesel",2012,320,21.95,5.2,9.3,4,1.48,7.4712,39708000
"5909","Toyota","Toyota","Auris","Untere Mittelklasse (z.B. Golf)","Schrägheck","gasoline",2012,2397,19.8,5.4,7.3,4,1.225,7.524,39708000
"5910","Toyota","Toyota","Auris","Untere Mittelklasse (z.B. Golf)","Schrägheck","gasoline",2013,1918,19.95,5.4,7.3,4,1.225,7.524,39931000
"5911","Toyota","Toyota","Auris","Untere Mittelklasse (z.B. Golf)","Schrägheck","gasoline",2014,1978,19.95,5.4,7.3,4,1.225,7.524,40224000
"5912","Toyota","Toyota","Auris","Untere Mittelklasse (z.B. Golf)","Schrägheck","gasoline",2015,2099,19.95,5.4,7.3,4,1.225,7.524,40775000
"5913","Toyota","Toyota","Auris","Untere Mittelklasse (z.B. Golf)","Schrägheck","gasoline",2016,1631,19.95,5.4,7.3,4,1.225,7.524,40959000
"5914","Toyota","Toyota","Auris","Untere Mittelklasse (z.B. Golf)","Schrägheck","gasoline",2017,771,16.65,5.8,7.3,4,1.225,7.4712,41303000
"5915","Toyota","Toyota","Auris","Untere Mittelklasse (z.B. Golf)","Schrägheck","gasoline",2015,1314,23.29,4.8,8.5,4,1.425,7.6208,40775000
"5916","Toyota","Toyota","Auris","Untere Mittelklasse (z.B. Golf)","Schrägheck","gasoline",2016,5001,23.29,4.8,8.5,4,1.425,7.6208,40959000
"5917","Toyota","Toyota","Auris","Untere Mittelklasse (z.B. Golf)","Schrägheck","gasoline",2017,4075,23.29,4.8,8.5,4,1.425,7.6208,41303000
"5918","Toyota","Toyota","Auris","Untere Mittelklasse (z.B. Golf)","Schrägheck","gasoline",2012,5001,19.05,6.6,9.7,4,1.35,7.4712,39708000
"5919","Toyota","Toyota","Auris","Untere Mittelklasse (z.B. Golf)","Schrägheck","gasoline",2013,6002,20.59,5.9,9.7,4,1.265,7.524,39931000
"5920","Toyota","Toyota","Auris","Untere Mittelklasse (z.B. Golf)","Schrägheck","gasoline",2014,5377,20.59,5.9,9.7,4,1.265,7.524,40224000
"5921","Toyota","Toyota","Auris","Untere Mittelklasse (z.B. Golf)","Schrägheck","gasoline",2015,2711,20.59,5.9,9.7,4,1.265,7.524,40775000
"5922","Toyota","Toyota","Avensis","Mittelklasse (z.B. BMW 3er-Reihe)","Stufenheck","diesel",2015,1770,33.54,4.6,10.5,4,1.565,8.7242,40775000
"5923","Toyota","Toyota","Avensis","Mittelklasse (z.B. BMW 3er-Reihe)","Stufenheck","diesel",2016,2150,33.54,4.6,10.5,4,1.565,8.7242,40959000
"5924","Toyota","Toyota","Avensis","Mittelklasse (z.B. BMW 3er-Reihe)","Stufenheck","diesel",2017,676,33.54,4.6,10.5,4,1.565,8.7242,41303000
"5925","Toyota","Toyota","Avensis","Mittelklasse (z.B. BMW 3er-Reihe)","Stufenheck","diesel",2012,1537,32.35,5.5,11,4,1.62,8.6518,39708000
"5926","Toyota","Toyota","Avensis","Mittelklasse (z.B. BMW 3er-Reihe)","Stufenheck","diesel",2013,1006,32.35,5.5,11,4,1.62,8.6518,39931000
"5927","Toyota","Toyota","Avensis","Mittelklasse (z.B. BMW 3er-Reihe)","Stufenheck","diesel",2014,859,32.35,5.5,11,4,1.62,8.6518,40224000
"5928","Toyota","Toyota","Avensis","Mittelklasse (z.B. BMW 3er-Reihe)","Kombi","diesel",2015,177,32.35,5.5,11,4,1.62,8.6518,40775000
"5929","Toyota","Toyota","Avensis","Mittelklasse (z.B. BMW 3er-Reihe)","Stufenheck","diesel",2012,455,34.82,5.95,13,4,1.625,8.638225,39708000
"5930","Toyota","Toyota","Avensis","Mittelklasse (z.B. BMW 3er-Reihe)","Stufenheck","diesel",2013,214,36.74,5.9,13,4,1.625,8.6518,39931000
"5931","Toyota","Toyota","Avensis","Mittelklasse (z.B. BMW 3er-Reihe)","Kombi","diesel",2014,162,36.74,5.9,13,4,1.625,8.6518,40224000
"5932","Toyota","Toyota","Avensis","Mittelklasse (z.B. BMW 3er-Reihe)","Kombi","diesel",2015,490,31.74,4.2,8.2,4,1.56,8.7242,40775000
"5933","Toyota","Toyota","Avensis","Mittelklasse (z.B. BMW 3er-Reihe)","Kombi","diesel",2016,351,31.74,4.2,8.2,4,1.56,8.7242,40959000
"5934","Toyota","Toyota","Avensis","Mittelklasse (z.B. BMW 3er-Reihe)","Stufenheck","diesel",2012,2268,28.95,4.6,9.1,4,1.585,8.6518,39708000
"5935","Toyota","Toyota","Avensis","Mittelklasse (z.B. BMW 3er-Reihe)","Stufenheck","diesel",2013,1590,28.95,4.6,9.1,4,1.585,8.6518,39931000
"5936","Toyota","Toyota","Avensis","Mittelklasse (z.B. BMW 3er-Reihe)","Stufenheck","diesel",2014,1031,28.95,4.6,9.1,4,1.585,8.6518,40224000
"5937","Toyota","Toyota","Avensis","Mittelklasse (z.B. BMW 3er-Reihe)","Kombi","diesel",2015,309,28.95,4.6,9.1,4,1.585,8.6518,40775000
"5938","Toyota","Toyota","Avensis","Mittelklasse (z.B. BMW 3er-Reihe)","Kombi","diesel",2012,105,27.8,5.4,9.3,4,1.595,8.62465,39708000
"5939","Toyota","Toyota","Avensis","Mittelklasse (z.B. BMW 3er-Reihe)","Stufenheck","gasoline",2012,3689,29.05,6.7,10.8,4,1.495,8.62465,39708000
"5940","Toyota","Toyota","Avensis","Mittelklasse (z.B. BMW 3er-Reihe)","Stufenheck","gasoline",2013,2047,29.345,6.65,10.8,4,1.495,8.6518,39931000
"5941","Toyota","Toyota","Avensis","Mittelklasse (z.B. BMW 3er-Reihe)","Stufenheck","gasoline",2014,1584,31.54,6,10.8,4,1.4875,8.7242,40224000
"5942","Toyota","Toyota","Avensis","Mittelklasse (z.B. BMW 3er-Reihe)","Stufenheck","gasoline",2015,2229,31.54,6,10.8,4,1.4875,8.7242,40775000
"5943","Toyota","Toyota","Avensis","Mittelklasse (z.B. BMW 3er-Reihe)","Stufenheck","gasoline",2016,2746,31.54,6,10.8,4,1.4875,8.7242,40959000
"5944","Toyota","Toyota","Avensis","Mittelklasse (z.B. BMW 3er-Reihe)","Stufenheck","gasoline",2017,2868,31.84,6,10.8,4,1.48,8.7242,41303000
"5945","Toyota","Toyota","Avensis","Mittelklasse (z.B. BMW 3er-Reihe)","Stufenheck","gasoline",2012,326,24.82,6.5,9.7,4,1.475,8.638225,39708000
"5946","Toyota","Toyota","Avensis","Mittelklasse (z.B. BMW 3er-Reihe)","Stufenheck","gasoline",2013,253,26.4,6.5,9.7,4,1.475,8.6518,39931000
"5947","Toyota","Toyota","Aygo","Kleinstwagen  (z.B. Twingo)","Schrägheck","gasoline",2012,11425,10.8,4.3,5,3,0.875,5.53945,39708000
"5948","Toyota","Toyota","Aygo","Kleinstwagen  (z.B. Twingo)","Schrägheck","gasoline",2013,9025,10.8,4.3,5,3,0.875,5.53945,39931000
"5949","Toyota","Toyota","Aygo","Kleinstwagen  (z.B. Twingo)","Schrägheck","gasoline",2014,5298,10.8,4.3,5,3,0.875,5.53945,40224000
"5950","Toyota","Toyota","Aygo","Kleinstwagen  (z.B. Twingo)","Schrägheck","gasoline",2014,5563,9.95,4.1,5.1,3,0.915,5.579825,40224000
"5951","Toyota","Toyota","Aygo","Kleinstwagen  (z.B. Twingo)","Schrägheck","gasoline",2015,11819,9.95,4.1,5.1,3,0.915,5.579825,40775000
"5952","Toyota","Toyota","Aygo","Kleinstwagen  (z.B. Twingo)","Schrägheck","gasoline",2016,11624,9.95,4.1,5.1,3,0.915,5.579825,40959000
"5953","Toyota","Toyota","Aygo","Kleinstwagen  (z.B. Twingo)","Schrägheck","gasoline",2017,12395,9.95,4.1,5.1,3,0.915,5.579825,41303000
"5954","Toyota","Toyota","C-HR","Untere Mittelklasse (z.B. Golf)","SUV","gasoline",2016,545,21.99,5.9,8.5,4,1.32,7.8262,40959000
"5955","Toyota","Toyota","C-HR","Untere Mittelklasse (z.B. Golf)","SUV","gasoline",2017,3438,21.99,5.9,8.5,4,1.32,7.8262,41303000
"5956","Toyota","Toyota","Corolla","Untere Mittelklasse (z.B. Golf)","Stufenheck","gasoline",2014,696,22.99,5.8,9.7,4,1.275,8.2005,40224000
"5957","Toyota","Toyota","Corolla","Untere Mittelklasse (z.B. Golf)","Stufenheck","gasoline",2015,520,23.235,5.95,9.7,4,1.275,8.2005,40775000
"5958","Toyota","Toyota","Corolla","Untere Mittelklasse (z.B. Golf)","Stufenheck","gasoline",2016,349,23.235,5.95,9.7,4,1.275,8.2005,40959000
"5959","Toyota","Toyota","Corolla","Untere Mittelklasse (z.B. Golf)","Stufenheck","gasoline",2017,293,23.235,5.95,9.7,4,1.275,8.2005,41303000
"5960","Toyota","Toyota","GT86","Untere Mittelklasse (z.B. Golf)","Coupe","gasoline",2012,1139,30.8,7.45,14.7,4,1.3165,7.526,39708000
"5961","Toyota","Toyota","GT86","Untere Mittelklasse (z.B. Golf)","Coupe","gasoline",2013,2067,30.8,7.45,14.7,4,1.3165,7.526,39931000
"5962","Toyota","Toyota","GT86","Untere Mittelklasse (z.B. Golf)","Coupe","gasoline",2014,606,30.8,7.45,14.7,4,1.3165,7.526,40224000
"5963","Toyota","Toyota","GT86","Untere Mittelklasse (z.B. Golf)","Coupe","gasoline",2015,345,30.8,7.45,14.7,4,1.3165,7.526,40775000
"5964","Toyota","Toyota","GT86","Untere Mittelklasse (z.B. Golf)","Coupe","gasoline",2016,288,31.765,7.8,14.7,4,1.305,7.526,40959000
"5965","Toyota","Toyota","GT86","Untere Mittelklasse (z.B. Golf)","Coupe","gasoline",2017,266,31.99,7.8,14.7,4,1.305,7.526,41303000
"5966","Toyota","Toyota","Land Cruiser","Obere Mittelklasse (z.B. E-Klasse)","Geländewagen","diesel",2015,349,49.09,7.4,13,4,2.42,9.0103,40775000
"5967","Toyota","Toyota","Land Cruiser","Obere Mittelklasse (z.B. E-Klasse)","Geländewagen","diesel",2016,787,49.09,7.4,13,4,2.42,9.0103,40959000
"5968","Toyota","Toyota","Land Cruiser","Obere Mittelklasse (z.B. E-Klasse)","Geländewagen","diesel",2017,659,45.89,7.4,13,4,2.075,8.491925,41303000
"5969","Toyota","Toyota","Land Cruiser","Obere Mittelklasse (z.B. E-Klasse)","Geländewagen","diesel",2012,1506,46.65,7.9,14,4,2.075,8.491925,39708000
"5970","Toyota","Toyota","Land Cruiser","Obere Mittelklasse (z.B. E-Klasse)","Geländewagen","diesel",2013,898,46.65,7.9,14,4,2.075,8.491925,39931000
"5971","Toyota","Toyota","Land Cruiser","Obere Mittelklasse (z.B. E-Klasse)","Geländewagen","diesel",2014,1019,46.65,7.9,14,4,2.075,8.491925,40224000
"5972","Toyota","Toyota","Land Cruiser","Obere Mittelklasse (z.B. E-Klasse)","Geländewagen","diesel",2015,505,46.65,7.9,14,4,2.075,8.491925,40775000
"5973","Toyota","Toyota","Land Cruiser","Oberklasse (z.B. S-Klasse)","Geländewagen","diesel",2012,308,84.15,9.5,20,8,2.585,9.7515,39708000
"5974","Toyota","Toyota","Land Cruiser","Oberklasse (z.B. S-Klasse)","Geländewagen","diesel",2013,270,84.15,9.5,20,8,2.585,9.7515,39931000
"5975","Toyota","Toyota","Land Cruiser","Oberklasse (z.B. S-Klasse)","Geländewagen","diesel",2014,228,84.15,9.5,20,8,2.585,9.7515,40224000
"5976","Toyota","Toyota","Land Cruiser","Oberklasse (z.B. S-Klasse)","Geländewagen","diesel",2015,236,84.15,9.5,20,8,2.585,9.7515,40775000
"5977","Toyota","Toyota","RAV4","Mittelklasse (z.B. BMW 3er-Reihe)","SUV","diesel",2016,1235,30.69,4.7,10.5,4,1.61,8.496225,40959000
"5978","Toyota","Toyota","RAV4","Mittelklasse (z.B. BMW 3er-Reihe)","SUV","diesel",2017,553,30.69,4.7,10.5,4,1.61,8.496225,41303000
"5979","Toyota","Toyota","RAV4","Untere Mittelklasse (z.B. Golf)","SUV","diesel",2012,3071,28.4,6,11,4,1.62,8.067675,39708000
"5980","Toyota","Toyota","RAV4","Untere Mittelklasse (z.B. Golf)","SUV","diesel",2013,3214,31.99,5.6,11,4,1.68,8.43165,39931000
"5981","Toyota","Toyota","RAV4","Mittelklasse (z.B. BMW 3er-Reihe)","SUV","diesel",2014,3087,31.99,5.6,11,4,1.68,8.43165,40224000
"5982","Toyota","Toyota","RAV4","Mittelklasse (z.B. BMW 3er-Reihe)","SUV","diesel",2015,4339,31.99,5.6,11,4,1.68,8.43165,40775000
"5983","Toyota","Toyota","RAV4","Mittelklasse (z.B. BMW 3er-Reihe)","SUV","diesel",2016,865,31.99,5.6,11,4,1.68,8.43165,40959000
"5984","Toyota","Toyota","RAV4","Untere Mittelklasse (z.B. Golf)","SUV","diesel",2012,380,36.15,6.7,13,4,1.675,8.097075,39708000
"5985","Toyota","Toyota","RAV4","Mittelklasse (z.B. BMW 3er-Reihe)","SUV","diesel",2013,355,28.29,4.9,9.1,4,1.61,8.43165,39931000
"5986","Toyota","Toyota","RAV4","Mittelklasse (z.B. BMW 3er-Reihe)","SUV","diesel",2014,760,31.29,5.2,9.1,4,1.66,8.43165,40224000
"5987","Toyota","Toyota","RAV4","Mittelklasse (z.B. BMW 3er-Reihe)","SUV","diesel",2015,523,31.29,5.2,9.1,4,1.66,8.43165,40775000
"5988","Toyota","Toyota","RAV4","Mittelklasse (z.B. BMW 3er-Reihe)","SUV","gasoline",2013,1424,31.04,7.2,11.1,4,1.565,8.43165,39931000
"5989","Toyota","Toyota","RAV4","Mittelklasse (z.B. BMW 3er-Reihe)","SUV","gasoline",2014,1616,31.04,7.2,11.1,4,1.565,8.43165,40224000
"5990","Toyota","Toyota","RAV4","Mittelklasse (z.B. BMW 3er-Reihe)","SUV","gasoline",2015,607,31.04,7.2,11.1,4,1.565,8.43165,40775000
"5991","Toyota","Toyota","RAV4","Mittelklasse (z.B. BMW 3er-Reihe)","SUV","gasoline",2015,709,32.02,7.2,11.2,4,1.595,8.43165,40775000
"5992","Toyota","Toyota","RAV4","Mittelklasse (z.B. BMW 3er-Reihe)","SUV","gasoline",2016,1072,32.02,7.2,11.2,4,1.595,8.43165,40959000
"5993","Toyota","Toyota","RAV4","Mittelklasse (z.B. BMW 3er-Reihe)","SUV","gasoline",2017,610,32.02,7.2,11.2,4,1.595,8.43165,41303000
"5994","Toyota","Toyota","RAV4","Untere Mittelklasse (z.B. Golf)","SUV","gasoline",2012,2166,24.55,7.4,11.6,4,1.5,8.067675,39708000
"5995","Toyota","Toyota","RAV4","Untere Mittelklasse (z.B. Golf)","SUV","gasoline",2013,452,24.55,7.4,11.6,4,1.5,8.067675,39931000
"5996","Toyota","Toyota","Verso-S","Kleinwagen (z.B. Polo)","Van","diesel",2012,613,18.65,4.3,6.6,4,1.21,6.76305,39708000
"5997","Toyota","Toyota","Verso-S","Kleinwagen (z.B. Polo)","Van","diesel",2013,252,18.2,4.3,6.6,4,1.21,6.76305,39931000
"5998","Toyota","Toyota","Verso-S","Kleinwagen (z.B. Polo)","Van","diesel",2014,159,18.2,4.3,6.6,4,1.21,6.76305,40224000
"5999","Toyota","Toyota","Verso-S","Kleinwagen (z.B. Polo)","Van","gasoline",2012,4134,18.5125,5.4,7.3,4,1.145,6.76305,39708000
"6000","Toyota","Toyota","Verso-S","Kleinwagen (z.B. Polo)","Van","gasoline",2013,1918,18.5125,5.45,7.3,4,1.145,6.76305,39931000
"6001","Toyota","Toyota","Verso-S","Kleinwagen (z.B. Polo)","Van","gasoline",2014,1655,18.5125,5.45,7.3,4,1.145,6.76305,40224000
"6002","Toyota","Toyota","Verso-S","Kleinwagen (z.B. Polo)","Van","gasoline",2015,1769,18.5125,5.45,7.3,4,1.145,6.76305,40775000
"6003","Toyota","Toyota","Verso","Untere Mittelklasse (z.B. Golf)","Van","diesel",2012,279,29.35,6.4,11,4,1.575,7.9834,39708000
"6004","Toyota","Toyota","Verso","Untere Mittelklasse (z.B. Golf)","Van","diesel",2013,275,29.35,6.4,11,4,1.575,7.9834,39931000
"6005","Toyota","Toyota","Verso","Untere Mittelklasse (z.B. Golf)","Van","diesel",2014,245,29.35,6.4,11,4,1.575,7.9834,40224000
"6006","Toyota","Toyota","Verso","Untere Mittelklasse (z.B. Golf)","Van","diesel",2012,200,30.9,5.8,13,4,1.575,7.9834,39708000
"6007","Toyota","Toyota","Verso","Untere Mittelklasse (z.B. Golf)","Van","diesel",2013,192,30.9,5.8,13,4,1.575,7.9834,39931000
"6008","Toyota","Toyota","Verso","Untere Mittelklasse (z.B. Golf)","Van","diesel",2014,177,30.9,5.8,13,4,1.575,7.9834,40224000
"6009","Toyota","Toyota","Verso","Untere Mittelklasse (z.B. Golf)","Van","diesel",2014,1865,24.315,4.5,8.2,4,1.595,7.9834,40224000
"6010","Toyota","Toyota","Verso","Untere Mittelklasse (z.B. Golf)","Van","diesel",2015,1953,24.315,4.5,8.2,4,1.595,7.9834,40775000
"6011","Toyota","Toyota","Verso","Untere Mittelklasse (z.B. Golf)","Van","diesel",2016,1140,24.315,4.5,8.2,4,1.595,7.9834,40959000
"6012","Toyota","Toyota","Verso","Untere Mittelklasse (z.B. Golf)","Van","diesel",2017,316,24.315,4.5,8.2,4,1.595,7.9834,41303000
"6013","Toyota","Toyota","Verso","Untere Mittelklasse (z.B. Golf)","Van","diesel",2013,1299,26.25,4.9,9.1,4,1.54,7.9834,39931000
"6014","Toyota","Toyota","Verso","Untere Mittelklasse (z.B. Golf)","Van","diesel",2014,163,26.25,4.9,9.1,4,1.54,7.9834,40224000
"6015","Toyota","Toyota","Verso","Untere Mittelklasse (z.B. Golf)","Van","diesel",2012,1531,26.1,5.6,9.3,4,1.615,7.9476,39708000
"6016","Toyota","Toyota","Verso","Untere Mittelklasse (z.B. Golf)","Van","diesel",2013,393,26.1,5.6,9.3,4,1.615,7.9476,39931000
"6017","Toyota","Toyota","Verso","Untere Mittelklasse (z.B. Golf)","Van","gasoline",2012,4090,26.75,6.8,10.8,4,1.5,7.9834,39708000
"6018","Toyota","Toyota","Verso","Untere Mittelklasse (z.B. Golf)","Van","gasoline",2013,3816,26.75,6.8,10.8,4,1.5,7.9834,39931000
"6019","Toyota","Toyota","Verso","Untere Mittelklasse (z.B. Golf)","Van","gasoline",2014,2653,26.75,6.8,10.8,4,1.5,7.9834,40224000
"6020","Toyota","Toyota","Verso","Untere Mittelklasse (z.B. Golf)","Van","gasoline",2015,2423,26.75,6.8,10.8,4,1.505,7.9834,40775000
"6021","Toyota","Toyota","Verso","Untere Mittelklasse (z.B. Golf)","Van","gasoline",2016,2854,26.75,6.8,10.8,4,1.505,7.9834,40959000
"6022","Toyota","Toyota","Verso","Untere Mittelklasse (z.B. Golf)","Van","gasoline",2017,3695,26.75,6.8,10.8,4,1.505,7.9834,41303000
"6023","Toyota","Toyota","Verso","Untere Mittelklasse (z.B. Golf)","Van","gasoline",2012,884,21.765,6.6,9.7,4,1.43,7.9834,39708000
"6024","Toyota","Toyota","Verso","Untere Mittelklasse (z.B. Golf)","Van","gasoline",2013,705,21.765,6.6,9.7,4,1.43,7.9834,39931000
"6025","Toyota","Toyota","Verso","Untere Mittelklasse (z.B. Golf)","Van","gasoline",2014,382,21.765,6.6,9.7,4,1.43,7.9834,40224000
"6026","Toyota","Toyota","Verso","Untere Mittelklasse (z.B. Golf)","Van","gasoline",2015,153,21.765,6.6,9.7,4,1.43,7.9834,40775000
"6027","Toyota","Toyota","Verso","Untere Mittelklasse (z.B. Golf)","Van","gasoline",2016,146,21.765,6.6,9.7,4,1.43,7.9834,40959000
"6028","Toyota","Toyota","Verso","Untere Mittelklasse (z.B. Golf)","Van","gasoline",2017,126,21.765,6.6,9.7,4,1.43,7.9834,41303000
"6029","Toyota","Toyota","Yaris","Kleinwagen (z.B. Polo)","Schrägheck","diesel",2012,931,17.735,3.9,6.6,4,1.135,6.585075,39708000
"6030","Toyota","Toyota","Yaris","Kleinwagen (z.B. Polo)","Van","diesel",2013,536,18.19,3.9,6.6,4,1.155,6.69525,39931000
"6031","Toyota","Toyota","Yaris","Kleinwagen (z.B. Polo)","Van","diesel",2014,544,18.19,3.9,6.6,4,1.155,6.69525,40224000
"6032","Toyota","Toyota","Yaris","Kleinwagen (z.B. Polo)","Van","diesel",2015,509,18.19,3.9,6.6,4,1.155,6.69525,40775000
"6033","Toyota","Toyota","Yaris","Kleinwagen (z.B. Polo)","Van","diesel",2016,338,18.53,3.8,6.6,4,1.155,6.69525,40959000
"6034","Toyota","Toyota","Yaris","Kleinwagen (z.B. Polo)","Schrägheck","gasoline",2012,6113,14.24,4.8,5.1,3,1.045,6.585075,39708000
"6035","Toyota","Toyota","Yaris","Kleinwagen (z.B. Polo)","Schrägheck","gasoline",2013,4671,13.915,4.8,5.1,3,1.045,6.585075,39931000
"6036","Toyota","Toyota","Yaris","Kleinwagen (z.B. Polo)","Schrägheck","gasoline",2014,5183,13.915,4.8,5.1,3,1.045,6.585075,40224000
"6037","Toyota","Toyota","Yaris","Kleinwagen (z.B. Polo)","Schrägheck","gasoline",2015,5023,13.915,4.8,5.1,3,1.045,6.585075,40775000
"6038","Toyota","Toyota","Yaris","Kleinwagen (z.B. Polo)","Schrägheck","gasoline",2016,3410,14.29,4.3,5.1,3,1.055,6.686775,40959000
"6039","Toyota","Toyota","Yaris","Kleinwagen (z.B. Polo)","Schrägheck","gasoline",2017,2652,15.09,4.3,5.1,3,1.055,6.686775,41303000
"6040","Toyota","Toyota","Yaris","Kleinwagen (z.B. Polo)","Schrägheck","gasoline",2012,10303,16.61,5.35,7.3,4,1.09,6.585075,39708000
"6041","Toyota","Toyota","Yaris","Kleinwagen (z.B. Polo)","Schrägheck","gasoline",2013,6951,17.195,5.1,7.3,4,1.105,6.585075,39931000
"6042","Toyota","Toyota","Yaris","Kleinwagen (z.B. Polo)","Schrägheck","gasoline",2014,7091,17.195,5.1,7.3,4,1.105,6.585075,40224000
"6043","Toyota","Toyota","Yaris","Kleinwagen (z.B. Polo)","Schrägheck","gasoline",2015,6769,17.195,5.1,7.3,4,1.105,6.585075,40775000
"6044","Toyota","Toyota","Yaris","Kleinwagen (z.B. Polo)","Schrägheck","gasoline",2016,5420,17.64,4.9,7.3,4,1.105,6.69525,40959000
"6045","Toyota","Toyota","Yaris","Kleinwagen (z.B. Polo)","Schrägheck","gasoline",2017,1995,17.64,4.9,7.3,4,1.105,6.69525,41303000
"6046","Toyota","Toyota","Yaris","Kleinwagen (z.B. Polo)","Schrägheck","gasoline",2017,3804,17.34,5.1,8.2,4,1.115,6.686775,41303000
"6047","Toyota","Toyota","iQ","Microwagen (z.B. Smart)","Schrägheck","diesel",2012,110,15.7,4,6.6,4,1.02,5.0148,39708000
"6048","Toyota","Toyota","iQ","Microwagen (z.B. Smart)","Schrägheck","gasoline",2012,897,12.2,4.3,5,3,0.92,5.0148,39708000
"6049","Toyota","Toyota","iQ","Microwagen (z.B. Smart)","Schrägheck","gasoline",2013,432,12.2,4.3,5,3,0.92,5.0148,39931000
"6050","Toyota","Toyota","iQ","Microwagen (z.B. Smart)","Schrägheck","gasoline",2014,338,12.2,4.3,5,3,0.92,5.0148,40224000
"6051","Toyota","Toyota","iQ","Microwagen (z.B. Smart)","Schrägheck","gasoline",2012,389,15.6,5.2,7.2,4,1.02,5.0148,39708000
"6052","Toyota","Toyota","iQ","Microwagen (z.B. Smart)","Schrägheck","gasoline",2013,296,15.6,5.2,7.2,4,1.02,5.0148,39931000
"6053","Toyota","Toyota","iQ","Microwagen (z.B. Smart)","Schrägheck","gasoline",2014,146,15.6,5.2,7.2,4,1.02,5.0148,40224000
"6054","VW","VW","Arteon","Obere Mittelklasse (z.B. E-Klasse)","Schrägheck","diesel",2017,1384,39.33,4.2,11,4,1.614,9.096802,41303000
"6055","VW","VW","Arteon","Obere Mittelklasse (z.B. E-Klasse)","Schrägheck","diesel",2017,1212,52.7,5.9,17.6,4,1.828,9.096802,41303000
"6056","VW","VW","Arteon","Obere Mittelklasse (z.B. E-Klasse)","Schrägheck","gasoline",2017,415,42.8875,6,14,4,1.601,9.096802,41303000
"6057","VW","VW","Arteon","Obere Mittelklasse (z.B. E-Klasse)","Schrägheck","gasoline",2017,714,50.3875,7.3,20.6,4,1.716,9.096802,41303000
"6058","VW","VW","Beetle","Untere Mittelklasse (z.B. Golf)","Schrägheck","diesel",2012,643,27.3375,5.15,10.3,4,1.406,7.734624,39708000
"6059","VW","VW","Beetle","Untere Mittelklasse (z.B. Golf)","Schrägheck","diesel",2013,1959,27.3375,5.15,10.3,4,1.406,7.734624,39931000
"6060","VW","VW","Beetle","Untere Mittelklasse (z.B. Golf)","Schrägheck","diesel",2014,1526,27.725,5.1,10.3,4,1.482,7.734624,40224000
"6061","VW","VW","Beetle","Untere Mittelklasse (z.B. Golf)","Schrägheck","diesel",2015,111,27.725,5.1,10.3,4,1.482,7.734624,40775000
"6062","VW","VW","Beetle","Untere Mittelklasse (z.B. Golf)","Schrägheck","diesel",2015,1052,33.725,4.75,11,4,1.526,7.769689,40775000
"6063","VW","VW","Beetle","Untere Mittelklasse (z.B. Golf)","Schrägheck","diesel",2016,888,33.725,4.75,11,4,1.526,7.769689,40959000
"6064","VW","VW","Beetle","Untere Mittelklasse (z.B. Golf)","Schrägheck","diesel",2017,767,33.725,4.75,11,4,1.526,7.769689,41303000
"6065","VW","VW","Beetle","Untere Mittelklasse (z.B. Golf)","Schrägheck","diesel",2012,1094,23.5875,4.5,7.7,4,1.361,7.734624,39708000
"6066","VW","VW","Beetle","Untere Mittelklasse (z.B. Golf)","Schrägheck","diesel",2013,1681,23.5875,4.5,7.7,4,1.361,7.734624,39931000
"6067","VW","VW","Beetle","Untere Mittelklasse (z.B. Golf)","Schrägheck","diesel",2014,1563,23.5875,4.5,7.7,4,1.361,7.734624,40224000
"6068","VW","VW","Beetle","Untere Mittelklasse (z.B. Golf)","Schrägheck","diesel",2015,1120,30.125,4.4,8.1,4,1.504,7.734624,40775000
"6069","VW","VW","Beetle","Untere Mittelklasse (z.B. Golf)","Schrägheck","diesel",2016,929,30.125,4.4,8.1,4,1.504,7.734624,40959000
"6070","VW","VW","Beetle","Untere Mittelklasse (z.B. Golf)","Schrägheck","diesel",2017,605,30.125,4.4,8.1,4,1.504,7.734624,41303000
"6071","VW","VW","Beetle","Untere Mittelklasse (z.B. Golf)","Schrägheck","gasoline",2015,2224,31.1375,5.7,11,4,1.452,7.769689,40775000
"6072","VW","VW","Beetle","Untere Mittelklasse (z.B. Golf)","Schrägheck","gasoline",2016,2994,31.1375,5.7,11,4,1.452,7.769689,40959000
"6073","VW","VW","Beetle","Untere Mittelklasse (z.B. Golf)","Schrägheck","gasoline",2017,3588,31.1375,5.7,11,4,1.452,7.769689,41303000
"6074","VW","VW","Beetle","Untere Mittelklasse (z.B. Golf)","Schrägheck","gasoline",2012,1436,25.5125,6.4,11.8,4,1.366,7.734624,39708000
"6075","VW","VW","Beetle","Untere Mittelklasse (z.B. Golf)","Schrägheck","gasoline",2013,4554,25.5125,6.4,11.8,4,1.366,7.734624,39931000
"6076","VW","VW","Beetle","Untere Mittelklasse (z.B. Golf)","Schrägheck","gasoline",2014,2598,29.7625,6.6,11.8,4,1.461,7.734624,40224000
"6077","VW","VW","Beetle","Untere Mittelklasse (z.B. Golf)","Schrägheck","gasoline",2015,288,29.7625,6.6,11.8,4,1.461,7.734624,40775000
"6078","VW","VW","Beetle","Untere Mittelklasse (z.B. Golf)","Schrägheck","gasoline",2012,1298,28.2375,7.55,14.7,4,1.428,7.734624,39708000
"6079","VW","VW","Beetle","Untere Mittelklasse (z.B. Golf)","Schrägheck","gasoline",2013,885,28.2375,7.55,14.7,4,1.428,7.734624,39931000
"6080","VW","VW","Beetle","Untere Mittelklasse (z.B. Golf)","Schrägheck","gasoline",2013,164,30.175,7.3,15.5,4,1.417,7.734624,39931000
"6081","VW","VW","Beetle","Untere Mittelklasse (z.B. Golf)","Schrägheck","gasoline",2014,863,32.35,7.65,15.5,4,1.496,7.734624,40224000
"6082","VW","VW","Beetle","Untere Mittelklasse (z.B. Golf)","Schrägheck","gasoline",2015,101,32.35,7.65,15.5,4,1.496,7.734624,40775000
"6083","VW","VW","Beetle","Untere Mittelklasse (z.B. Golf)","Schrägheck","gasoline",2015,612,35.425,6.6,16.2,4,1.505,7.815201,40775000
"6084","VW","VW","Beetle","Untere Mittelklasse (z.B. Golf)","Schrägheck","gasoline",2016,755,35.425,6.6,16.2,4,1.505,7.815201,40959000
"6085","VW","VW","Beetle","Untere Mittelklasse (z.B. Golf)","Schrägheck","gasoline",2017,794,35.425,6.6,16.2,4,1.505,7.815201,41303000
"6086","VW","VW","Beetle","Untere Mittelklasse (z.B. Golf)","Schrägheck","gasoline",2012,4479,21.65,5.9,7.7,4,1.28,7.734624,39708000
"6087","VW","VW","Beetle","Untere Mittelklasse (z.B. Golf)","Schrägheck","gasoline",2013,6253,21.65,5.9,7.7,4,1.28,7.734624,39931000
"6088","VW","VW","Beetle","Untere Mittelklasse (z.B. Golf)","Schrägheck","gasoline",2014,7256,21.65,5.9,7.7,4,1.28,7.734624,40224000
"6089","VW","VW","Beetle","Untere Mittelklasse (z.B. Golf)","Schrägheck","gasoline",2015,7172,26.9125,5.8,7.7,4,1.395,7.734624,40775000
"6090","VW","VW","Beetle","Untere Mittelklasse (z.B. Golf)","Schrägheck","gasoline",2016,9105,26.9125,5.8,7.7,4,1.395,7.734624,40959000
"6091","VW","VW","Beetle","Untere Mittelklasse (z.B. Golf)","Schrägheck","gasoline",2017,6613,26.9125,5.8,7.7,4,1.395,7.734624,41303000
"6092","VW","VW","CC","Mittelklasse (z.B. BMW 3er-Reihe)","Coupe","diesel",2012,3994,34.625,5.3,10.3,4,1.56,8.902145,39708000
"6093","VW","VW","CC","Mittelklasse (z.B. BMW 3er-Reihe)","Coupe","diesel",2013,2631,36.3375,4.8,10.3,4,1.573,8.90771,39931000
"6094","VW","VW","CC","Mittelklasse (z.B. BMW 3er-Reihe)","Coupe","diesel",2014,1892,36.3375,4.8,10.3,4,1.573,8.90771,40224000
"6095","VW","VW","CC","Mittelklasse (z.B. BMW 3er-Reihe)","Coupe","diesel",2015,487,36.3375,4.8,10.3,4,1.573,8.90771,40775000
"6096","VW","VW","CC","Mittelklasse (z.B. BMW 3er-Reihe)","Coupe","diesel",2015,503,39.65,4.65,11,4,1.5845,8.90771,40775000
"6097","VW","VW","CC","Mittelklasse (z.B. BMW 3er-Reihe)","Coupe","diesel",2016,582,39.65,4.65,11,4,1.5845,8.90771,40959000
"6098","VW","VW","CC","Mittelklasse (z.B. BMW 3er-Reihe)","Coupe","diesel",2012,3230,35.7125,5.55,12.5,4,1.5615,8.902145,39708000
"6099","VW","VW","CC","Mittelklasse (z.B. BMW 3er-Reihe)","Coupe","diesel",2013,240,36.65,5,12.5,4,1.569,8.90771,39931000
"6100","VW","VW","CC","Mittelklasse (z.B. BMW 3er-Reihe)","Coupe","diesel",2013,2268,38.525,4.85,13,4,1.5735,8.90771,39931000
"6101","VW","VW","CC","Mittelklasse (z.B. BMW 3er-Reihe)","Coupe","diesel",2014,1952,38.525,4.85,13,4,1.5735,8.90771,40224000
"6102","VW","VW","CC","Mittelklasse (z.B. BMW 3er-Reihe)","Coupe","diesel",2015,494,38.525,4.85,13,4,1.5735,8.90771,40775000
"6103","VW","VW","CC","Mittelklasse (z.B. BMW 3er-Reihe)","Coupe","diesel",2015,324,42.575,4.95,13.5,4,1.5985,8.90771,40775000
"6104","VW","VW","CC","Mittelklasse (z.B. BMW 3er-Reihe)","Coupe","diesel",2016,690,42.575,4.95,13.5,4,1.5985,8.90771,40959000
"6105","VW","VW","CC","Mittelklasse (z.B. BMW 3er-Reihe)","Coupe","gasoline",2016,511,35.6,5.7,11,4,1.489,8.90771,40959000
"6106","VW","VW","CC","Mittelklasse (z.B. BMW 3er-Reihe)","Coupe","gasoline",2012,1060,34.525,7.2,11.8,4,1.513,8.902145,39708000
"6107","VW","VW","CC","Mittelklasse (z.B. BMW 3er-Reihe)","Coupe","gasoline",2013,548,34.875,6.15,11.8,4,1.518,8.90771,39931000
"6108","VW","VW","CC","Mittelklasse (z.B. BMW 3er-Reihe)","Coupe","gasoline",2014,856,34.875,6.15,11.8,4,1.518,8.90771,40224000
"6109","VW","VW","CC","Mittelklasse (z.B. BMW 3er-Reihe)","Coupe","gasoline",2015,260,34.875,6.15,11.8,4,1.518,8.90771,40775000
"6110","VW","VW","CC","Mittelklasse (z.B. BMW 3er-Reihe)","Coupe","gasoline",2012,307,36.9375,7.5,15.5,4,1.525,8.902145,39708000
"6111","VW","VW","CC","Mittelklasse (z.B. BMW 3er-Reihe)","Coupe","gasoline",2013,181,37.35,7.5,15.5,4,1.525,8.90771,39931000
"6112","VW","VW","CC","Mittelklasse (z.B. BMW 3er-Reihe)","Coupe","gasoline",2014,116,37.35,7.5,15.5,4,1.525,8.90771,40224000
"6113","VW","VW","CC","Mittelklasse (z.B. BMW 3er-Reihe)","Coupe","gasoline",2012,316,43.7625,9.4,22,6,1.704,8.902145,39708000
"6114","VW","VW","CC","Mittelklasse (z.B. BMW 3er-Reihe)","Coupe","gasoline",2013,313,45.75,9.2,22,6,1.704,8.90771,39931000
"6115","VW","VW","CC","Mittelklasse (z.B. BMW 3er-Reihe)","Coupe","gasoline",2014,191,45.75,9.2,22,6,1.704,8.90771,40224000
"6116","VW","VW","Caddy","Untere Mittelklasse (z.B. Golf)","Hochdach-Kombi","diesel",2012,4980,28.682,6.1,10.3,4,1.634,7.904364,39708000
"6117","VW","VW","Caddy","Untere Mittelklasse (z.B. Golf)","Hochdach-Kombi","diesel",2013,4950,28.682,6.1,10.3,4,1.634,7.904364,39931000
"6118","VW","VW","Caddy","Untere Mittelklasse (z.B. Golf)","Hochdach-Kombi","diesel",2014,5403,28.682,6.1,10.3,4,1.634,7.904364,40224000
"6119","VW","VW","Caddy","Untere Mittelklasse (z.B. Golf)","Hochdach-Kombi","diesel",2015,3161,28.682,6.1,10.3,4,1.634,7.904364,40775000
"6120","VW","VW","Caddy","Untere Mittelklasse (z.B. Golf)","Hochdach-Kombi","diesel",2015,2042,28.218,5,11,4,1.477,7.903544,40775000
"6121","VW","VW","Caddy","Untere Mittelklasse (z.B. Golf)","Hochdach-Kombi","diesel",2016,7026,28.218,5,11,4,1.477,7.903544,40959000
"6122","VW","VW","Caddy","Untere Mittelklasse (z.B. Golf)","Hochdach-Kombi","diesel",2017,6738,28.4945,5.25,11,4,1.487,7.903544,41303000
"6123","VW","VW","Caddy","Untere Mittelklasse (z.B. Golf)","Hochdach-Kombi","diesel",2013,546,33.5525,6.3,12.5,4,1.626,8.345688,39931000
"6124","VW","VW","Caddy","Untere Mittelklasse (z.B. Golf)","Hochdach-Kombi","diesel",2014,459,33.5525,6.3,12.5,4,1.626,8.345688,40224000
"6125","VW","VW","Caddy","Untere Mittelklasse (z.B. Golf)","Hochdach-Kombi","diesel",2015,270,33.5525,6.3,12.5,4,1.626,8.345688,40775000
"6126","VW","VW","Caddy","Untere Mittelklasse (z.B. Golf)","Hochdach-Kombi","diesel",2012,2646,20.801,5.5,5.5,4,1.592,7.904364,39708000
"6127","VW","VW","Caddy","Untere Mittelklasse (z.B. Golf)","Hochdach-Kombi","diesel",2013,2114,20.801,5.5,5.5,4,1.592,7.904364,39931000
"6128","VW","VW","Caddy","Untere Mittelklasse (z.B. Golf)","Hochdach-Kombi","diesel",2014,2014,20.801,5.5,5.5,4,1.592,7.904364,40224000
"6129","VW","VW","Caddy","Untere Mittelklasse (z.B. Golf)","Hochdach-Kombi","diesel",2015,1857,20.801,5.5,5.5,4,1.592,7.904364,40775000
"6130","VW","VW","Caddy","Untere Mittelklasse (z.B. Golf)","Hochdach-Kombi","diesel",2016,1597,22.9165,4.8,5.5,4,1.442,7.903544,40959000
"6131","VW","VW","Caddy","Untere Mittelklasse (z.B. Golf)","Hochdach-Kombi","diesel",2017,1338,23.1395,5,5.5,4,1.452,7.903544,41303000
"6132","VW","VW","Caddy","Untere Mittelklasse (z.B. Golf)","Hochdach-Kombi","diesel",2012,13395,24.08,5.7,7.5,4,1.615,7.904364,39708000
"6133","VW","VW","Caddy","Untere Mittelklasse (z.B. Golf)","Hochdach-Kombi","diesel",2013,13784,24.08,5.7,7.5,4,1.615,7.904364,39931000
"6134","VW","VW","Caddy","Untere Mittelklasse (z.B. Golf)","Hochdach-Kombi","diesel",2014,13561,24.08,5.7,7.5,4,1.615,7.904364,40224000
"6135","VW","VW","Caddy","Untere Mittelklasse (z.B. Golf)","Hochdach-Kombi","diesel",2015,12821,24.08,5.7,7.5,4,1.615,7.904364,40775000
"6136","VW","VW","Caddy","Untere Mittelklasse (z.B. Golf)","Hochdach-Kombi","diesel",2016,12693,24.883,4.8,7.5,4,1.457,7.903544,40959000
"6137","VW","VW","Caddy","Untere Mittelklasse (z.B. Golf)","Hochdach-Kombi","diesel",2017,10520,24.883,4.9,7.5,4,1.477,7.903544,41303000
"6138","VW","VW","Caddy","Untere Mittelklasse (z.B. Golf)","Hochdach-Kombi","diesel",2012,1150,29.637,6.5,8.1,4,1.728,7.943832,39708000
"6139","VW","VW","Caddy","Untere Mittelklasse (z.B. Golf)","Hochdach-Kombi","diesel",2013,1255,29.637,6.5,8.1,4,1.728,7.943832,39931000
"6140","VW","VW","Caddy","Untere Mittelklasse (z.B. Golf)","Hochdach-Kombi","diesel",2014,1119,29.637,6.5,8.1,4,1.728,7.943832,40224000
"6141","VW","VW","Caddy","Untere Mittelklasse (z.B. Golf)","Hochdach-Kombi","diesel",2015,556,29.637,6.5,8.1,4,1.728,7.943832,40775000
"6142","VW","VW","Caddy","Untere Mittelklasse (z.B. Golf)","Hochdach-Kombi","diesel",2015,554,28.8785,5.7,9,4,1.6965,7.903544,40775000
"6143","VW","VW","Caddy","Untere Mittelklasse (z.B. Golf)","Hochdach-Kombi","diesel",2016,1387,28.8785,5.7,9,4,1.6965,7.903544,40959000
"6144","VW","VW","Caddy","Untere Mittelklasse (z.B. Golf)","Hochdach-Kombi","diesel",2017,1248,28.8785,5.7,9,4,1.6965,7.903544,41303000
"6145","VW","VW","Caddy","Untere Mittelklasse (z.B. Golf)","Hochdach-Kombi","gasoline",2015,912,19.525,6.1,6.2,4,1.35,7.903544,40775000
"6146","VW","VW","Caddy","Untere Mittelklasse (z.B. Golf)","Hochdach-Kombi","gasoline",2016,2261,19.525,6.1,6.2,4,1.35,7.903544,40959000
"6147","VW","VW","Caddy","Untere Mittelklasse (z.B. Golf)","Hochdach-Kombi","gasoline",2017,2408,20.331,6.1,6.2,4,1.35,7.903544,41303000
"6148","VW","VW","Caddy","Untere Mittelklasse (z.B. Golf)","Hochdach-Kombi","gasoline",2012,3293,19.117,6.8,6.3,4,1.502,7.904364,39708000
"6149","VW","VW","Caddy","Untere Mittelklasse (z.B. Golf)","Hochdach-Kombi","gasoline",2013,2936,19.117,6.8,6.3,4,1.502,7.904364,39931000
"6150","VW","VW","Caddy","Untere Mittelklasse (z.B. Golf)","Hochdach-Kombi","gasoline",2014,2853,19.117,6.8,6.3,4,1.502,7.904364,40224000
"6151","VW","VW","Caddy","Untere Mittelklasse (z.B. Golf)","Hochdach-Kombi","gasoline",2015,1054,19.117,6.8,6.3,4,1.502,7.904364,40775000
"6152","VW","VW","Caddy","Untere Mittelklasse (z.B. Golf)","Hochdach-Kombi","gasoline",2012,4845,23.196,6.7,7.7,4,1.526,7.904364,39708000
"6153","VW","VW","Caddy","Untere Mittelklasse (z.B. Golf)","Hochdach-Kombi","gasoline",2013,4006,23.196,6.7,7.7,4,1.526,7.904364,39931000
"6154","VW","VW","Caddy","Untere Mittelklasse (z.B. Golf)","Hochdach-Kombi","gasoline",2014,3922,23.196,6.7,7.7,4,1.526,7.904364,40224000
"6155","VW","VW","Caddy","Untere Mittelklasse (z.B. Golf)","Hochdach-Kombi","gasoline",2015,1826,23.196,6.7,7.7,4,1.526,7.904364,40775000
"6156","VW","VW","Caddy","Untere Mittelklasse (z.B. Golf)","Hochdach-Kombi","gasoline",2015,1691,24.6775,5.8,9.2,4,1.414,7.903544,40775000
"6157","VW","VW","Caddy","Untere Mittelklasse (z.B. Golf)","Hochdach-Kombi","gasoline",2016,5450,24.6775,5.8,9.2,4,1.414,7.903544,40959000
"6158","VW","VW","Caddy","Untere Mittelklasse (z.B. Golf)","Hochdach-Kombi","gasoline",2017,8151,24.6775,5.8,9.2,4,1.414,7.903544,41303000
"6159","VW","VW","Eos","Untere Mittelklasse (z.B. Golf)","Cabrio","diesel",2012,1255,37.975,5.25,10.3,4,1.6,7.921593,39708000
"6160","VW","VW","Eos","Untere Mittelklasse (z.B. Golf)","Cabrio","diesel",2013,948,37.975,5.25,10.3,4,1.6,7.921593,39931000
"6161","VW","VW","Eos","Untere Mittelklasse (z.B. Golf)","Cabrio","diesel",2014,894,37.975,5.25,10.3,4,1.6,7.921593,40224000
"6162","VW","VW","Eos","Untere Mittelklasse (z.B. Golf)","Cabrio","diesel",2015,540,37.975,5.25,10.3,4,1.6,7.921593,40775000
"6163","VW","VW","Eos","Untere Mittelklasse (z.B. Golf)","Cabrio","gasoline",2012,498,35.2125,6.8,11.8,4,1.526,7.921593,39708000
"6164","VW","VW","Eos","Untere Mittelklasse (z.B. Golf)","Cabrio","gasoline",2013,273,35.2125,6.8,11.8,4,1.526,7.921593,39931000
"6165","VW","VW","Eos","Untere Mittelklasse (z.B. Golf)","Cabrio","gasoline",2014,272,35.2125,6.8,11.8,4,1.526,7.921593,40224000
"6166","VW","VW","Eos","Untere Mittelklasse (z.B. Golf)","Cabrio","gasoline",2015,193,35.2125,6.8,11.8,4,1.526,7.921593,40775000
"6167","VW","VW","Eos","Untere Mittelklasse (z.B. Golf)","Cabrio","gasoline",2012,521,38.7,7.2,15.5,4,1.5745,7.921593,39708000
"6168","VW","VW","Eos","Untere Mittelklasse (z.B. Golf)","Cabrio","gasoline",2013,396,38.7,7.2,15.5,4,1.5745,7.921593,39931000
"6169","VW","VW","Eos","Untere Mittelklasse (z.B. Golf)","Cabrio","gasoline",2014,344,38.7,7.2,15.5,4,1.5745,7.921593,40224000
"6170","VW","VW","Eos","Untere Mittelklasse (z.B. Golf)","Cabrio","gasoline",2015,257,38.7,7.2,15.5,4,1.5745,7.921593,40775000
"6171","VW","VW","Eos","Untere Mittelklasse (z.B. Golf)","Cabrio","gasoline",2012,1336,32.7,6.2,9,4,1.505,7.921593,39708000
"6172","VW","VW","Eos","Untere Mittelklasse (z.B. Golf)","Cabrio","gasoline",2013,661,32.7,6.2,9,4,1.505,7.921593,39931000
"6173","VW","VW","Eos","Untere Mittelklasse (z.B. Golf)","Cabrio","gasoline",2014,650,32.7,6.2,9,4,1.505,7.921593,40224000
"6174","VW","VW","Eos","Untere Mittelklasse (z.B. Golf)","Cabrio","gasoline",2015,381,32.7,6.2,9,4,1.505,7.921593,40775000
"6175","VW","VW","Fox","Kleinstwagen  (z.B. Twingo)","Schrägheck","gasoline",2012,144,11.15,5.8,4.4,3,1.054,6.35448,39708000
"6176","VW","VW","Golf","Untere Mittelklasse (z.B. Golf)","Schrägheck","diesel",2012,26143,26.6,4.85,10.3,4,1.3815,7.499414,39708000
"6177","VW","VW","Golf","Untere Mittelklasse (z.B. Golf)","Schrägheck","diesel",2013,8300,28.9625,5.15,10.3,4,1.508,8.075054,39931000
"6178","VW","VW","Golf","Untere Mittelklasse (z.B. Golf)","Schrägheck","diesel",2014,1076,33.025,4.8,10.3,4,1.533,7.566372,40224000
"6179","VW","VW","Golf","Untere Mittelklasse (z.B. Golf)","Cabrio","diesel",2015,668,33.025,4.8,10.3,4,1.533,7.566372,40775000
"6180","VW","VW","Golf","Untere Mittelklasse (z.B. Golf)","Schrägheck","diesel",2012,2982,28.225,4.3,11,4,1.374,7.654745,39708000
"6181","VW","VW","Golf","Untere Mittelklasse (z.B. Golf)","Schrägheck","diesel",2013,26630,28.225,4.3,11,4,1.374,7.654745,39931000
"6182","VW","VW","Golf","Untere Mittelklasse (z.B. Golf)","Van","diesel",2014,37971,28.225,4.3,11,4,1.374,7.654745,40224000
"6183","VW","VW","Golf","Untere Mittelklasse (z.B. Golf)","Van","diesel",2015,38767,28.225,4.3,11,4,1.374,7.654745,40775000
"6184","VW","VW","Golf","Untere Mittelklasse (z.B. Golf)","Van","diesel",2016,30212,31.175,4.4,11,4,1.446,8.207038,40959000
"6185","VW","VW","Golf","Untere Mittelklasse (z.B. Golf)","Van","diesel",2017,24313,31.325,4.4,11,4,1.454,8.207038,41303000
"6186","VW","VW","Golf","Untere Mittelklasse (z.B. Golf)","Schrägheck","diesel",2012,5289,29.54,5.4,12.5,4,1.426,7.524418,39708000
"6187","VW","VW","Golf","Untere Mittelklasse (z.B. Golf)","Schrägheck","diesel",2013,5827,32.1375,4.35,13.5,4,1.386,7.678132,39931000
"6188","VW","VW","Golf","Untere Mittelklasse (z.B. Golf)","Schrägheck","diesel",2014,11256,32.1375,4.35,13.5,4,1.386,7.678132,40224000
"6189","VW","VW","Golf","Untere Mittelklasse (z.B. Golf)","Schrägheck","diesel",2015,15534,32.1375,4.35,13.5,4,1.386,7.678132,40775000
"6190","VW","VW","Golf","Untere Mittelklasse (z.B. Golf)","Schrägheck","diesel",2016,14305,33.1125,4.4,13.5,4,1.395,7.678132,40959000
"6191","VW","VW","Golf","Untere Mittelklasse (z.B. Golf)","Schrägheck","diesel",2017,10319,33.1125,4.4,13.5,4,1.395,7.678132,41303000
"6192","VW","VW","Golf","Untere Mittelklasse (z.B. Golf)","Schrägheck","diesel",2012,63701,23.2875,4.5,7.7,4,1.318,7.499414,39708000
"6193","VW","VW","Golf","Untere Mittelklasse (z.B. Golf)","Schrägheck","diesel",2013,59155,24.0375,3.85,7.7,4,1.304,7.654745,39931000
"6194","VW","VW","Golf","Untere Mittelklasse (z.B. Golf)","Schrägheck","diesel",2014,34759,24.0375,3.85,7.7,4,1.304,7.654745,40224000
"6195","VW","VW","Golf","Untere Mittelklasse (z.B. Golf)","Schrägheck","diesel",2015,1396,30.1625,4.6,7.7,4,1.4995,7.566372,40775000
"6196","VW","VW","Golf","Untere Mittelklasse (z.B. Golf)","Schrägheck","diesel",2013,2457,26.95,4,8.1,4,1.395,8.207038,39931000
"6197","VW","VW","Golf","Untere Mittelklasse (z.B. Golf)","Van","diesel",2014,30545,24.65,3.9,8.1,4,1.299,7.654745,40224000
"6198","VW","VW","Golf","Untere Mittelklasse (z.B. Golf)","Van","diesel",2015,64047,24.65,3.9,8.1,4,1.299,7.654745,40775000
"6199","VW","VW","Golf","Untere Mittelklasse (z.B. Golf)","Van","diesel",2016,49936,24.65,3.9,8.1,4,1.299,7.654745,40959000
"6200","VW","VW","Golf","Untere Mittelklasse (z.B. Golf)","Van","diesel",2017,7479,26.95,4,8.1,4,1.395,8.207038,41303000
"6201","VW","VW","Golf","Untere Mittelklasse (z.B. Golf)","Van","diesel",2017,33877,26.7,4.1,8.5,4,1.376,8.216033,41303000
"6202","VW","VW","Golf","Untere Mittelklasse (z.B. Golf)","Schrägheck","gasoline",2012,2574,25.125,4.85,10.3,4,1.279,7.654745,39708000
"6203","VW","VW","Golf","Untere Mittelklasse (z.B. Golf)","Schrägheck","gasoline",2013,16669,25.125,4.85,10.3,4,1.279,7.654745,39931000
"6204","VW","VW","Golf","Untere Mittelklasse (z.B. Golf)","Schrägheck","gasoline",2014,10133,25.125,4.85,10.3,4,1.279,7.654745,40224000
"6205","VW","VW","Golf","Untere Mittelklasse (z.B. Golf)","Schrägheck","gasoline",2015,514,25.125,4.85,10.3,4,1.279,7.654745,40775000
"6206","VW","VW","Golf","Untere Mittelklasse (z.B. Golf)","Van","gasoline",2014,9596,28.575,5.4,11,4,1.391,7.838766,40224000
"6207","VW","VW","Golf","Untere Mittelklasse (z.B. Golf)","Van","gasoline",2015,18969,26.1875,4.85,11,4,1.279,7.654745,40775000
"6208","VW","VW","Golf","Untere Mittelklasse (z.B. Golf)","Van","gasoline",2016,17774,26.125,5,11,4,1.27,7.654745,40959000
"6209","VW","VW","Golf","Untere Mittelklasse (z.B. Golf)","Van","gasoline",2017,24926,26.575,5,11,4,1.294,7.660142,41303000
"6210","VW","VW","Golf","Untere Mittelklasse (z.B. Golf)","Schrägheck","gasoline",2012,6560,30.925,6.35,11.8,4,1.4935,7.566372,39708000
"6211","VW","VW","Golf","Untere Mittelklasse (z.B. Golf)","Schrägheck","gasoline",2013,1952,30.925,6.35,11.8,4,1.4935,7.566372,39931000
"6212","VW","VW","Golf","Untere Mittelklasse (z.B. Golf)","Schrägheck","gasoline",2014,679,30.925,6.35,11.8,4,1.4935,7.566372,40224000
"6213","VW","VW","Golf","Untere Mittelklasse (z.B. Golf)","Cabrio","gasoline",2015,457,30.925,6.35,11.8,4,1.4935,7.566372,40775000
"6214","VW","VW","Golf","Untere Mittelklasse (z.B. Golf)","Kombi","gasoline",2016,268,33.7875,6.6,13.2,4,1.5385,8.235822,40959000
"6215","VW","VW","Golf","Untere Mittelklasse (z.B. Golf)","Kombi","gasoline",2017,385,33.7875,6.6,13.2,4,1.5385,8.235822,41303000
"6216","VW","VW","Golf","Untere Mittelklasse (z.B. Golf)","Schrägheck","gasoline",2012,4726,30.68,7.35,15.5,4,1.4035,7.524418,39708000
"6217","VW","VW","Golf","Untere Mittelklasse (z.B. Golf)","Schrägheck","gasoline",2013,1273,34.125,7.65,15.5,4,1.544,7.587756,39931000
"6218","VW","VW","Golf","Untere Mittelklasse (z.B. Golf)","Cabrio","gasoline",2014,959,34.125,7.65,15.5,4,1.544,7.587756,40224000
"6219","VW","VW","Golf","Untere Mittelklasse (z.B. Golf)","Cabrio","gasoline",2015,784,34.125,7.65,15.5,4,1.544,7.587756,40775000
"6220","VW","VW","Golf","Untere Mittelklasse (z.B. Golf)","Schrägheck","gasoline",2013,3725,30.525,6.4,16.2,4,1.351,7.678132,39931000
"6221","VW","VW","Golf","Untere Mittelklasse (z.B. Golf)","Schrägheck","gasoline",2014,4100,30.525,6.4,16.2,4,1.351,7.678132,40224000
"6222","VW","VW","Golf","Untere Mittelklasse (z.B. Golf)","Schrägheck","gasoline",2015,3915,30.525,6.4,16.2,4,1.351,7.678132,40775000
"6223","VW","VW","Golf","Untere Mittelklasse (z.B. Golf)","Schrägheck","gasoline",2016,4236,30.525,6.4,16.2,4,1.351,7.678132,40959000
"6224","VW","VW","Golf","Untere Mittelklasse (z.B. Golf)","Schrägheck","gasoline",2017,867,30.525,6.4,16.2,4,1.351,7.678132,41303000
"6225","VW","VW","Golf","Untere Mittelklasse (z.B. Golf)","Schrägheck","gasoline",2013,4137,32.2375,6.4,16.9,4,1.392,7.678132,39931000
"6226","VW","VW","Golf","Untere Mittelklasse (z.B. Golf)","Schrägheck","gasoline",2014,5611,32.2375,6.4,16.9,4,1.392,7.678132,40224000
"6227","VW","VW","Golf","Untere Mittelklasse (z.B. Golf)","Schrägheck","gasoline",2015,4800,32.2375,6.4,16.9,4,1.392,7.678132,40775000
"6228","VW","VW","Golf","Untere Mittelklasse (z.B. Golf)","Schrägheck","gasoline",2016,6065,31.7,6.4,16.9,4,1.382,7.678132,40959000
"6229","VW","VW","Golf","Untere Mittelklasse (z.B. Golf)","Schrägheck","gasoline",2017,9322,31.7,6.4,16.9,4,1.382,7.678132,41303000
"6230","VW","VW","Golf","Untere Mittelklasse (z.B. Golf)","Schrägheck","gasoline",2012,3350,32.2175,8.05,17.3,4,1.4105,7.524418,39708000
"6231","VW","VW","Golf","Untere Mittelklasse (z.B. Golf)","Schrägheck","gasoline",2017,5533,34.485,6.4,18,4,1.41,7.678132,41303000
"6232","VW","VW","Golf","Untere Mittelklasse (z.B. Golf)","Cabrio","gasoline",2013,444,45.225,8.2,19.5,4,1.614,7.602012,39931000
"6233","VW","VW","Golf","Untere Mittelklasse (z.B. Golf)","Cabrio","gasoline",2014,303,45.225,8.2,19.5,4,1.614,7.602012,40224000
"6234","VW","VW","Golf","Untere Mittelklasse (z.B. Golf)","Schrägheck","gasoline",2016,3141,35.825,7,19.5,4,1.375,7.678132,40959000
"6235","VW","VW","Golf","Untere Mittelklasse (z.B. Golf)","Schrägheck","gasoline",2017,831,35.825,7,19.5,4,1.375,7.678132,41303000
"6236","VW","VW","Golf","Untere Mittelklasse (z.B. Golf)","Schrägheck","gasoline",2012,1439,38.82,8.45,19.9,4,1.531,7.522632,39708000
"6237","VW","VW","Golf","Untere Mittelklasse (z.B. Golf)","Schrägheck","gasoline",2013,178,40.4,7.3,22.1,4,1.476,7.678132,39931000
"6238","VW","VW","Golf","Untere Mittelklasse (z.B. Golf)","Schrägheck","gasoline",2014,4022,40.4,7.3,22.1,4,1.476,7.678132,40224000
"6239","VW","VW","Golf","Untere Mittelklasse (z.B. Golf)","Schrägheck","gasoline",2015,3852,40.4,7.3,22.1,4,1.476,7.678132,40775000
"6240","VW","VW","Golf","Untere Mittelklasse (z.B. Golf)","Schrägheck","gasoline",2016,3017,40.4,7.3,22.1,4,1.476,7.678132,40959000
"6241","VW","VW","Golf","Untere Mittelklasse (z.B. Golf)","Schrägheck","gasoline",2017,196,40.4,7.3,22.1,4,1.476,7.678132,41303000
"6242","VW","VW","Golf","Untere Mittelklasse (z.B. Golf)","Schrägheck","gasoline",2017,4154,42.075,7.8,22.8,4,1.483,7.669137,41303000
"6243","VW","VW","Golf","Untere Mittelklasse (z.B. Golf)","Schrägheck","gasoline",2012,5798,19.0375,6.4,5.9,4,1.217,7.499414,39708000
"6244","VW","VW","Golf","Untere Mittelklasse (z.B. Golf)","Schrägheck","gasoline",2013,902,20.9125,6.6,5.9,4,1.337,7.394836,39931000
"6245","VW","VW","Golf","Untere Mittelklasse (z.B. Golf)","Schrägheck","gasoline",2012,25131,20.225,5.5,6.3,4,1.229,7.499414,39708000
"6246","VW","VW","Golf","Untere Mittelklasse (z.B. Golf)","Schrägheck","gasoline",2013,28366,20.6875,4.9,6.3,4,1.205,7.654745,39931000
"6247","VW","VW","Golf","Untere Mittelklasse (z.B. Golf)","Van","gasoline",2014,24954,20.6875,4.9,6.3,4,1.205,7.654745,40224000
"6248","VW","VW","Golf","Untere Mittelklasse (z.B. Golf)","Van","gasoline",2015,21134,20.6875,4.9,6.3,4,1.205,7.654745,40775000
"6249","VW","VW","Golf","Untere Mittelklasse (z.B. Golf)","Van","gasoline",2016,17325,20.6875,4.9,6.3,4,1.205,7.654745,40959000
"6250","VW","VW","Golf","Untere Mittelklasse (z.B. Golf)","Van","gasoline",2017,8230,20.175,4.8,6.3,3,1.206,7.660142,41303000
"6251","VW","VW","Golf","Untere Mittelklasse (z.B. Golf)","Schrägheck","gasoline",2012,48379,21.1375,5.7,7.7,4,1.234,7.499414,39708000
"6252","VW","VW","Golf","Untere Mittelklasse (z.B. Golf)","Schrägheck","gasoline",2013,43716,21.7375,4.85,7.7,4,1.2195,7.654745,39931000
"6253","VW","VW","Golf","Untere Mittelklasse (z.B. Golf)","Schrägheck","gasoline",2014,22580,21.7375,4.85,7.7,4,1.2195,7.654745,40224000
"6254","VW","VW","Golf","Untere Mittelklasse (z.B. Golf)","Schrägheck","gasoline",2015,3834,28,5.7,7.7,4,1.416,7.566372,40775000
"6255","VW","VW","Golf","Untere Mittelklasse (z.B. Golf)","Schrägheck","gasoline",2016,1267,28,5.7,7.7,4,1.416,7.566372,40959000
"6256","VW","VW","Golf","Untere Mittelklasse (z.B. Golf)","Van","gasoline",2014,19078,24.175,5.2,8.1,4,1.324,7.838766,40224000
"6257","VW","VW","Golf","Untere Mittelklasse (z.B. Golf)","Van","gasoline",2015,43941,23.45,4.9,8.1,4,1.2195,7.654745,40775000
"6258","VW","VW","Golf","Untere Mittelklasse (z.B. Golf)","Van","gasoline",2016,43270,23.45,4.9,8.1,4,1.2195,7.654745,40959000
"6259","VW","VW","Golf","Untere Mittelklasse (z.B. Golf)","Van","gasoline",2017,41215,24.175,5.2,8.1,4,1.324,7.838766,41303000
"6260","VW","VW","Golf","Untere Mittelklasse (z.B. Golf)","Van","gasoline",2015,271,22.9125,4.45,8.5,3,1.222,7.654745,40775000
"6261","VW","VW","Golf","Untere Mittelklasse (z.B. Golf)","Van","gasoline",2016,488,23.515,4.8,8.5,3,1.24,7.660142,40959000
"6262","VW","VW","Golf","Untere Mittelklasse (z.B. Golf)","Van","gasoline",2017,277,25.1625,4.9,8.5,3,1.3405,7.862257,41303000
"6263","VW","VW","Golf","Untere Mittelklasse (z.B. Golf)","Schrägheck","gasoline",2012,39662,23.545,6.1,9,4,1.303,7.499414,39708000
"6264","VW","VW","Golf","Untere Mittelklasse (z.B. Golf)","Schrägheck","gasoline",2013,37833,24.1375,5.1,9,4,1.237,7.654745,39931000
"6265","VW","VW","Golf","Untere Mittelklasse (z.B. Golf)","Schrägheck","gasoline",2014,18791,24.1375,5.1,9,4,1.237,7.654745,40224000
"6266","VW","VW","Golf","Untere Mittelklasse (z.B. Golf)","Schrägheck","gasoline",2015,3055,29.275,6.35,9,4,1.4675,7.566372,40775000
"6267","VW","VW","Golf","Untere Mittelklasse (z.B. Golf)","Van","gasoline",2014,15535,27.5625,5.35,9.2,4,1.3725,7.838766,40224000
"6268","VW","VW","Golf","Untere Mittelklasse (z.B. Golf)","Van","gasoline",2015,40505,27.5625,5.35,9.2,4,1.3725,7.838766,40775000
"6269","VW","VW","Golf","Untere Mittelklasse (z.B. Golf)","Van","gasoline",2016,41339,27.5625,5.35,9.2,4,1.3725,7.838766,40959000
"6270","VW","VW","Golf","Untere Mittelklasse (z.B. Golf)","Van","gasoline",2017,49022,25.3625,5.2,9.2,4,1.2475,7.6574435,41303000
"6271","VW","VW","Golf","Untere Mittelklasse (z.B. Golf)","Van","gasoline",2017,1414,25.95,4.8,9.6,4,1.28,7.660142,41303000
"6272","VW","VW","Jetta","Untere Mittelklasse (z.B. Golf)","Stufenheck","diesel",2012,548,28.55,4.8,10.3,4,1.411,8.257032,39708000
"6273","VW","VW","Jetta","Untere Mittelklasse (z.B. Golf)","Stufenheck","diesel",2013,211,28.55,4.8,10.3,4,1.411,8.257032,39931000
"6274","VW","VW","Jetta","Untere Mittelklasse (z.B. Golf)","Stufenheck","diesel",2015,138,29.6875,4.25,11,4,1.4365,8.283702,40775000
"6275","VW","VW","Jetta","Untere Mittelklasse (z.B. Golf)","Stufenheck","diesel",2012,1074,25.75,4.5,7.7,4,1.392,8.257032,39708000
"6276","VW","VW","Jetta","Untere Mittelklasse (z.B. Golf)","Stufenheck","diesel",2013,398,25.75,4.5,7.7,4,1.392,8.257032,39931000
"6277","VW","VW","Jetta","Untere Mittelklasse (z.B. Golf)","Stufenheck","diesel",2014,148,25.75,4.5,7.7,4,1.392,8.257032,40224000
"6278","VW","VW","Jetta","Untere Mittelklasse (z.B. Golf)","Stufenheck","diesel",2015,248,27.1,4.1,8.1,4,1.395,8.283702,40775000
"6279","VW","VW","Jetta","Untere Mittelklasse (z.B. Golf)","Stufenheck","diesel",2016,114,27.1,4.1,8.1,4,1.395,8.283702,40959000
"6280","VW","VW","Jetta","Untere Mittelklasse (z.B. Golf)","Stufenheck","gasoline",2015,151,27.0875,5.1,11,4,1.3555,8.283702,40775000
"6281","VW","VW","Jetta","Untere Mittelklasse (z.B. Golf)","Stufenheck","gasoline",2016,104,27.0875,5.1,11,4,1.3555,8.283702,40959000
"6282","VW","VW","Jetta","Untere Mittelklasse (z.B. Golf)","Stufenheck","gasoline",2012,326,27.225,6.3,11.8,4,1.36,8.257032,39708000
"6283","VW","VW","Jetta","Untere Mittelklasse (z.B. Golf)","Stufenheck","gasoline",2013,114,27.225,6.3,11.8,4,1.36,8.257032,39931000
"6284","VW","VW","Jetta","Untere Mittelklasse (z.B. Golf)","Stufenheck","gasoline",2012,1006,23.5,5.7,7.7,4,1.302,8.257032,39708000
"6285","VW","VW","Jetta","Untere Mittelklasse (z.B. Golf)","Stufenheck","gasoline",2013,291,23.5,5.7,7.7,4,1.302,8.257032,39931000
"6286","VW","VW","Jetta","Untere Mittelklasse (z.B. Golf)","Stufenheck","gasoline",2014,175,23.5,5.7,7.7,4,1.302,8.257032,40224000
"6287","VW","VW","Jetta","Untere Mittelklasse (z.B. Golf)","Stufenheck","gasoline",2015,199,23.5,5.7,7.7,4,1.302,8.257032,40775000
"6288","VW","VW","Jetta","Untere Mittelklasse (z.B. Golf)","Stufenheck","gasoline",2016,108,23.525,5,7.7,4,1.325,8.283702,40959000
"6289","VW","VW","Jetta","Untere Mittelklasse (z.B. Golf)","Stufenheck","gasoline",2012,937,24.95,6.2,9,4,1.365,8.257032,39708000
"6290","VW","VW","Jetta","Untere Mittelklasse (z.B. Golf)","Stufenheck","gasoline",2013,491,24.95,6.2,9,4,1.365,8.257032,39931000
"6291","VW","VW","Jetta","Untere Mittelklasse (z.B. Golf)","Stufenheck","gasoline",2014,225,24.95,6.2,9,4,1.365,8.257032,40224000
"6292","VW","VW","Jetta","Untere Mittelklasse (z.B. Golf)","Stufenheck","gasoline",2015,343,25.7625,5.15,9.2,4,1.3515,8.283702,40775000
"6293","VW","VW","Jetta","Untere Mittelklasse (z.B. Golf)","Stufenheck","gasoline",2016,223,25.7625,5.15,9.2,4,1.3515,8.283702,40959000
"6294","VW","VW","Passat","Mittelklasse (z.B. BMW 3er-Reihe)","Stufenheck","diesel",2012,46945,34.9,5.2,10.3,4,1.601,8.68322,39708000
"6295","VW","VW","Passat","Mittelklasse (z.B. BMW 3er-Reihe)","Stufenheck","diesel",2013,40561,34.9,5.2,10.3,4,1.601,8.68322,39931000
"6296","VW","VW","Passat","Mittelklasse (z.B. BMW 3er-Reihe)","Stufenheck","diesel",2014,37633,34.9,5.2,10.3,4,1.601,8.68322,40224000
"6297","VW","VW","Passat","Mittelklasse (z.B. BMW 3er-Reihe)","Stufenheck","diesel",2015,757,34.9,5.2,10.3,4,1.601,8.68322,40775000
"6298","VW","VW","Passat","Mittelklasse (z.B. BMW 3er-Reihe)","Stufenheck","diesel",2014,4611,35.7575,4.3,11,4,1.5405,8.733144,40224000
"6299","VW","VW","Passat","Mittelklasse (z.B. BMW 3er-Reihe)","Stufenheck","diesel",2015,55788,35.7575,4.3,11,4,1.5405,8.733144,40775000
"6300","VW","VW","Passat","Mittelklasse (z.B. BMW 3er-Reihe)","Stufenheck","diesel",2016,42139,35.7575,4.3,11,4,1.5405,8.733144,40959000
"6301","VW","VW","Passat","Mittelklasse (z.B. BMW 3er-Reihe)","Stufenheck","diesel",2017,40093,35.7575,4.3,11,4,1.5405,8.733144,41303000
"6302","VW","VW","Passat","Mittelklasse (z.B. BMW 3er-Reihe)","Stufenheck","diesel",2012,16423,36.9125,5,12.5,4,1.594,8.68322,39708000
"6303","VW","VW","Passat","Mittelklasse (z.B. BMW 3er-Reihe)","Stufenheck","diesel",2013,1594,40.3,5.7,12.5,4,1.687,8.68322,39931000
"6304","VW","VW","Passat","Mittelklasse (z.B. BMW 3er-Reihe)","Stufenheck","diesel",2013,11921,36.225,4.7,13,4,1.558,8.68322,39931000
"6305","VW","VW","Passat","Mittelklasse (z.B. BMW 3er-Reihe)","Stufenheck","diesel",2014,12459,36.225,4.7,13,4,1.558,8.68322,40224000
"6306","VW","VW","Passat","Mittelklasse (z.B. BMW 3er-Reihe)","Kombi","diesel",2015,343,36.225,4.7,13,4,1.558,8.68322,40775000
"6307","VW","VW","Passat","Mittelklasse (z.B. BMW 3er-Reihe)","Stufenheck","diesel",2015,15538,39.65,4.6,14,4,1.59,8.733144,40775000
"6308","VW","VW","Passat","Mittelklasse (z.B. BMW 3er-Reihe)","Stufenheck","diesel",2016,16252,39.65,4.6,14,4,1.59,8.733144,40959000
"6309","VW","VW","Passat","Mittelklasse (z.B. BMW 3er-Reihe)","Stufenheck","diesel",2017,12167,39.65,4.6,14,4,1.59,8.733144,41303000
"6310","VW","VW","Passat","Mittelklasse (z.B. BMW 3er-Reihe)","Stufenheck","diesel",2014,1129,48.575,5.8,17.6,4,1.735,8.733144,40224000
"6311","VW","VW","Passat","Mittelklasse (z.B. BMW 3er-Reihe)","Stufenheck","diesel",2015,6218,48.575,5.8,17.6,4,1.735,8.733144,40775000
"6312","VW","VW","Passat","Mittelklasse (z.B. BMW 3er-Reihe)","Stufenheck","diesel",2016,5757,48.575,5.8,17.6,4,1.735,8.733144,40959000
"6313","VW","VW","Passat","Mittelklasse (z.B. BMW 3er-Reihe)","Stufenheck","diesel",2017,3581,48.575,5.8,17.6,4,1.735,8.733144,41303000
"6314","VW","VW","Passat","Mittelklasse (z.B. BMW 3er-Reihe)","Stufenheck","diesel",2012,7138,31.2375,4.4,7.7,4,1.543,8.68322,39708000
"6315","VW","VW","Passat","Mittelklasse (z.B. BMW 3er-Reihe)","Stufenheck","diesel",2013,5357,31.2375,4.4,7.7,4,1.543,8.68322,39931000
"6316","VW","VW","Passat","Mittelklasse (z.B. BMW 3er-Reihe)","Stufenheck","diesel",2014,4389,31.2375,4.4,7.7,4,1.543,8.68322,40224000
"6317","VW","VW","Passat","Mittelklasse (z.B. BMW 3er-Reihe)","Kombi","diesel",2015,111,31.2375,4.4,7.7,4,1.543,8.68322,40775000
"6318","VW","VW","Passat","Mittelklasse (z.B. BMW 3er-Reihe)","Stufenheck","diesel",2015,6194,31.6,4,8.8,4,1.5,8.733144,40775000
"6319","VW","VW","Passat","Mittelklasse (z.B. BMW 3er-Reihe)","Stufenheck","diesel",2016,5679,31.6,4,8.8,4,1.5,8.733144,40959000
"6320","VW","VW","Passat","Mittelklasse (z.B. BMW 3er-Reihe)","Stufenheck","diesel",2017,3780,31.6,4,8.8,4,1.5,8.733144,41303000
"6321","VW","VW","Passat","Mittelklasse (z.B. BMW 3er-Reihe)","Stufenheck","gasoline",2014,559,33.875,4.9,11,4,1.387,8.733144,40224000
"6322","VW","VW","Passat","Mittelklasse (z.B. BMW 3er-Reihe)","Stufenheck","gasoline",2015,5461,34.875,5.1,11,4,1.429,8.733144,40775000
"6323","VW","VW","Passat","Mittelklasse (z.B. BMW 3er-Reihe)","Stufenheck","gasoline",2016,4036,34.875,5.1,11,4,1.429,8.733144,40959000
"6324","VW","VW","Passat","Mittelklasse (z.B. BMW 3er-Reihe)","Stufenheck","gasoline",2017,5145,34.875,5.1,11,4,1.429,8.733144,41303000
"6325","VW","VW","Passat","Mittelklasse (z.B. BMW 3er-Reihe)","Stufenheck","gasoline",2012,2309,33.875,7.1,11.8,4,1.53,8.68322,39708000
"6326","VW","VW","Passat","Mittelklasse (z.B. BMW 3er-Reihe)","Stufenheck","gasoline",2015,774,38.0125,6,13.2,4,1.505,8.733144,40775000
"6327","VW","VW","Passat","Mittelklasse (z.B. BMW 3er-Reihe)","Stufenheck","gasoline",2016,1283,38.0125,6,13.2,4,1.505,8.733144,40959000
"6328","VW","VW","Passat","Mittelklasse (z.B. BMW 3er-Reihe)","Stufenheck","gasoline",2017,2384,38.0125,6,13.2,4,1.505,8.733144,41303000
"6329","VW","VW","Passat","Mittelklasse (z.B. BMW 3er-Reihe)","Stufenheck","gasoline",2012,968,38.325,7.9,15.5,4,1.559,8.68322,39708000
"6330","VW","VW","Passat","Mittelklasse (z.B. BMW 3er-Reihe)","Stufenheck","gasoline",2013,664,38.325,7.9,15.5,4,1.559,8.68322,39931000
"6331","VW","VW","Passat","Mittelklasse (z.B. BMW 3er-Reihe)","Stufenheck","gasoline",2014,482,38.325,7.9,15.5,4,1.559,8.68322,40224000
"6332","VW","VW","Passat","Mittelklasse (z.B. BMW 3er-Reihe)","Stufenheck","gasoline",2015,570,41.0125,6.4,16.2,4,1.55,8.733144,40775000
"6333","VW","VW","Passat","Mittelklasse (z.B. BMW 3er-Reihe)","Stufenheck","gasoline",2016,941,41.0125,6.4,16.2,4,1.55,8.733144,40959000
"6334","VW","VW","Passat","Mittelklasse (z.B. BMW 3er-Reihe)","Stufenheck","gasoline",2017,1126,41.0125,6.4,16.2,4,1.55,8.733144,41303000
"6335","VW","VW","Passat","Mittelklasse (z.B. BMW 3er-Reihe)","Stufenheck","gasoline",2016,380,47.75,7.3,20.6,4,1.674,8.733144,40959000
"6336","VW","VW","Passat","Mittelklasse (z.B. BMW 3er-Reihe)","Stufenheck","gasoline",2017,365,47.75,7.3,20.6,4,1.674,8.733144,41303000
"6337","VW","VW","Passat","Mittelklasse (z.B. BMW 3er-Reihe)","Stufenheck","gasoline",2012,391,45.85,9.3,22,6,1.773,8.68322,39708000
"6338","VW","VW","Passat","Mittelklasse (z.B. BMW 3er-Reihe)","Stufenheck","gasoline",2013,319,45.85,9.3,22,6,1.773,8.68322,39931000
"6339","VW","VW","Passat","Mittelklasse (z.B. BMW 3er-Reihe)","Stufenheck","gasoline",2014,174,45.85,9.3,22,6,1.773,8.68322,40224000
"6340","VW","VW","Passat","Mittelklasse (z.B. BMW 3er-Reihe)","Stufenheck","gasoline",2012,5176,26.8,6.1,9,4,1.484,8.68322,39708000
"6341","VW","VW","Passat","Mittelklasse (z.B. BMW 3er-Reihe)","Stufenheck","gasoline",2013,3305,26.8,6.1,9,4,1.484,8.68322,39931000
"6342","VW","VW","Passat","Mittelklasse (z.B. BMW 3er-Reihe)","Stufenheck","gasoline",2014,3552,26.8,6.1,9,4,1.484,8.68322,40224000
"6343","VW","VW","Passat","Mittelklasse (z.B. BMW 3er-Reihe)","Kombi","gasoline",2015,177,26.8,6.1,9,4,1.484,8.68322,40775000
"6344","VW","VW","Passat","Mittelklasse (z.B. BMW 3er-Reihe)","Stufenheck","gasoline",2015,1998,29.725,5.3,9.2,4,1.394,8.733144,40775000
"6345","VW","VW","Passat","Mittelklasse (z.B. BMW 3er-Reihe)","Stufenheck","gasoline",2016,1367,29.725,5.3,9.2,4,1.394,8.733144,40959000
"6346","VW","VW","Passat","Mittelklasse (z.B. BMW 3er-Reihe)","Stufenheck","gasoline",2017,1464,29.725,5.3,9.2,4,1.394,8.733144,41303000
"6347","VW","VW","Phaeton","Oberklasse (z.B. S-Klasse)","Stufenheck","diesel",2012,1710,78.2,8.5,17.6,6,2.315,9.627277,39708000
"6348","VW","VW","Phaeton","Oberklasse (z.B. S-Klasse)","Stufenheck","diesel",2013,1302,78.2,8.5,17.6,6,2.315,9.627277,39931000
"6349","VW","VW","Phaeton","Oberklasse (z.B. S-Klasse)","Stufenheck","diesel",2014,1431,81.4,8.5,18,6,2.313,9.652572,40224000
"6350","VW","VW","Phaeton","Oberklasse (z.B. S-Klasse)","Stufenheck","diesel",2015,1218,81.4,8.5,18,6,2.313,9.652572,40775000
"6351","VW","VW","Phaeton","Oberklasse (z.B. S-Klasse)","Stufenheck","gasoline",2012,169,100.525,12.45,24.6,8,2.2745,9.7542545,39708000
"6352","VW","VW","Phaeton","Oberklasse (z.B. S-Klasse)","Stufenheck","gasoline",2013,120,100.525,12.45,24.6,8,2.2745,9.7542545,39931000
"6353","VW","VW","Phaeton","Oberklasse (z.B. S-Klasse)","Stufenheck","gasoline",2014,131,80.1,13,24.6,8,2.241,9.619665,40224000
"6354","VW","VW","Phaeton","Oberklasse (z.B. S-Klasse)","Stufenheck","gasoline",2015,196,80.1,13,24.6,8,2.241,9.619665,40775000
"6355","VW","VW","Phaeton","Oberklasse (z.B. S-Klasse)","Stufenheck","gasoline",2016,135,80.1,13,24.6,8,2.241,9.619665,40959000
"6356","VW","VW","Polo","Kleinwagen (z.B. Polo)","Schrägheck","diesel",2012,4589,16.55,3.8,5.5,3,1.132,6.67754,39708000
"6357","VW","VW","Polo","Kleinwagen (z.B. Polo)","Schrägheck","diesel",2013,3802,16.55,3.8,5.5,3,1.132,6.67754,39931000
"6358","VW","VW","Polo","Kleinwagen (z.B. Polo)","Schrägheck","diesel",2014,4684,15.975,3.7,5.5,3,1.152,6.680904,40224000
"6359","VW","VW","Polo","Kleinwagen (z.B. Polo)","Schrägheck","diesel",2015,3922,15.975,3.7,5.5,3,1.152,6.680904,40775000
"6360","VW","VW","Polo","Kleinwagen (z.B. Polo)","Schrägheck","diesel",2016,2562,15.975,3.7,5.5,3,1.152,6.680904,40959000
"6361","VW","VW","Polo","Kleinwagen (z.B. Polo)","Schrägheck","diesel",2017,1430,15.975,3.7,5.5,3,1.152,6.680904,41303000
"6362","VW","VW","Polo","Kleinwagen (z.B. Polo)","Schrägheck","diesel",2012,6332,17.5,4.2,6.6,4,1.157,6.67754,39708000
"6363","VW","VW","Polo","Kleinwagen (z.B. Polo)","Schrägheck","diesel",2013,5823,17.5,4.2,6.6,4,1.157,6.67754,39931000
"6364","VW","VW","Polo","Kleinwagen (z.B. Polo)","Schrägheck","diesel",2014,5468,19.275,3.7,6.6,3,1.151,6.680904,40224000
"6365","VW","VW","Polo","Kleinwagen (z.B. Polo)","Schrägheck","diesel",2015,7185,19.275,3.7,6.6,3,1.151,6.680904,40775000
"6366","VW","VW","Polo","Kleinwagen (z.B. Polo)","Schrägheck","diesel",2016,6385,19.275,3.7,6.6,3,1.151,6.680904,40959000
"6367","VW","VW","Polo","Kleinwagen (z.B. Polo)","Schrägheck","diesel",2017,3808,19.275,3.7,6.6,3,1.151,6.680904,41303000
"6368","VW","VW","Polo","Kleinwagen (z.B. Polo)","Schrägheck","diesel",2012,2280,18.125,4.2,7.7,4,1.165,6.67754,39708000
"6369","VW","VW","Polo","Kleinwagen (z.B. Polo)","Schrägheck","diesel",2013,1695,18.125,4.2,7.7,4,1.165,6.67754,39931000
"6370","VW","VW","Polo","Kleinwagen (z.B. Polo)","Schrägheck","diesel",2014,951,18.125,4.2,7.7,4,1.165,6.67754,40224000
"6371","VW","VW","Polo","Kleinwagen (z.B. Polo)","Schrägheck","diesel",2015,1371,19.925,3.9,7.7,3,1.165,6.680904,40775000
"6372","VW","VW","Polo","Kleinwagen (z.B. Polo)","Schrägheck","diesel",2016,1006,19.925,3.9,7.7,3,1.165,6.680904,40959000
"6373","VW","VW","Polo","Kleinwagen (z.B. Polo)","Schrägheck","diesel",2017,341,19.925,3.9,7.7,3,1.165,6.680904,41303000
"6374","VW","VW","Polo","Kleinwagen (z.B. Polo)","Schrägheck","gasoline",2013,922,20.42,4.6,10.3,4,1.212,6.67754,39931000
"6375","VW","VW","Polo","Kleinwagen (z.B. Polo)","Schrägheck","gasoline",2014,246,20.42,4.6,10.3,4,1.212,6.67754,40224000
"6376","VW","VW","Polo","Kleinwagen (z.B. Polo)","Schrägheck","gasoline",2014,357,21.6,4.8,11,4,1.224,6.680904,40224000
"6377","VW","VW","Polo","Kleinwagen (z.B. Polo)","Schrägheck","gasoline",2015,571,21.6,4.8,11,4,1.224,6.680904,40775000
"6378","VW","VW","Polo","Kleinwagen (z.B. Polo)","Schrägheck","gasoline",2016,460,21.6,4.8,11,4,1.224,6.680904,40959000
"6379","VW","VW","Polo","Kleinwagen (z.B. Polo)","Schrägheck","gasoline",2017,258,21.6,4.8,11,4,1.224,6.680904,41303000
"6380","VW","VW","Polo","Kleinwagen (z.B. Polo)","Schrägheck","gasoline",2012,1391,23.31,5.9,13.2,4,1.269,6.687632,39708000
"6381","VW","VW","Polo","Kleinwagen (z.B. Polo)","Schrägheck","gasoline",2013,690,23.31,5.9,13.2,4,1.269,6.687632,39931000
"6382","VW","VW","Polo","Kleinwagen (z.B. Polo)","Schrägheck","gasoline",2014,209,23.31,5.9,13.2,4,1.269,6.687632,40224000
"6383","VW","VW","Polo","Kleinwagen (z.B. Polo)","Schrägheck","gasoline",2015,2365,23.675,5.8,14.1,4,1.276,6.699406,40775000
"6384","VW","VW","Polo","Kleinwagen (z.B. Polo)","Schrägheck","gasoline",2016,2787,23.675,5.8,14.1,4,1.276,6.699406,40959000
"6385","VW","VW","Polo","Kleinwagen (z.B. Polo)","Schrägheck","gasoline",2017,2566,23.675,5.8,14.1,4,1.276,6.699406,41303000
"6386","VW","VW","Polo","Kleinwagen (z.B. Polo)","Schrägheck","gasoline",2013,676,33.9,7.5,16.2,4,1.324,6.728,39931000
"6387","VW","VW","Polo","Kleinwagen (z.B. Polo)","Schrägheck","gasoline",2014,646,33.9,7.5,16.2,4,1.324,6.728,40224000
"6388","VW","VW","Polo","Kleinwagen (z.B. Polo)","Schrägheck","gasoline",2012,12719,13.975,5.5,4.4,3,1.067,6.67754,39708000
"6389","VW","VW","Polo","Kleinwagen (z.B. Polo)","Schrägheck","gasoline",2013,9650,13.975,5.5,4.4,3,1.067,6.67754,39931000
"6390","VW","VW","Polo","Kleinwagen (z.B. Polo)","Schrägheck","gasoline",2014,11763,13,5,4.4,3,1.05,6.680904,40224000
"6391","VW","VW","Polo","Kleinwagen (z.B. Polo)","Schrägheck","gasoline",2015,10165,13,5,4.4,3,1.05,6.680904,40775000
"6392","VW","VW","Polo","Kleinwagen (z.B. Polo)","Schrägheck","gasoline",2016,10009,13,5,4.4,3,1.05,6.680904,40959000
"6393","VW","VW","Polo","Kleinwagen (z.B. Polo)","Schrägheck","gasoline",2017,6787,13,5,4.4,3,1.05,6.680904,41303000
"6394","VW","VW","Polo","Kleinwagen (z.B. Polo)","Schrägheck","gasoline",2017,1453,13.655,4.7,4.8,3,1.105,7.096803,41303000
"6395","VW","VW","Polo","Kleinwagen (z.B. Polo)","Schrägheck","gasoline",2012,16723,14.5,5.5,5.1,3,1.067,6.67754,39708000
"6396","VW","VW","Polo","Kleinwagen (z.B. Polo)","Schrägheck","gasoline",2013,14669,14.5,5.5,5.1,3,1.067,6.67754,39931000
"6397","VW","VW","Polo","Kleinwagen (z.B. Polo)","Schrägheck","gasoline",2014,5162,14.5,5.5,5.1,3,1.067,6.67754,40224000
"6398","VW","VW","Polo","Kleinwagen (z.B. Polo)","Schrägheck","gasoline",2014,10965,13.825,5.1,5.5,3,1.05,6.680904,40224000
"6399","VW","VW","Polo","Kleinwagen (z.B. Polo)","Schrägheck","gasoline",2015,13678,13.825,5.1,5.5,3,1.05,6.680904,40775000
"6400","VW","VW","Polo","Kleinwagen (z.B. Polo)","Schrägheck","gasoline",2016,12508,13.825,5.1,5.5,3,1.05,6.680904,40959000
"6401","VW","VW","Polo","Kleinwagen (z.B. Polo)","Schrägheck","gasoline",2017,10617,13.825,5.1,5.5,3,1.05,6.680904,41303000
"6402","VW","VW","Polo","Kleinwagen (z.B. Polo)","Schrägheck","gasoline",2012,10710,15.5,5.9,6.3,4,1.07,6.67754,39708000
"6403","VW","VW","Polo","Kleinwagen (z.B. Polo)","Schrägheck","gasoline",2013,5190,15.5,5.9,6.3,4,1.07,6.67754,39931000
"6404","VW","VW","Polo","Kleinwagen (z.B. Polo)","Schrägheck","gasoline",2014,1294,15.5,5.9,6.3,4,1.07,6.67754,40224000
"6405","VW","VW","Polo","Kleinwagen (z.B. Polo)","Schrägheck","gasoline",2012,12691,17.125,5.1,6.6,4,1.107,6.67754,39708000
"6406","VW","VW","Polo","Kleinwagen (z.B. Polo)","Schrägheck","gasoline",2013,18987,17.975,4.9,6.6,4,1.118,6.680904,39931000
"6407","VW","VW","Polo","Kleinwagen (z.B. Polo)","Schrägheck","gasoline",2014,21343,17.975,4.9,6.6,4,1.118,6.680904,40224000
"6408","VW","VW","Polo","Kleinwagen (z.B. Polo)","Schrägheck","gasoline",2015,24571,17.975,4.9,6.6,4,1.118,6.680904,40775000
"6409","VW","VW","Polo","Kleinwagen (z.B. Polo)","Schrägheck","gasoline",2016,31007,18.475,4.65,6.6,4,1.139,6.680904,40959000
"6410","VW","VW","Polo","Kleinwagen (z.B. Polo)","Schrägheck","gasoline",2017,26557,18.475,4.65,6.6,4,1.139,6.680904,41303000
"6411","VW","VW","Polo","Kleinwagen (z.B. Polo)","Schrägheck","gasoline",2015,144,16.9,4.2,7,3,1.111,6.67754,40775000
"6412","VW","VW","Polo","Kleinwagen (z.B. Polo)","Schrägheck","gasoline",2016,189,16.9,4.2,7,3,1.111,6.67754,40959000
"6413","VW","VW","Polo","Kleinwagen (z.B. Polo)","Schrägheck","gasoline",2017,4136,18,4.4,7,3,1.145,7.096803,41303000
"6414","VW","VW","Polo","Kleinwagen (z.B. Polo)","Schrägheck","gasoline",2012,8665,16.85,5.3,7.7,4,1.088,6.67754,39708000
"6415","VW","VW","Polo","Kleinwagen (z.B. Polo)","Schrägheck","gasoline",2013,5854,16.85,5.3,7.7,4,1.088,6.67754,39931000
"6416","VW","VW","Polo","Kleinwagen (z.B. Polo)","Schrägheck","gasoline",2014,1981,16.85,5.3,7.7,4,1.088,6.67754,40224000
"6417","VW","VW","Polo","Kleinwagen (z.B. Polo)","Schrägheck","gasoline",2014,2789,18.45,4.8,8.1,4,1.135,6.680904,40224000
"6418","VW","VW","Polo","Kleinwagen (z.B. Polo)","Schrägheck","gasoline",2015,5858,18.45,4.8,8.1,4,1.135,6.680904,40775000
"6419","VW","VW","Polo","Kleinwagen (z.B. Polo)","Schrägheck","gasoline",2016,5159,18.45,4.8,8.1,4,1.135,6.680904,40959000
"6420","VW","VW","Polo","Kleinwagen (z.B. Polo)","Schrägheck","gasoline",2017,3251,18.45,4.8,8.1,4,1.135,6.680904,41303000
"6421","VW","VW","Scirocco","Untere Mittelklasse (z.B. Golf)","Coupe","diesel",2012,777,27.725,4.8,10.3,4,1.379,7.70336,39708000
"6422","VW","VW","Scirocco","Untere Mittelklasse (z.B. Golf)","Coupe","diesel",2013,525,27.725,4.8,10.3,4,1.379,7.70336,39931000
"6423","VW","VW","Scirocco","Untere Mittelklasse (z.B. Golf)","Coupe","diesel",2014,260,27.725,4.8,10.3,4,1.379,7.70336,40224000
"6424","VW","VW","Scirocco","Untere Mittelklasse (z.B. Golf)","Coupe","diesel",2014,270,31.7375,4.4,11,4,1.385,7.74592,40224000
"6425","VW","VW","Scirocco","Untere Mittelklasse (z.B. Golf)","Coupe","diesel",2015,423,31.7375,4.4,11,4,1.385,7.74592,40775000
"6426","VW","VW","Scirocco","Untere Mittelklasse (z.B. Golf)","Coupe","diesel",2016,217,31.7375,4.4,11,4,1.385,7.74592,40959000
"6427","VW","VW","Scirocco","Untere Mittelklasse (z.B. Golf)","Coupe","diesel",2012,479,29,5.1,12.5,4,1.395,7.70336,39708000
"6428","VW","VW","Scirocco","Untere Mittelklasse (z.B. Golf)","Coupe","diesel",2013,311,30.75,5.1,13,4,1.374,7.70336,39931000
"6429","VW","VW","Scirocco","Untere Mittelklasse (z.B. Golf)","Coupe","diesel",2014,143,30.75,5.1,13,4,1.374,7.70336,40224000
"6430","VW","VW","Scirocco","Untere Mittelklasse (z.B. Golf)","Coupe","diesel",2015,290,32.95,4.6,13.5,4,1.395,7.74592,40775000
"6431","VW","VW","Scirocco","Untere Mittelklasse (z.B. Golf)","Coupe","diesel",2016,221,32.95,4.6,13.5,4,1.395,7.74592,40959000
"6432","VW","VW","Scirocco","Untere Mittelklasse (z.B. Golf)","Coupe","gasoline",2012,964,25.6,6.6,11.8,4,1.346,7.70336,39708000
"6433","VW","VW","Scirocco","Untere Mittelklasse (z.B. Golf)","Coupe","gasoline",2013,690,25.6,6.6,11.8,4,1.346,7.70336,39931000
"6434","VW","VW","Scirocco","Untere Mittelklasse (z.B. Golf)","Coupe","gasoline",2014,291,25.6,6.6,11.8,4,1.346,7.70336,40224000
"6435","VW","VW","Scirocco","Untere Mittelklasse (z.B. Golf)","Coupe","gasoline",2014,507,30.075,6.1,13.2,4,1.346,7.74592,40224000
"6436","VW","VW","Scirocco","Untere Mittelklasse (z.B. Golf)","Coupe","gasoline",2015,664,30.075,6.1,13.2,4,1.346,7.74592,40775000
"6437","VW","VW","Scirocco","Untere Mittelklasse (z.B. Golf)","Coupe","gasoline",2016,550,30.075,6.1,13.2,4,1.346,7.74592,40959000
"6438","VW","VW","Scirocco","Untere Mittelklasse (z.B. Golf)","Coupe","gasoline",2017,260,30.075,6.1,13.2,4,1.346,7.74592,41303000
"6439","VW","VW","Scirocco","Untere Mittelklasse (z.B. Golf)","Coupe","gasoline",2012,496,29.675,7.4,15.5,4,1.373,7.70336,39708000
"6440","VW","VW","Scirocco","Untere Mittelklasse (z.B. Golf)","Coupe","gasoline",2013,559,29.675,7.4,15.5,4,1.373,7.70336,39931000
"6441","VW","VW","Scirocco","Untere Mittelklasse (z.B. Golf)","Coupe","gasoline",2014,196,29.675,7.4,15.5,4,1.373,7.70336,40224000
"6442","VW","VW","Scirocco","Untere Mittelklasse (z.B. Golf)","Coupe","gasoline",2014,107,30.975,6.1,16.2,4,1.369,7.74592,40224000
"6443","VW","VW","Scirocco","Untere Mittelklasse (z.B. Golf)","Coupe","gasoline",2015,394,30.975,6.1,16.2,4,1.369,7.74592,40775000
"6444","VW","VW","Scirocco","Untere Mittelklasse (z.B. Golf)","Coupe","gasoline",2016,319,30.975,6.1,16.2,4,1.369,7.74592,40959000
"6445","VW","VW","Scirocco","Untere Mittelklasse (z.B. Golf)","Coupe","gasoline",2017,191,30.975,6.1,16.2,4,1.369,7.74592,41303000
"6446","VW","VW","Scirocco","Untere Mittelklasse (z.B. Golf)","Coupe","gasoline",2012,525,36.825,8.05,19.5,4,1.429,7.73136,39708000
"6447","VW","VW","Scirocco","Untere Mittelklasse (z.B. Golf)","Coupe","gasoline",2013,422,36.825,8.05,19.5,4,1.429,7.73136,39931000
"6448","VW","VW","Scirocco","Untere Mittelklasse (z.B. Golf)","Coupe","gasoline",2014,158,38.7625,7.95,20.6,4,1.438,7.73136,40224000
"6449","VW","VW","Scirocco","Untere Mittelklasse (z.B. Golf)","Coupe","gasoline",2015,294,38.7625,7.95,20.6,4,1.438,7.73136,40775000
"6450","VW","VW","Scirocco","Untere Mittelklasse (z.B. Golf)","Coupe","gasoline",2017,279,38.7625,7.95,20.6,4,1.438,7.73136,41303000
"6451","VW","VW","Scirocco","Untere Mittelklasse (z.B. Golf)","Coupe","gasoline",2012,1221,24.025,6.4,9,4,1.319,7.70336,39708000
"6452","VW","VW","Scirocco","Untere Mittelklasse (z.B. Golf)","Coupe","gasoline",2013,800,24.025,6.4,9,4,1.319,7.70336,39931000
"6453","VW","VW","Scirocco","Untere Mittelklasse (z.B. Golf)","Coupe","gasoline",2014,332,24.025,6.4,9,4,1.319,7.70336,40224000
"6454","VW","VW","Scirocco","Untere Mittelklasse (z.B. Golf)","Coupe","gasoline",2014,620,27.7,5.4,9.2,4,1.28,7.74592,40224000
"6455","VW","VW","Scirocco","Untere Mittelklasse (z.B. Golf)","Coupe","gasoline",2015,747,27.7,5.4,9.2,4,1.28,7.74592,40775000
"6456","VW","VW","Scirocco","Untere Mittelklasse (z.B. Golf)","Coupe","gasoline",2016,542,27.7,5.4,9.2,4,1.28,7.74592,40959000
"6457","VW","VW","Scirocco","Untere Mittelklasse (z.B. Golf)","Coupe","gasoline",2017,272,27.7,5.4,9.2,4,1.28,7.74592,41303000
"6458","VW","VW","Sharan","Mittelklasse (z.B. BMW 3er-Reihe)","Van","diesel",2012,8977,35.825,5.5,10.3,4,1.774,9.242016,39708000
"6459","VW","VW","Sharan","Mittelklasse (z.B. BMW 3er-Reihe)","Van","diesel",2013,7518,35.825,5.5,10.3,4,1.774,9.242016,39931000
"6460","VW","VW","Sharan","Mittelklasse (z.B. BMW 3er-Reihe)","Van","diesel",2014,7945,35.825,5.5,10.3,4,1.774,9.242016,40224000
"6461","VW","VW","Sharan","Mittelklasse (z.B. BMW 3er-Reihe)","Van","diesel",2015,6902,35.825,5.5,10.3,4,1.774,9.242016,40775000
"6462","VW","VW","Sharan","Mittelklasse (z.B. BMW 3er-Reihe)","Van","diesel",2015,3338,41.9,5.15,11,4,1.7825,9.242016,40775000
"6463","VW","VW","Sharan","Mittelklasse (z.B. BMW 3er-Reihe)","Van","diesel",2016,6970,41.9,5.15,11,4,1.7825,9.242016,40959000
"6464","VW","VW","Sharan","Mittelklasse (z.B. BMW 3er-Reihe)","Van","diesel",2017,5536,41.1,5.2,11,4,1.785,9.242016,41303000
"6465","VW","VW","Sharan","Mittelklasse (z.B. BMW 3er-Reihe)","Van","diesel",2012,5969,35.7,5.8,12.5,4,1.794,9.242016,39708000
"6466","VW","VW","Sharan","Mittelklasse (z.B. BMW 3er-Reihe)","Van","diesel",2013,948,35.7,5.8,12.5,4,1.794,9.242016,39931000
"6467","VW","VW","Sharan","Mittelklasse (z.B. BMW 3er-Reihe)","Van","diesel",2013,3868,39.625,5.8,13,4,1.8,9.242016,39931000
"6468","VW","VW","Sharan","Mittelklasse (z.B. BMW 3er-Reihe)","Van","diesel",2014,5634,39.625,5.8,13,4,1.8,9.242016,40224000
"6469","VW","VW","Sharan","Mittelklasse (z.B. BMW 3er-Reihe)","Van","diesel",2015,3976,39.625,5.8,13,4,1.8,9.242016,40775000
"6470","VW","VW","Sharan","Mittelklasse (z.B. BMW 3er-Reihe)","Van","diesel",2015,2323,42.75,5.3,13.5,4,1.8,9.242016,40775000
"6471","VW","VW","Sharan","Mittelklasse (z.B. BMW 3er-Reihe)","Van","diesel",2016,4190,42.75,5.3,13.5,4,1.8,9.242016,40959000
"6472","VW","VW","Sharan","Mittelklasse (z.B. BMW 3er-Reihe)","Van","diesel",2017,3403,42.75,5.3,13.5,4,1.8,9.242016,41303000
"6473","VW","VW","Sharan","Mittelklasse (z.B. BMW 3er-Reihe)","Van","diesel",2012,124,32.75,5.5,8.5,4,1.772,9.242016,39708000
"6474","VW","VW","Sharan","Mittelklasse (z.B. BMW 3er-Reihe)","Van","diesel",2013,128,32.75,5.5,8.5,4,1.772,9.242016,39931000
"6475","VW","VW","Sharan","Mittelklasse (z.B. BMW 3er-Reihe)","Van","diesel",2014,115,33.5375,5.25,8.5,4,1.772,9.242016,40224000
"6476","VW","VW","Sharan","Mittelklasse (z.B. BMW 3er-Reihe)","Van","diesel",2015,205,33.5375,5.25,8.5,4,1.772,9.242016,40775000
"6477","VW","VW","Sharan","Mittelklasse (z.B. BMW 3er-Reihe)","Van","diesel",2016,126,33.5375,5.25,8.5,4,1.772,9.242016,40959000
"6478","VW","VW","Sharan","Mittelklasse (z.B. BMW 3er-Reihe)","Van","gasoline",2012,1575,31.475,7.2,11,4,1.723,9.242016,39708000
"6479","VW","VW","Sharan","Mittelklasse (z.B. BMW 3er-Reihe)","Van","gasoline",2013,1108,31.475,7.2,11,4,1.723,9.242016,39931000
"6480","VW","VW","Sharan","Mittelklasse (z.B. BMW 3er-Reihe)","Van","gasoline",2014,1271,38.8125,6.5,11,4,1.71,9.242016,40224000
"6481","VW","VW","Sharan","Mittelklasse (z.B. BMW 3er-Reihe)","Van","gasoline",2015,1264,38.95,6.5,11,4,1.71,9.242016,40775000
"6482","VW","VW","Sharan","Mittelklasse (z.B. BMW 3er-Reihe)","Van","gasoline",2016,1668,39.425,6.5,11,4,1.71,9.242016,40959000
"6483","VW","VW","Sharan","Mittelklasse (z.B. BMW 3er-Reihe)","Van","gasoline",2017,2230,38.425,6.6,11,4,1.703,9.242016,41303000
"6484","VW","VW","Sharan","Mittelklasse (z.B. BMW 3er-Reihe)","Van","gasoline",2012,362,38.875,8.4,14.7,4,1.79,9.242016,39708000
"6485","VW","VW","Sharan","Mittelklasse (z.B. BMW 3er-Reihe)","Van","gasoline",2013,327,38.875,8.4,14.7,4,1.79,9.242016,39931000
"6486","VW","VW","Sharan","Mittelklasse (z.B. BMW 3er-Reihe)","Van","gasoline",2014,347,38.875,8.4,14.7,4,1.79,9.242016,40224000
"6487","VW","VW","Sharan","Mittelklasse (z.B. BMW 3er-Reihe)","Van","gasoline",2015,186,38.875,8.4,14.7,4,1.79,9.242016,40775000
"6488","VW","VW","Sharan","Mittelklasse (z.B. BMW 3er-Reihe)","Van","gasoline",2015,103,43.775,7.2,16.2,4,1.79,9.242016,40775000
"6489","VW","VW","Sharan","Mittelklasse (z.B. BMW 3er-Reihe)","Van","gasoline",2016,449,43.775,7.2,16.2,4,1.79,9.242016,40959000
"6490","VW","VW","Sharan","Mittelklasse (z.B. BMW 3er-Reihe)","Van","gasoline",2017,635,43.775,7.2,16.2,4,1.79,9.242016,41303000
"6491","VW","VW","T-Roc","Untere Mittelklasse (z.B. Golf)","SUV","diesel",2017,637,30.705,5,11,4,1.505,7.701646,41303000
"6492","VW","VW","T-Roc","Untere Mittelklasse (z.B. Golf)","SUV","gasoline",2017,752,31.3175,6.7,14,4,1.495,7.701646,41303000
"6493","VW","VW","T-Roc","Untere Mittelklasse (z.B. Golf)","SUV","gasoline",2017,410,21.12,5.1,8.5,3,1.27,7.701646,41303000
"6494","VW","VW","Tiguan","Untere Mittelklasse (z.B. Golf)","SUV","diesel",2012,29300,31.275,5.8,10.3,4,1.651,8.006634,39708000
"6495","VW","VW","Tiguan","Untere Mittelklasse (z.B. Golf)","SUV","diesel",2013,25737,31.275,5.8,10.3,4,1.651,8.006634,39931000
"6496","VW","VW","Tiguan","Untere Mittelklasse (z.B. Golf)","SUV","diesel",2014,22474,31.275,5.8,10.3,4,1.651,8.006634,40224000
"6497","VW","VW","Tiguan","Untere Mittelklasse (z.B. Golf)","SUV","diesel",2015,11796,31.275,5.8,10.3,4,1.651,8.006634,40775000
"6498","VW","VW","Tiguan","Untere Mittelklasse (z.B. Golf)","SUV","diesel",2015,10599,33.4,5.3,11,4,1.676,8.006634,40775000
"6499","VW","VW","Tiguan","Untere Mittelklasse (z.B. Golf)","SUV","diesel",2016,29626,34.5625,5.5,11,4,1.6665,8.249754,40959000
"6500","VW","VW","Tiguan","Untere Mittelklasse (z.B. Golf)","SUV","diesel",2017,23511,32.435,4.8,11,4,1.605,8.249754,41303000
"6501","VW","VW","Tiguan","Untere Mittelklasse (z.B. Golf)","SUV","diesel",2012,5182,32.7,6.3,12.5,4,1.684,8.008443,39708000
"6502","VW","VW","Tiguan","Untere Mittelklasse (z.B. Golf)","SUV","diesel",2013,698,33.3125,6,12.5,4,1.695,8.0129655,39931000
"6503","VW","VW","Tiguan","Untere Mittelklasse (z.B. Golf)","SUV","diesel",2013,11639,35.425,5.8,13,4,1.678,8.006634,39931000
"6504","VW","VW","Tiguan","Untere Mittelklasse (z.B. Golf)","SUV","diesel",2014,12908,35.425,5.8,13,4,1.678,8.006634,40224000
"6505","VW","VW","Tiguan","Untere Mittelklasse (z.B. Golf)","SUV","diesel",2015,6028,35.425,5.8,13,4,1.678,8.006634,40775000
"6506","VW","VW","Tiguan","Untere Mittelklasse (z.B. Golf)","SUV","diesel",2015,4169,39.675,5.7,13.5,4,1.727,8.006634,40775000
"6507","VW","VW","Tiguan","Untere Mittelklasse (z.B. Golf)","SUV","diesel",2016,2492,39.675,5.7,13.5,4,1.727,8.006634,40959000
"6508","VW","VW","Tiguan","Untere Mittelklasse (z.B. Golf)","SUV","diesel",2016,6529,40.0875,5.8,14,4,1.764,8.4474465,40959000
"6509","VW","VW","Tiguan","Untere Mittelklasse (z.B. Golf)","SUV","diesel",2017,9467,40.665,5.65,14,4,1.7725,8.4474465,41303000
"6510","VW","VW","Tiguan","Untere Mittelklasse (z.B. Golf)","SUV","diesel",2016,554,44.75,6.4,17.6,4,1.795,8.249754,40959000
"6511","VW","VW","Tiguan","Untere Mittelklasse (z.B. Golf)","SUV","diesel",2017,4737,44.75,6.4,17.6,4,1.795,8.249754,41303000
"6512","VW","VW","Tiguan","Untere Mittelklasse (z.B. Golf)","SUV","diesel",2012,3938,29.25,5.3,8.1,4,1.543,8.006634,39708000
"6513","VW","VW","Tiguan","Untere Mittelklasse (z.B. Golf)","SUV","diesel",2013,3542,29.25,5.3,8.1,4,1.543,8.006634,39931000
"6514","VW","VW","Tiguan","Untere Mittelklasse (z.B. Golf)","SUV","diesel",2014,4446,29.25,5.3,8.1,4,1.543,8.006634,40224000
"6515","VW","VW","Tiguan","Untere Mittelklasse (z.B. Golf)","SUV","diesel",2015,4664,29.25,5.3,8.1,4,1.543,8.006634,40775000
"6516","VW","VW","Tiguan","Untere Mittelklasse (z.B. Golf)","SUV","diesel",2016,1500,29.25,5.3,8.1,4,1.543,8.006634,40959000
"6517","VW","VW","Tiguan","Untere Mittelklasse (z.B. Golf)","SUV","diesel",2016,537,32.0875,4.7,8.5,4,1.574,8.249754,40959000
"6518","VW","VW","Tiguan","Untere Mittelklasse (z.B. Golf)","SUV","diesel",2017,1422,32.0875,4.7,8.5,4,1.574,8.249754,41303000
"6519","VW","VW","Tiguan","Untere Mittelklasse (z.B. Golf)","SUV","gasoline",2015,4601,31.025,6.4,11,4,1.499,8.006634,40775000
"6520","VW","VW","Tiguan","Untere Mittelklasse (z.B. Golf)","SUV","gasoline",2016,8627,31.025,6.4,11,4,1.499,8.006634,40959000
"6521","VW","VW","Tiguan","Untere Mittelklasse (z.B. Golf)","SUV","gasoline",2017,14237,32.375,5.8,11,4,1.49,8.249754,41303000
"6522","VW","VW","Tiguan","Untere Mittelklasse (z.B. Golf)","SUV","gasoline",2012,5782,28.8875,6.9,11.8,4,1.522,8.006634,39708000
"6523","VW","VW","Tiguan","Untere Mittelklasse (z.B. Golf)","SUV","gasoline",2013,6293,28.8875,6.9,11.8,4,1.522,8.006634,39931000
"6524","VW","VW","Tiguan","Untere Mittelklasse (z.B. Golf)","SUV","gasoline",2014,7957,28.8875,6.9,11.8,4,1.522,8.006634,40224000
"6525","VW","VW","Tiguan","Untere Mittelklasse (z.B. Golf)","SUV","gasoline",2015,4178,28.8875,6.9,11.8,4,1.522,8.006634,40775000
"6526","VW","VW","Tiguan","Untere Mittelklasse (z.B. Golf)","SUV","gasoline",2012,3856,31.9,8.5,13.2,4,1.641,8.006634,39708000
"6527","VW","VW","Tiguan","Untere Mittelklasse (z.B. Golf)","SUV","gasoline",2013,2851,31.9,8.5,13.2,4,1.641,8.006634,39931000
"6528","VW","VW","Tiguan","Untere Mittelklasse (z.B. Golf)","SUV","gasoline",2014,1785,31.9,8.5,13.2,4,1.641,8.006634,40224000
"6529","VW","VW","Tiguan","Untere Mittelklasse (z.B. Golf)","SUV","gasoline",2015,849,31.9,8.5,13.2,4,1.641,8.006634,40775000
"6530","VW","VW","Tiguan","Untere Mittelklasse (z.B. Golf)","SUV","gasoline",2016,6987,35.8,7.1,13.2,4,1.61,8.249754,40959000
"6531","VW","VW","Tiguan","Untere Mittelklasse (z.B. Golf)","SUV","gasoline",2017,10465,35.8,7.1,13.2,4,1.61,8.249754,41303000
"6532","VW","VW","Tiguan","Untere Mittelklasse (z.B. Golf)","SUV","gasoline",2012,1243,34.1,8.5,15.5,4,1.673,8.006634,39708000
"6533","VW","VW","Tiguan","Untere Mittelklasse (z.B. Golf)","SUV","gasoline",2013,952,34.1,8.5,15.5,4,1.673,8.006634,39931000
"6534","VW","VW","Tiguan","Untere Mittelklasse (z.B. Golf)","SUV","gasoline",2014,552,34.1,8.5,15.5,4,1.673,8.006634,40224000
"6535","VW","VW","Tiguan","Untere Mittelklasse (z.B. Golf)","SUV","gasoline",2015,239,34.1,8.5,15.5,4,1.673,8.006634,40775000
"6536","VW","VW","Tiguan","Untere Mittelklasse (z.B. Golf)","SUV","gasoline",2016,257,42.2125,7.9,16.2,4,1.712,8.4474465,40959000
"6537","VW","VW","Tiguan","Untere Mittelklasse (z.B. Golf)","SUV","gasoline",2017,2748,42.2125,7.9,16.2,4,1.712,8.4474465,41303000
"6538","VW","VW","Tiguan","Untere Mittelklasse (z.B. Golf)","SUV","gasoline",2012,6088,27.225,6.5,9,4,1.501,8.006634,39708000
"6539","VW","VW","Tiguan","Untere Mittelklasse (z.B. Golf)","SUV","gasoline",2013,6059,27.225,6.5,9,4,1.501,8.006634,39931000
"6540","VW","VW","Tiguan","Untere Mittelklasse (z.B. Golf)","SUV","gasoline",2014,11792,27.225,6.5,9,4,1.501,8.006634,40224000
"6541","VW","VW","Tiguan","Untere Mittelklasse (z.B. Golf)","SUV","gasoline",2015,5894,27.225,6.5,9,4,1.501,8.006634,40775000
"6542","VW","VW","Tiguan","Untere Mittelklasse (z.B. Golf)","SUV","gasoline",2015,5775,28.4125,6.25,9.2,4,1.4905,8.127744,40775000
"6543","VW","VW","Tiguan","Untere Mittelklasse (z.B. Golf)","SUV","gasoline",2016,6525,29,6.1,9.2,4,1.49,8.249754,40959000
"6544","VW","VW","Tiguan","Untere Mittelklasse (z.B. Golf)","SUV","gasoline",2017,4736,30.2,6.1,9.2,4,1.49,8.249754,41303000
"6545","VW","VW","Touareg","Obere Mittelklasse (z.B. E-Klasse)","SUV","diesel",2012,1474,61.025,7,15,6,2.179,9.3023,39708000
"6546","VW","VW","Touareg","Obere Mittelklasse (z.B. E-Klasse)","SUV","diesel",2013,926,61.2125,6.85,15,6,2.182,9.30812,39931000
"6547","VW","VW","Touareg","Obere Mittelklasse (z.B. E-Klasse)","SUV","diesel",2014,1156,61.2125,6.85,15,6,2.182,9.30812,40224000
"6548","VW","VW","Touareg","Obere Mittelklasse (z.B. E-Klasse)","SUV","diesel",2015,1447,61.2125,6.85,15,6,2.182,9.30812,40775000
"6549","VW","VW","Touareg","Obere Mittelklasse (z.B. E-Klasse)","SUV","diesel",2016,1549,65.8,6.7,15,6,2.185,9.31394,40959000
"6550","VW","VW","Touareg","Obere Mittelklasse (z.B. E-Klasse)","SUV","diesel",2017,1148,65.8,6.7,15,6,2.185,9.31394,41303000
"6551","VW","VW","Touareg","Obere Mittelklasse (z.B. E-Klasse)","SUV","diesel",2012,7864,63.8,7.2,18,6,2.152,9.3023,39708000
"6552","VW","VW","Touareg","Obere Mittelklasse (z.B. E-Klasse)","SUV","diesel",2013,6890,63.8,7.2,18,6,2.152,9.3023,39931000
"6553","VW","VW","Touareg","Obere Mittelklasse (z.B. E-Klasse)","SUV","diesel",2014,5167,63.8,7.2,18,6,2.152,9.3023,40224000
"6554","VW","VW","Touareg","Obere Mittelklasse (z.B. E-Klasse)","SUV","diesel",2014,1506,69.5,6.8,19.3,6,2.185,9.31394,40224000
"6555","VW","VW","Touareg","Obere Mittelklasse (z.B. E-Klasse)","SUV","diesel",2015,9017,69.5,6.8,19.3,6,2.185,9.31394,40775000
"6556","VW","VW","Touareg","Obere Mittelklasse (z.B. E-Klasse)","SUV","diesel",2016,6355,69.5,6.8,19.3,6,2.185,9.31394,40959000
"6557","VW","VW","Touareg","Obere Mittelklasse (z.B. E-Klasse)","SUV","diesel",2017,5457,69.5,6.8,19.3,6,2.185,9.31394,41303000
"6558","VW","VW","Touareg","Obere Mittelklasse (z.B. E-Klasse)","SUV","diesel",2012,1010,78.2,9.1,25,8,2.297,9.3023,39708000
"6559","VW","VW","Touareg","Obere Mittelklasse (z.B. E-Klasse)","SUV","diesel",2013,987,78.2,9.1,25,8,2.297,9.3023,39931000
"6560","VW","VW","Touareg","Obere Mittelklasse (z.B. E-Klasse)","SUV","diesel",2014,990,78.2,9.1,25,8,2.297,9.3023,40224000
"6561","VW","VW","Touareg","Obere Mittelklasse (z.B. E-Klasse)","SUV","diesel",2015,495,78.2,9.1,25,8,2.297,9.3023,40775000
"6562","VW","VW","Touran","Untere Mittelklasse (z.B. Golf)","Van","diesel",2012,18112,32.4875,5.3,10.3,4,1.603,7.888218,39708000
"6563","VW","VW","Touran","Untere Mittelklasse (z.B. Golf)","Van","diesel",2013,16123,32.4875,5.3,10.3,4,1.603,7.888218,39931000
"6564","VW","VW","Touran","Untere Mittelklasse (z.B. Golf)","Van","diesel",2014,16781,32.4875,5.3,10.3,4,1.603,7.888218,40224000
"6565","VW","VW","Touran","Untere Mittelklasse (z.B. Golf)","Van","diesel",2015,9489,32.4875,5.3,10.3,4,1.603,7.888218,40775000
"6566","VW","VW","Touran","Untere Mittelklasse (z.B. Golf)","Van","diesel",2015,4643,34.525,4.5,11,4,1.552,8.279883,40775000
"6567","VW","VW","Touran","Untere Mittelklasse (z.B. Golf)","Van","diesel",2016,19978,34.525,4.5,11,4,1.552,8.279883,40959000
"6568","VW","VW","Touran","Untere Mittelklasse (z.B. Golf)","Van","diesel",2017,14814,34.525,4.5,11,4,1.552,8.279883,41303000
"6569","VW","VW","Touran","Untere Mittelklasse (z.B. Golf)","Van","diesel",2012,2862,33.875,5.8,12.5,4,1.6235,7.90729475,39708000
"6570","VW","VW","Touran","Untere Mittelklasse (z.B. Golf)","Van","diesel",2013,329,33.875,5.8,12.5,4,1.6235,7.90729475,39931000
"6571","VW","VW","Touran","Untere Mittelklasse (z.B. Golf)","Van","diesel",2013,1578,36.5625,5.9,13,4,1.603,7.90729475,39931000
"6572","VW","VW","Touran","Untere Mittelklasse (z.B. Golf)","Van","diesel",2014,1821,36.5625,5.9,13,4,1.603,7.90729475,40224000
"6573","VW","VW","Touran","Untere Mittelklasse (z.B. Golf)","Van","diesel",2015,993,36.5625,5.9,13,4,1.603,7.90729475,40775000
"6574","VW","VW","Touran","Untere Mittelklasse (z.B. Golf)","Van","diesel",2016,2511,38.925,4.7,14,4,1.615,8.279883,40959000
"6575","VW","VW","Touran","Untere Mittelklasse (z.B. Golf)","Van","diesel",2017,3501,38.925,4.7,14,4,1.615,8.279883,41303000
"6576","VW","VW","Touran","Untere Mittelklasse (z.B. Golf)","Van","diesel",2012,17151,29.4,5.1,7.7,4,1.556,7.888218,39708000
"6577","VW","VW","Touran","Untere Mittelklasse (z.B. Golf)","Van","diesel",2013,15340,29.4,5.1,7.7,4,1.556,7.888218,39931000
"6578","VW","VW","Touran","Untere Mittelklasse (z.B. Golf)","Van","diesel",2014,14950,29.4,5.1,7.7,4,1.556,7.888218,40224000
"6579","VW","VW","Touran","Untere Mittelklasse (z.B. Golf)","Van","diesel",2015,6769,29.4,5.1,7.7,4,1.556,7.888218,40775000
"6580","VW","VW","Touran","Untere Mittelklasse (z.B. Golf)","Van","diesel",2013,502,26.325,4.4,8.1,4,1.539,8.279883,39931000
"6581","VW","VW","Touran","Untere Mittelklasse (z.B. Golf)","Van","diesel",2014,1352,26.325,4.4,8.1,4,1.539,8.279883,40224000
"6582","VW","VW","Touran","Untere Mittelklasse (z.B. Golf)","Van","diesel",2015,5124,28.2,4.4,8.1,4,1.539,8.279883,40775000
"6583","VW","VW","Touran","Untere Mittelklasse (z.B. Golf)","Van","diesel",2016,8490,28.2,4.4,8.1,4,1.539,8.279883,40959000
"6584","VW","VW","Touran","Untere Mittelklasse (z.B. Golf)","Van","diesel",2017,2079,26.325,4.4,8.1,4,1.539,8.279883,41303000
"6585","VW","VW","Touran","Untere Mittelklasse (z.B. Golf)","Van","diesel",2016,4122,27.7,4.5,8.5,4,1.55,8.279883,40959000
"6586","VW","VW","Touran","Untere Mittelklasse (z.B. Golf)","Van","diesel",2017,7987,27.7,4.5,8.5,4,1.55,8.279883,41303000
"6587","VW","VW","Touran","Untere Mittelklasse (z.B. Golf)","Van","gasoline",2012,8248,30.0625,6.8,10.3,4,1.536,7.888218,39708000
"6588","VW","VW","Touran","Untere Mittelklasse (z.B. Golf)","Van","gasoline",2013,7220,30.0625,6.8,10.3,4,1.536,7.888218,39931000
"6589","VW","VW","Touran","Untere Mittelklasse (z.B. Golf)","Van","gasoline",2014,6579,30.0625,6.8,10.3,4,1.536,7.888218,40224000
"6590","VW","VW","Touran","Untere Mittelklasse (z.B. Golf)","Van","gasoline",2015,3300,30.0625,6.8,10.3,4,1.536,7.888218,40775000
"6591","VW","VW","Touran","Untere Mittelklasse (z.B. Golf)","Van","gasoline",2015,2535,31.25,5.6,11,4,1.454,8.279883,40775000
"6592","VW","VW","Touran","Untere Mittelklasse (z.B. Golf)","Van","gasoline",2016,11021,31.25,5.6,11,4,1.454,8.279883,40959000
"6593","VW","VW","Touran","Untere Mittelklasse (z.B. Golf)","Van","gasoline",2017,16445,31.25,5.6,11,4,1.454,8.279883,41303000
"6594","VW","VW","Touran","Untere Mittelklasse (z.B. Golf)","Van","gasoline",2012,474,34.6125,6.85,12.5,4,1.578,7.90729475,39708000
"6595","VW","VW","Touran","Untere Mittelklasse (z.B. Golf)","Van","gasoline",2013,273,34.6125,6.85,12.5,4,1.578,7.90729475,39931000
"6596","VW","VW","Touran","Untere Mittelklasse (z.B. Golf)","Van","gasoline",2014,222,34.6125,6.85,12.5,4,1.578,7.90729475,40224000
"6597","VW","VW","Touran","Untere Mittelklasse (z.B. Golf)","Van","gasoline",2015,103,34.6125,6.85,12.5,4,1.578,7.90729475,40775000
"6598","VW","VW","Touran","Untere Mittelklasse (z.B. Golf)","Van","gasoline",2016,823,35.525,6.1,13.2,4,1.541,8.279883,40959000
"6599","VW","VW","Touran","Untere Mittelklasse (z.B. Golf)","Van","gasoline",2017,1692,35.525,6.1,13.2,4,1.541,8.279883,41303000
"6600","VW","VW","Touran","Untere Mittelklasse (z.B. Golf)","Van","gasoline",2012,5138,25.75,6.4,7.7,4,1.453,7.888218,39708000
"6601","VW","VW","Touran","Untere Mittelklasse (z.B. Golf)","Van","gasoline",2013,4173,25.75,6.4,7.7,4,1.453,7.888218,39931000
"6602","VW","VW","Touran","Untere Mittelklasse (z.B. Golf)","Van","gasoline",2014,5494,25.75,6.4,7.7,4,1.453,7.888218,40224000
"6603","VW","VW","Touran","Untere Mittelklasse (z.B. Golf)","Van","gasoline",2015,2490,25.75,6.4,7.7,4,1.453,7.888218,40775000
"6604","VW","VW","Touran","Untere Mittelklasse (z.B. Golf)","Van","gasoline",2015,1220,26.825,5.5,8.1,4,1.436,8.279883,40775000
"6605","VW","VW","Touran","Untere Mittelklasse (z.B. Golf)","Van","gasoline",2016,5502,26.825,5.5,8.1,4,1.436,8.279883,40959000
"6606","VW","VW","Touran","Untere Mittelklasse (z.B. Golf)","Van","gasoline",2017,5632,26.825,5.5,8.1,4,1.436,8.279883,41303000
"6607","VW","VW","up!","Kleinstwagen (z.B. Twingo)","Schrägheck","gasoline",2012,26981,12.475,4.5,4.4,3,0.929,5.8233,39708000
"6608","VW","VW","up!","Kleinstwagen (z.B. Twingo)","Schrägheck","gasoline",2013,25968,12.475,4.5,4.4,3,0.929,5.8233,39931000
"6609","VW","VW","up!","Kleinstwagen (z.B. Twingo)","Schrägheck","gasoline",2014,25942,12.475,4.5,4.4,3,0.929,5.8233,40224000
"6610","VW","VW","up!","Kleinstwagen (z.B. Twingo)","Schrägheck","gasoline",2015,26888,12.55,4.4,4.4,3,0.932,5.8233,40775000
"6611","VW","VW","up!","Kleinstwagen (z.B. Twingo)","Schrägheck","gasoline",2016,25874,12.55,4.4,4.4,3,0.929,5.922,40959000
"6612","VW","VW","up!","Kleinstwagen (z.B. Twingo)","Schrägheck","gasoline",2017,23315,12.55,4.4,4.4,3,0.929,5.922,41303000
"6613","VW","VW","up!","Kleinstwagen (z.B. Twingo)","Schrägheck","gasoline",2012,15791,13.25,4.6,5.5,3,0.932,5.8233,39708000
"6614","VW","VW","up!","Kleinstwagen (z.B. Twingo)","Schrägheck","gasoline",2013,12728,13.25,4.6,5.5,3,0.932,5.8233,39931000
"6615","VW","VW","up!","Kleinstwagen (z.B. Twingo)","Schrägheck","gasoline",2014,12060,13.25,4.6,5.5,3,0.932,5.8233,40224000
"6616","VW","VW","up!","Kleinstwagen (z.B. Twingo)","Schrägheck","gasoline",2015,10268,13.5625,4.5,5.5,3,0.934,5.8422175,40775000
"6617","VW","VW","up!","Kleinstwagen (z.B. Twingo)","Schrägheck","gasoline",2016,8603,13.725,4.5,5.5,3,0.936,5.861135,40959000
"6618","VW","VW","up!","Kleinstwagen (z.B. Twingo)","Schrägheck","gasoline",2017,7368,13.7,4.5,5.5,3,0.936,5.922,41303000
"6619","VW","VW","up!","Kleinstwagen  (z.B. Twingo)","Schrägheck","gasoline",2016,739,13.3,4.4,6.6,3,1.002,5.922,40959000
"6620","VW","VW","up!","Kleinstwagen  (z.B. Twingo)","Schrägheck","gasoline",2017,4305,12.995,4.4,6.6,3,1.002,5.922,41303000
"6621","Volvo","Volvo","C30","Untere Mittelklasse (z.B. Golf)","Schrägheck","diesel",2012,101,25.44,5.1,11,5,1.536,7.602012,39708000
"6622","Volvo","Volvo","C30","Untere Mittelklasse (z.B. Golf)","Schrägheck","diesel",2012,1168,22.98,4.3,8.4,4,1.446,7.602012,39708000
"6623","Volvo","Volvo","C30","Untere Mittelklasse (z.B. Golf)","Schrägheck","diesel",2013,401,22.98,4.3,8.4,4,1.446,7.602012,39931000
"6624","Volvo","Volvo","C70","Obere Mittelklasse (z.B. E-Klasse)","Cabrio","diesel",2012,438,39.85,5.9,11,5,1.812,8.47314,39708000
"6625","Volvo","Volvo","C70","Obere Mittelklasse (z.B. E-Klasse)","Cabrio","diesel",2013,226,39.85,5.9,11,5,1.812,8.47314,39931000
"6626","Volvo","Volvo","C70","Obere Mittelklasse (z.B. E-Klasse)","Cabrio","diesel",2012,308,39.85,5.9,13,5,1.812,8.47314,39708000
"6627","Volvo","Volvo","C70","Obere Mittelklasse (z.B. E-Klasse)","Cabrio","diesel",2013,240,44.55,6.15,13,5,1.82,8.47314,39931000
"6628","Volvo","Volvo","S40","Untere Mittelklasse (z.B. Golf)","Stufenheck","diesel",2012,189,25.045,4.3,8.4,4,1.473,7.92252,39708000
"6629","Volvo","Volvo","S60","Mittelklasse (z.B. BMW 3er-Reihe)","Stufenheck","diesel",2012,105,32.3,4.3,10,5,1.639,8.64891,39708000
"6630","Volvo","Volvo","S60","Mittelklasse (z.B. BMW 3er-Reihe)","Stufenheck","diesel",2013,280,32.3,4.3,10,5,1.639,8.64891,39931000
"6631","Volvo","Volvo","S60","Mittelklasse (z.B. BMW 3er-Reihe)","Stufenheck","diesel",2014,226,32.3,4.3,10,5,1.639,8.64891,40224000
"6632","Volvo","Volvo","S60","Mittelklasse (z.B. BMW 3er-Reihe)","Stufenheck","diesel",2015,110,33.7,4,11,4,1.644,8.64891,40775000
"6633","Volvo","Volvo","S60","Mittelklasse (z.B. BMW 3er-Reihe)","Stufenheck","diesel",2016,261,33.7,4,11,4,1.644,8.64891,40959000
"6634","Volvo","Volvo","S60","Mittelklasse (z.B. BMW 3er-Reihe)","Stufenheck","diesel",2017,137,33.7,4,11,4,1.644,8.64891,41303000
"6635","Volvo","Volvo","S60","Mittelklasse (z.B. BMW 3er-Reihe)","Stufenheck","diesel",2012,728,36.175,5.3,12,5,1.659,8.63122,39708000
"6636","Volvo","Volvo","S60","Mittelklasse (z.B. BMW 3er-Reihe)","Stufenheck","diesel",2013,254,36.175,5.3,12,5,1.659,8.63122,39931000
"6637","Volvo","Volvo","S60","Mittelklasse (z.B. BMW 3er-Reihe)","Stufenheck","diesel",2014,132,35.25,3.8,13.3,4,1.652,8.64891,40224000
"6638","Volvo","Volvo","S60","Mittelklasse (z.B. BMW 3er-Reihe)","Stufenheck","diesel",2015,202,36.4,3.9,14,4,1.636,8.64891,40775000
"6639","Volvo","Volvo","S60","Mittelklasse (z.B. BMW 3er-Reihe)","Stufenheck","diesel",2016,210,36.4,3.9,14,4,1.636,8.64891,40959000
"6640","Volvo","Volvo","S60","Mittelklasse (z.B. BMW 3er-Reihe)","Stufenheck","diesel",2017,120,36.4,3.9,14,4,1.636,8.64891,41303000
"6641","Volvo","Volvo","S60","Mittelklasse (z.B. BMW 3er-Reihe)","Stufenheck","diesel",2012,288,37.05,4.5,15.8,5,1.669,8.64891,39708000
"6642","Volvo","Volvo","S60","Mittelklasse (z.B. BMW 3er-Reihe)","Stufenheck","diesel",2013,140,37.05,4.5,15.8,5,1.669,8.64891,39931000
"6643","Volvo","Volvo","S60","Mittelklasse (z.B. BMW 3er-Reihe)","Stufenheck","diesel",2012,400,30.4,3.9,8.4,4,1.614,8.64891,39708000
"6644","Volvo","Volvo","S80","Obere Mittelklasse (z.B. E-Klasse)","Stufenheck","diesel",2015,161,41,4.1,13.3,4,1.704,9.027711,40775000
"6645","Volvo","Volvo","S80","Obere Mittelklasse (z.B. E-Klasse)","Stufenheck","diesel",2012,172,43.84,4.6,15.8,5,1.723,9.027711,39708000
"6646","Volvo","Volvo","S80","Obere Mittelklasse (z.B. E-Klasse)","Stufenheck","diesel",2013,131,43.84,4.6,15.8,5,1.723,9.027711,39931000
"6647","Volvo","Volvo","S80","Obere Mittelklasse (z.B. E-Klasse)","Stufenheck","diesel",2014,154,43.84,4.6,15.8,5,1.723,9.027711,40224000
"6648","Volvo","Volvo","S90","Obere Mittelklasse (z.B. E-Klasse)","Stufenheck","diesel",2016,235,43.6,4.4,14,4,1.793,9.325477,40959000
"6649","Volvo","Volvo","S90","Obere Mittelklasse (z.B. E-Klasse)","Stufenheck","diesel",2017,374,43.6,4.4,14,4,1.793,9.325477,41303000
"6650","Volvo","Volvo","S90","Obere Mittelklasse (z.B. E-Klasse)","Stufenheck","diesel",2016,374,54.95,4.8,17.3,4,1.916,9.325477,40959000
"6651","Volvo","Volvo","S90","Obere Mittelklasse (z.B. E-Klasse)","Stufenheck","diesel",2017,313,55.425,5.1,17.3,4,1.9345,9.325477,41303000
"6652","Volvo","Volvo","V40","Untere Mittelklasse (z.B. Golf)","Schrägheck","diesel",2012,744,29.73,4.75,11,5,1.581,7.789927,39708000
"6653","Volvo","Volvo","V40","Untere Mittelklasse (z.B. Golf)","Schrägheck","diesel",2013,2293,29.73,4.75,11,5,1.581,7.789927,39931000
"6654","Volvo","Volvo","V40","Untere Mittelklasse (z.B. Golf)","Schrägheck","diesel",2014,2391,29.73,4.75,11,5,1.581,7.789927,40224000
"6655","Volvo","Volvo","V40","Untere Mittelklasse (z.B. Golf)","Schrägheck","diesel",2015,1970,29.73,4.75,11,5,1.581,7.789927,40775000
"6656","Volvo","Volvo","V40","Untere Mittelklasse (z.B. Golf)","Schrägheck","diesel",2016,1579,29.73,4.75,11,5,1.581,7.789927,40959000
"6657","Volvo","Volvo","V40","Untere Mittelklasse (z.B. Golf)","Schrägheck","diesel",2017,1001,29.73,4.75,11,5,1.581,7.789927,41303000
"6658","Volvo","Volvo","V40","Untere Mittelklasse (z.B. Golf)","Schrägheck","diesel",2012,212,30.63,4.75,13,5,1.581,7.789927,39708000
"6659","Volvo","Volvo","V40","Untere Mittelklasse (z.B. Golf)","Schrägheck","diesel",2013,527,30.63,4.75,13,5,1.581,7.789927,39931000
"6660","Volvo","Volvo","V40","Untere Mittelklasse (z.B. Golf)","Schrägheck","diesel",2014,122,30.63,4.75,13,5,1.581,7.789927,40224000
"6661","Volvo","Volvo","V40","Untere Mittelklasse (z.B. Golf)","Schrägheck","diesel",2014,385,33.115,3.9,14,4,1.5965,7.789927,40224000
"6662","Volvo","Volvo","V40","Untere Mittelklasse (z.B. Golf)","Schrägheck","diesel",2015,598,33.28,3.9,14,4,1.5965,7.789927,40775000
"6663","Volvo","Volvo","V40","Untere Mittelklasse (z.B. Golf)","Schrägheck","diesel",2016,606,33.48,3.9,14,4,1.5965,7.789927,40959000
"6664","Volvo","Volvo","V40","Untere Mittelklasse (z.B. Golf)","Schrägheck","diesel",2017,384,33.48,3.9,14,4,1.5965,7.789927,41303000
"6665","Volvo","Volvo","V40","Untere Mittelklasse (z.B. Golf)","Schrägheck","diesel",2012,852,25.48,3.7,8.4,4,1.471,7.789927,39708000
"6666","Volvo","Volvo","V40","Untere Mittelklasse (z.B. Golf)","Schrägheck","diesel",2013,2235,25.48,3.7,8.4,4,1.471,7.789927,39931000
"6667","Volvo","Volvo","V40","Untere Mittelklasse (z.B. Golf)","Schrägheck","diesel",2014,2525,25.48,3.7,8.4,4,1.471,7.789927,40224000
"6668","Volvo","Volvo","V40","Untere Mittelklasse (z.B. Golf)","Schrägheck","diesel",2015,984,25.48,3.7,8.4,4,1.471,7.789927,40775000
"6669","Volvo","Volvo","V40","Untere Mittelklasse (z.B. Golf)","Schrägheck","diesel",2015,1283,28.93,3.65,8.8,4,1.569,7.789927,40775000
"6670","Volvo","Volvo","V40","Untere Mittelklasse (z.B. Golf)","Schrägheck","diesel",2016,1940,29.055,3.65,8.8,4,1.569,7.95249,40959000
"6671","Volvo","Volvo","V40","Untere Mittelklasse (z.B. Golf)","Schrägheck","diesel",2017,1324,29.055,3.65,8.8,4,1.569,7.95249,41303000
"6672","Volvo","Volvo","V40","Untere Mittelklasse (z.B. Golf)","Schrägheck","gasoline",2012,341,26.08,5.3,11,4,1.47,7.789927,39708000
"6673","Volvo","Volvo","V40","Untere Mittelklasse (z.B. Golf)","Schrägheck","gasoline",2013,721,26.08,5.3,11,4,1.47,7.789927,39931000
"6674","Volvo","Volvo","V40","Untere Mittelklasse (z.B. Golf)","Schrägheck","gasoline",2014,330,26.08,5.3,11,4,1.47,7.789927,40224000
"6675","Volvo","Volvo","V40","Untere Mittelklasse (z.B. Golf)","Schrägheck","gasoline",2015,258,28.33,5.5,11.2,4,1.546,7.789927,40775000
"6676","Volvo","Volvo","V40","Untere Mittelklasse (z.B. Golf)","Schrägheck","gasoline",2016,611,28.43,5.5,11.2,4,1.546,7.789927,40959000
"6677","Volvo","Volvo","V40","Untere Mittelklasse (z.B. Golf)","Schrägheck","gasoline",2017,1540,28.53,5.6,11.2,4,1.546,8.11509,41303000
"6678","Volvo","Volvo","V40","Untere Mittelklasse (z.B. Golf)","Schrägheck","gasoline",2013,201,28.38,5.5,13.2,4,1.47,7.789927,39931000
"6679","Volvo","Volvo","V40","Untere Mittelklasse (z.B. Golf)","Schrägheck","gasoline",2014,270,34.48,8,13.2,5,1.625,7.79171,40224000
"6680","Volvo","Volvo","V40","Untere Mittelklasse (z.B. Golf)","Schrägheck","gasoline",2015,151,28.38,5.5,13.2,4,1.47,7.789927,40775000
"6681","Volvo","Volvo","V40","Untere Mittelklasse (z.B. Golf)","Schrägheck","gasoline",2016,108,36.2,6.4,14,4,1.643,8.11509,40959000
"6682","Volvo","Volvo","V40","Untere Mittelklasse (z.B. Golf)","Schrägheck","gasoline",2017,381,36.2,6.4,14,4,1.643,8.11509,41303000
"6683","Volvo","Volvo","V40","Untere Mittelklasse (z.B. Golf)","Schrägheck","gasoline",2017,126,37.09,5.9,18,4,1.5825,7.789927,41303000
"6684","Volvo","Volvo","V40","Untere Mittelklasse (z.B. Golf)","Schrägheck","gasoline",2013,126,34.48,7.9,18.7,5,1.57,7.789927,39931000
"6685","Volvo","Volvo","V40","Untere Mittelklasse (z.B. Golf)","Schrägheck","gasoline",2013,459,24.15,5.3,8.8,4,1.463,7.789927,39931000
"6686","Volvo","Volvo","V40","Untere Mittelklasse (z.B. Golf)","Schrägheck","gasoline",2014,2622,24.15,5.3,8.8,4,1.463,7.789927,40224000
"6687","Volvo","Volvo","V40","Untere Mittelklasse (z.B. Golf)","Schrägheck","gasoline",2015,610,24.15,5.3,8.8,4,1.463,7.789927,40775000
"6688","Volvo","Volvo","V40","Untere Mittelklasse (z.B. Golf)","Schrägheck","gasoline",2015,999,26.225,5.5,9,4,1.546,7.789927,40775000
"6689","Volvo","Volvo","V40","Untere Mittelklasse (z.B. Golf)","Schrägheck","gasoline",2016,1698,26.4,5.5,9,4,1.546,7.789927,40959000
"6690","Volvo","Volvo","V40","Untere Mittelklasse (z.B. Golf)","Schrägheck","gasoline",2017,2649,26.5,5.55,9,4,1.546,8.11509,41303000
"6691","Volvo","Volvo","V50","Untere Mittelklasse (z.B. Golf)","Kombi","diesel",2012,635,28.85,5.1,11,5,1.519,8.00394,39708000
"6692","Volvo","Volvo","V50","Untere Mittelklasse (z.B. Golf)","Kombi","diesel",2012,2337,26.845,4.3,8.4,4,1.494,8.00394,39708000
"6693","Volvo","Volvo","V60","Mittelklasse (z.B. BMW 3er-Reihe)","Kombi","diesel",2012,381,33.9,4.5,10,5,1.695,8.644275,39708000
"6694","Volvo","Volvo","V60","Mittelklasse (z.B. BMW 3er-Reihe)","Kombi","diesel",2013,1044,33.9,4.5,10,5,1.695,8.644275,39931000
"6695","Volvo","Volvo","V60","Mittelklasse (z.B. BMW 3er-Reihe)","Kombi","diesel",2014,1784,33.9,4.5,10,5,1.695,8.644275,40224000
"6696","Volvo","Volvo","V60","Mittelklasse (z.B. BMW 3er-Reihe)","Kombi","diesel",2015,636,33.9,4.5,10,5,1.695,8.644275,40775000
"6697","Volvo","Volvo","V60","Mittelklasse (z.B. BMW 3er-Reihe)","Kombi","diesel",2015,903,35.3,4.1,11,4,1.675,8.644275,40775000
"6698","Volvo","Volvo","V60","Mittelklasse (z.B. BMW 3er-Reihe)","Kombi","diesel",2016,2570,35.3,4.1,11,4,1.675,8.644275,40959000
"6699","Volvo","Volvo","V60","Mittelklasse (z.B. BMW 3er-Reihe)","Kombi","diesel",2017,1467,35.3,4.1,11,4,1.675,8.644275,41303000
"6700","Volvo","Volvo","V60","Mittelklasse (z.B. BMW 3er-Reihe)","Kombi","diesel",2012,2682,37.1,5.5,12,5,1.7175,8.63122,39708000
"6701","Volvo","Volvo","V60","Mittelklasse (z.B. BMW 3er-Reihe)","Kombi","diesel",2013,1058,37.1,5.5,12,5,1.7175,8.63122,39931000
"6702","Volvo","Volvo","V60","Mittelklasse (z.B. BMW 3er-Reihe)","Kombi","diesel",2014,621,37.1,5.5,12,5,1.7175,8.63122,40224000
"6703","Volvo","Volvo","V60","Mittelklasse (z.B. BMW 3er-Reihe)","Kombi","diesel",2015,590,38.175,4.7,12,5,1.718,8.644275,40775000
"6704","Volvo","Volvo","V60","Mittelklasse (z.B. BMW 3er-Reihe)","Kombi","diesel",2014,1003,36.85,3.8,13.3,4,1.685,8.644275,40224000
"6705","Volvo","Volvo","V60","Mittelklasse (z.B. BMW 3er-Reihe)","Kombi","diesel",2015,547,36.85,3.8,13.3,4,1.685,8.644275,40775000
"6706","Volvo","Volvo","V60","Mittelklasse (z.B. BMW 3er-Reihe)","Kombi","diesel",2015,816,38,4,14,4,1.691,8.644275,40775000
"6707","Volvo","Volvo","V60","Mittelklasse (z.B. BMW 3er-Reihe)","Kombi","diesel",2016,1508,38,4,14,4,1.691,8.644275,40959000
"6708","Volvo","Volvo","V60","Mittelklasse (z.B. BMW 3er-Reihe)","Kombi","diesel",2017,1385,38,4,14,4,1.691,8.644275,41303000
"6709","Volvo","Volvo","V60","Mittelklasse (z.B. BMW 3er-Reihe)","Kombi","diesel",2012,1087,41.3,5.4,15.8,5,1.7365,8.63122,39708000
"6710","Volvo","Volvo","V60","Mittelklasse (z.B. BMW 3er-Reihe)","Kombi","diesel",2013,466,41.3,5.4,15.8,5,1.7365,8.63122,39931000
"6711","Volvo","Volvo","V60","Mittelklasse (z.B. BMW 3er-Reihe)","Kombi","diesel",2014,252,41.3,5.4,15.8,5,1.7365,8.63122,40224000
"6712","Volvo","Volvo","V60","Mittelklasse (z.B. BMW 3er-Reihe)","Kombi","diesel",2012,1756,32,4.1,8.4,4,1.68,8.644275,39708000
"6713","Volvo","Volvo","V60","Mittelklasse (z.B. BMW 3er-Reihe)","Kombi","diesel",2013,608,32,4.1,8.4,4,1.68,8.644275,39931000
"6714","Volvo","Volvo","V60","Mittelklasse (z.B. BMW 3er-Reihe)","Kombi","diesel",2014,262,32,4.1,8.4,4,1.68,8.644275,40224000
"6715","Volvo","Volvo","V60","Mittelklasse (z.B. BMW 3er-Reihe)","Kombi","diesel",2015,154,32,4.1,8.4,4,1.68,8.644275,40775000
"6716","Volvo","Volvo","V60","Mittelklasse (z.B. BMW 3er-Reihe)","Kombi","diesel",2015,106,31.2,3.8,8.8,4,1.679,8.644275,40775000
"6717","Volvo","Volvo","V60","Mittelklasse (z.B. BMW 3er-Reihe)","Kombi","diesel",2016,121,31.2,3.8,8.8,4,1.679,8.644275,40959000
"6718","Volvo","Volvo","V60","Mittelklasse (z.B. BMW 3er-Reihe)","Kombi","gasoline",2012,240,31.25,5.8,11,4,1.644,8.644275,39708000
"6719","Volvo","Volvo","V60","Mittelklasse (z.B. BMW 3er-Reihe)","Kombi","gasoline",2013,208,31.25,5.8,11,4,1.644,8.644275,39931000
"6720","Volvo","Volvo","V60","Mittelklasse (z.B. BMW 3er-Reihe)","Kombi","gasoline",2014,191,31.25,5.8,11,4,1.644,8.644275,40224000
"6721","Volvo","Volvo","V60","Mittelklasse (z.B. BMW 3er-Reihe)","Kombi","gasoline",2015,120,31.25,5.8,11,4,1.644,8.644275,40775000
"6722","Volvo","Volvo","V60","Mittelklasse (z.B. BMW 3er-Reihe)","Kombi","gasoline",2015,129,32.3,5.8,11.2,4,1.674,8.644275,40775000
"6723","Volvo","Volvo","V60","Mittelklasse (z.B. BMW 3er-Reihe)","Kombi","gasoline",2016,210,32.3,5.8,11.2,4,1.674,8.644275,40959000
"6724","Volvo","Volvo","V60","Mittelklasse (z.B. BMW 3er-Reihe)","Kombi","gasoline",2017,488,32.3,5.8,11.2,4,1.674,8.644275,41303000
"6725","Volvo","Volvo","V60","Mittelklasse (z.B. BMW 3er-Reihe)","Kombi","gasoline",2012,156,36.3,7.2,13.2,4,1.651,8.63122,39708000
"6726","Volvo","Volvo","V60","Mittelklasse (z.B. BMW 3er-Reihe)","Kombi","gasoline",2017,246,35.7,5.8,14,4,1.667,8.644275,41303000
"6727","Volvo","Volvo","V60","Mittelklasse (z.B. BMW 3er-Reihe)","Kombi","gasoline",2017,125,48.75,7.4,18,4,1.776,8.807562,41303000
"6728","Volvo","Volvo","V70","Obere Mittelklasse (z.B. E-Klasse)","Kombi","diesel",2012,292,37.57,5.9,10,4,1.652,8.975603,39708000
"6729","Volvo","Volvo","V70","Obere Mittelklasse (z.B. E-Klasse)","Kombi","diesel",2013,844,37.57,5.9,10,4,1.652,8.975603,39931000
"6730","Volvo","Volvo","V70","Obere Mittelklasse (z.B. E-Klasse)","Kombi","diesel",2014,1166,37.57,5.9,10,4,1.652,8.975603,40224000
"6731","Volvo","Volvo","V70","Obere Mittelklasse (z.B. E-Klasse)","Kombi","diesel",2015,522,35.9,4.5,10,5,1.787,8.975603,40775000
"6732","Volvo","Volvo","V70","Obere Mittelklasse (z.B. E-Klasse)","Kombi","diesel",2015,574,36,4.3,11,4,1.789,8.958854,40775000
"6733","Volvo","Volvo","V70","Obere Mittelklasse (z.B. E-Klasse)","Kombi","diesel",2016,1166,36,4.3,11,4,1.789,8.958854,40959000
"6734","Volvo","Volvo","V70","Obere Mittelklasse (z.B. E-Klasse)","Kombi","diesel",2012,1707,41.35,4.9,12,5,1.804,8.958854,39708000
"6735","Volvo","Volvo","V70","Obere Mittelklasse (z.B. E-Klasse)","Kombi","diesel",2013,1351,41.35,4.9,12,5,1.804,8.958854,39931000
"6736","Volvo","Volvo","V70","Obere Mittelklasse (z.B. E-Klasse)","Kombi","diesel",2014,290,41.35,4.9,12,5,1.804,8.958854,40224000
"6737","Volvo","Volvo","V70","Obere Mittelklasse (z.B. E-Klasse)","Kombi","diesel",2014,1604,41.45,4.3,13.3,4,1.811,8.958854,40224000
"6738","Volvo","Volvo","V70","Obere Mittelklasse (z.B. E-Klasse)","Kombi","diesel",2015,2386,41.45,4.3,13.3,4,1.811,8.958854,40775000
"6739","Volvo","Volvo","V70","Obere Mittelklasse (z.B. E-Klasse)","Kombi","diesel",2016,1351,41.45,4.3,13.3,4,1.811,8.958854,40959000
"6740","Volvo","Volvo","V70","Obere Mittelklasse (z.B. E-Klasse)","Kombi","diesel",2012,1586,49.75,6.4,15.8,5,1.8965,8.9672285,39708000
"6741","Volvo","Volvo","V70","Obere Mittelklasse (z.B. E-Klasse)","Kombi","diesel",2013,1452,49.75,6.4,15.8,5,1.8965,8.9672285,39931000
"6742","Volvo","Volvo","V70","Obere Mittelklasse (z.B. E-Klasse)","Kombi","diesel",2014,1500,49.75,6.4,15.8,5,1.8965,8.9672285,40224000
"6743","Volvo","Volvo","V70","Obere Mittelklasse (z.B. E-Klasse)","Kombi","diesel",2015,789,53.24,6.2,15.8,5,1.884,8.958854,40775000
"6744","Volvo","Volvo","V70","Obere Mittelklasse (z.B. E-Klasse)","Kombi","diesel",2015,340,50.099,5.9,16.2,5,1.88,8.958854,40775000
"6745","Volvo","Volvo","V70","Obere Mittelklasse (z.B. E-Klasse)","Kombi","diesel",2016,233,50.099,5.9,16.2,5,1.88,8.958854,40959000
"6746","Volvo","Volvo","V70","Obere Mittelklasse (z.B. E-Klasse)","Kombi","diesel",2012,389,37.55,4.2,8.4,4,1.723,8.958854,39708000
"6747","Volvo","Volvo","V70","Obere Mittelklasse (z.B. E-Klasse)","Kombi","diesel",2013,185,37.55,4.2,8.4,4,1.723,8.958854,39931000
"6748","Volvo","Volvo","V70","Obere Mittelklasse (z.B. E-Klasse)","Kombi","diesel",2014,106,37.55,4.2,8.4,4,1.723,8.958854,40224000
"6749","Volvo","Volvo","V70","Obere Mittelklasse (z.B. E-Klasse)","Kombi","diesel",2015,264,33.5,4.3,8.8,4,1.789,8.958854,40775000
"6750","Volvo","Volvo","V70","Obere Mittelklasse (z.B. E-Klasse)","Kombi","diesel",2016,499,33.5,4.3,8.8,4,1.789,8.958854,40959000
"6751","Volvo","Volvo","V70","Obere Mittelklasse (z.B. E-Klasse)","Kombi","gasoline",2012,144,39.615,7.2,13.2,4,1.726,8.975603,39708000
"6752","Volvo","Volvo","V70","Obere Mittelklasse (z.B. E-Klasse)","Kombi","gasoline",2016,103,38.1,6,14,4,1.752,8.958854,40959000
"6753","Volvo","Volvo","V90","Obere Mittelklasse (z.B. E-Klasse)","Kombi","diesel",2017,224,44.55,4.5,11,4,1.833,9.274744,41303000
"6754","Volvo","Volvo","V90","Obere Mittelklasse (z.B. E-Klasse)","Kombi","diesel",2016,642,46.175,4.5,14,4,1.867,9.274744,40959000
"6755","Volvo","Volvo","V90","Obere Mittelklasse (z.B. E-Klasse)","Kombi","diesel",2017,1865,46.65,4.5,14,4,1.879,9.274744,41303000
"6756","Volvo","Volvo","V90","Obere Mittelklasse (z.B. E-Klasse)","Kombi","diesel",2016,758,58,4.9,17.3,4,1.959,9.274744,40959000
"6757","Volvo","Volvo","V90","Obere Mittelklasse (z.B. E-Klasse)","Kombi","diesel",2017,1667,58.475,5.25,17.3,4,1.9245,9.274744,41303000
"6758","Volvo","Volvo","V90","Obere Mittelklasse (z.B. E-Klasse)","Kombi","gasoline",2017,316,55.9,6.8,18.7,4,1.832,9.274744,41303000
"6759","Volvo","Volvo","V90","Obere Mittelklasse (z.B. E-Klasse)","Kombi","gasoline",2017,241,63.5,7.4,23.5,4,1.922,9.274744,41303000
"6760","Volvo","Volvo","XC60","Mittelklasse (z.B. BMW 3er-Reihe)","SUV","diesel",2012,492,37.075,5.65,10,5,1.821,8.781804,39708000
"6761","Volvo","Volvo","XC60","Mittelklasse (z.B. BMW 3er-Reihe)","SUV","diesel",2013,1437,37.075,5.65,10,5,1.821,8.781804,39931000
"6762","Volvo","Volvo","XC60","Mittelklasse (z.B. BMW 3er-Reihe)","SUV","diesel",2014,2027,37.075,5.65,10,5,1.821,8.781804,40224000
"6763","Volvo","Volvo","XC60","Mittelklasse (z.B. BMW 3er-Reihe)","SUV","diesel",2015,800,37.075,5.65,10,5,1.821,8.781804,40775000
"6764","Volvo","Volvo","XC60","Mittelklasse (z.B. BMW 3er-Reihe)","SUV","diesel",2015,1784,38.65,4.5,11,4,1.854,8.781804,40775000
"6765","Volvo","Volvo","XC60","Mittelklasse (z.B. BMW 3er-Reihe)","SUV","diesel",2016,3910,38.65,4.5,11,4,1.854,8.781804,40959000
"6766","Volvo","Volvo","XC60","Mittelklasse (z.B. BMW 3er-Reihe)","SUV","diesel",2017,3145,38.65,4.5,11,4,1.854,8.781804,41303000
"6767","Volvo","Volvo","XC60","Mittelklasse (z.B. BMW 3er-Reihe)","SUV","diesel",2012,5360,38.8,5.65,12,5,1.859,8.781804,39708000
"6768","Volvo","Volvo","XC60","Mittelklasse (z.B. BMW 3er-Reihe)","SUV","diesel",2013,3712,38.8,5.65,12,5,1.859,8.781804,39931000
"6769","Volvo","Volvo","XC60","Mittelklasse (z.B. BMW 3er-Reihe)","SUV","diesel",2014,183,41.25,5.5,12,5,1.921,8.781804,40224000
"6770","Volvo","Volvo","XC60","Mittelklasse (z.B. BMW 3er-Reihe)","SUV","diesel",2013,215,40.65,4.5,13.3,4,1.854,8.781804,39931000
"6771","Volvo","Volvo","XC60","Mittelklasse (z.B. BMW 3er-Reihe)","SUV","diesel",2014,5529,40.65,4.5,13.3,4,1.854,8.781804,40224000
"6772","Volvo","Volvo","XC60","Mittelklasse (z.B. BMW 3er-Reihe)","SUV","diesel",2015,3349,40.65,4.5,13.3,4,1.854,8.781804,40775000
"6773","Volvo","Volvo","XC60","Mittelklasse (z.B. BMW 3er-Reihe)","SUV","diesel",2015,4299,41.9,4.5,14,4,1.854,8.781804,40775000
"6774","Volvo","Volvo","XC60","Mittelklasse (z.B. BMW 3er-Reihe)","SUV","diesel",2016,7644,41.9,4.5,14,4,1.854,8.781804,40959000
"6775","Volvo","Volvo","XC60","Mittelklasse (z.B. BMW 3er-Reihe)","SUV","diesel",2017,8488,41.9,4.5,14,4,1.854,8.781804,41303000
"6776","Volvo","Volvo","XC60","Mittelklasse (z.B. BMW 3er-Reihe)","SUV","diesel",2012,3719,44.57,5.3,15.8,5,1.899,8.781804,39708000
"6777","Volvo","Volvo","XC60","Mittelklasse (z.B. BMW 3er-Reihe)","SUV","diesel",2013,3307,44.57,5.3,15.8,5,1.899,8.781804,39931000
"6778","Volvo","Volvo","XC60","Mittelklasse (z.B. BMW 3er-Reihe)","SUV","diesel",2014,3395,44.57,5.3,15.8,5,1.899,8.781804,40224000
"6779","Volvo","Volvo","XC60","Mittelklasse (z.B. BMW 3er-Reihe)","SUV","diesel",2015,1639,44.57,5.3,15.8,5,1.899,8.781804,40775000
"6780","Volvo","Volvo","XC60","Mittelklasse (z.B. BMW 3er-Reihe)","SUV","diesel",2015,1852,45.82,5.2,16.2,5,1.906,8.781804,40775000
"6781","Volvo","Volvo","XC60","Mittelklasse (z.B. BMW 3er-Reihe)","SUV","diesel",2016,2625,45.82,5.2,16.2,5,1.906,8.781804,40959000
"6782","Volvo","Volvo","XC60","Mittelklasse (z.B. BMW 3er-Reihe)","SUV","diesel",2017,1963,45.82,5.2,16.2,5,1.906,8.781804,41303000
"6783","Volvo","Volvo","XC60","Mittelklasse (z.B. BMW 3er-Reihe)","SUV","diesel",2017,1310,54.3,5.5,17.3,4,2.149,8.916576,41303000
"6784","Volvo","Volvo","XC60","Mittelklasse (z.B. BMW 3er-Reihe)","SUV","gasoline",2012,146,42.29,8.5,17.7,4,1.83,8.7657305,39708000
"6785","Volvo","Volvo","XC60","Mittelklasse (z.B. BMW 3er-Reihe)","SUV","gasoline",2015,254,44.58,6.7,18,4,1.834,8.781804,40775000
"6786","Volvo","Volvo","XC60","Mittelklasse (z.B. BMW 3er-Reihe)","SUV","gasoline",2016,283,47.83,7.5,18,4,1.88,8.781804,40959000
"6787","Volvo","Volvo","XC60","Mittelklasse (z.B. BMW 3er-Reihe)","SUV","gasoline",2017,562,47.83,7.5,18,4,1.88,8.781804,41303000
"6788","Volvo","Volvo","XC60","Mittelklasse (z.B. BMW 3er-Reihe)","SUV","gasoline",2017,566,54.15,7.3,18.7,4,2.081,8.916576,41303000
"6789","Volvo","Volvo","XC60","Mittelklasse (z.B. BMW 3er-Reihe)","SUV","gasoline",2017,220,58.65,7.7,23.5,4,2.162,8.916576,41303000
"6790","Volvo","Volvo","XC70","Obere Mittelklasse (z.B. E-Klasse)","Kombi","diesel",2012,289,47.53,5.85,12,5,1.924,9.003518,39708000
"6791","Volvo","Volvo","XC70","Obere Mittelklasse (z.B. E-Klasse)","Kombi","diesel",2013,379,47.53,5.85,12,5,1.924,9.003518,39931000
"6792","Volvo","Volvo","XC90","Obere Mittelklasse (z.B. E-Klasse)","SUV","diesel",2012,237,46.02,8.2,12,5,2.127,9.123686,39708000
"6793","Volvo","Volvo","XC90","Obere Mittelklasse (z.B. E-Klasse)","SUV","diesel",2013,172,46.02,8.1,12,5,2.127,9.123686,39931000
"6794","Volvo","Volvo","XC90","Obere Mittelklasse (z.B. E-Klasse)","SUV","diesel",2014,163,46.02,8.1,12,5,2.127,9.123686,40224000
"6795","Volvo","Volvo","XC90","Obere Mittelklasse (z.B. E-Klasse)","SUV","diesel",2016,568,54.05,5.2,14,4,2.06,9.55845,40959000
"6796","Volvo","Volvo","XC90","Obere Mittelklasse (z.B. E-Klasse)","SUV","diesel",2017,623,54.05,5.2,14,4,2.06,9.55845,41303000
"6797","Volvo","Volvo","XC90","Obere Mittelklasse (z.B. E-Klasse)","SUV","diesel",2012,1589,51.4,8.2,14.7,5,2.196,9.123686,39708000
"6798","Volvo","Volvo","XC90","Obere Mittelklasse (z.B. E-Klasse)","SUV","diesel",2013,1563,51.4,8.2,14.7,5,2.196,9.123686,39931000
"6799","Volvo","Volvo","XC90","Obere Mittelklasse (z.B. E-Klasse)","SUV","diesel",2014,1190,51.4,8.2,14.7,5,2.196,9.123686,40224000
"6800","Volvo","Volvo","XC90","Obere Mittelklasse (z.B. E-Klasse)","SUV","diesel",2015,4091,58.43,5.8,16.5,4,2.082,9.55845,40775000
"6801","Volvo","Volvo","XC90","Obere Mittelklasse (z.B. E-Klasse)","SUV","diesel",2016,2933,58.43,5.8,16.5,4,2.082,9.55845,40959000
"6802","Volvo","Volvo","XC90","Obere Mittelklasse (z.B. E-Klasse)","SUV","diesel",2016,2768,65.8,5.7,17.3,4,2.13,9.55845,40959000
"6803","Volvo","Volvo","XC90","Obere Mittelklasse (z.B. E-Klasse)","SUV","diesel",2017,4490,65.8,5.7,17.3,4,2.13,9.55845,41303000
"6804","Volvo","Volvo","XC90","Obere Mittelklasse (z.B. E-Klasse)","SUV","gasoline",2017,128,59.85,7.6,18.7,4,2.105,9.55845,41303000
"6805","Volvo","Volvo","XC90","Obere Mittelklasse (z.B. E-Klasse)","SUV","gasoline",2015,227,66.425,8.1,23.5,4,2.124,9.55845,40775000
"6806","Volvo","Volvo","XC90","Obere Mittelklasse (z.B. E-Klasse)","SUV","gasoline",2016,390,66.425,8.1,23.5,4,2.124,9.55845,40959000
"6807","Volvo","Volvo","XC90","Obere Mittelklasse (z.B. E-Klasse)","SUV","gasoline",2017,461,66.425,8.1,23.5,4,2.124,9.55845,41303000
"6808","smart","Daimler","forfour","Kleinstwagen  (z.B. Twingo)","Schrägheck","gasoline",2015,205,11.205,4.7,4.5,3,0.97,5.819175,40775000
"6809","smart","Daimler","forfour","Kleinstwagen  (z.B. Twingo)","Schrägheck","gasoline",2016,110,11.205,4.7,4.5,3,0.97,5.819175,40959000
"6810","smart","Daimler","forfour","Kleinstwagen  (z.B. Twingo)","Schrägheck","gasoline",2014,1591,11.825,4.2,5.2,3,0.975,5.819175,40224000
"6811","smart","Daimler","forfour","Kleinstwagen  (z.B. Twingo)","Schrägheck","gasoline",2015,11439,11.825,4.2,5.2,3,0.975,5.819175,40775000
"6812","smart","Daimler","forfour","Kleinstwagen  (z.B. Twingo)","Schrägheck","gasoline",2016,6615,11.825,4.2,5.2,3,0.975,5.819175,40959000
"6813","smart","Daimler","forfour","Kleinstwagen  (z.B. Twingo)","Schrägheck","gasoline",2017,5095,11.825,4.2,5.2,3,0.975,5.819175,41303000
"6814","smart","Daimler","forfour","Kleinstwagen  (z.B. Twingo)","Schrägheck","gasoline",2015,2622,12.72,4.3,6.6,3,0.995,5.819175,40775000
"6815","smart","Daimler","forfour","Kleinstwagen  (z.B. Twingo)","Schrägheck","gasoline",2016,4653,12.72,4.3,6.6,3,0.995,5.819175,40959000
"6816","smart","Daimler","forfour","Kleinstwagen  (z.B. Twingo)","Schrägheck","gasoline",2017,4565,12.72,4.3,6.6,3,0.995,5.819175,41303000
"6817","smart","Daimler","forfour","Kleinstwagen  (z.B. Twingo)","Schrägheck","gasoline",2016,136,22.725,4.6,8,3,1.095,5.869125,40959000
"6818","smart","Daimler","forfour","Kleinstwagen  (z.B. Twingo)","Schrägheck","gasoline",2017,398,22.725,4.6,8,3,1.095,5.869125,41303000
"6819","smart","Daimler","fortwo","Microwagen (z.B. Smart)","Schrägheck","diesel",2012,2791,13.6275,3.3,4,3,0.845,4.201505,39708000
"6820","smart","Daimler","fortwo","Microwagen (z.B. Smart)","Schrägheck","diesel",2013,2464,13.6275,3.3,4,3,0.845,4.201505,39931000
"6821","smart","Daimler","fortwo","Microwagen (z.B. Smart)","Schrägheck","gasoline",2012,4436,10.4175,4.25,4.5,3,0.825,4.201505,39708000
"6822","smart","Daimler","fortwo","Microwagen (z.B. Smart)","Schrägheck","gasoline",2013,2415,10.4175,4.25,4.5,3,0.825,4.201505,39931000
"6823","smart","Daimler","fortwo","Microwagen (z.B. Smart)","Schrägheck","gasoline",2014,1703,10.49,4.25,4.5,3,0.825,4.201505,40224000
"6824","smart","Daimler","fortwo","Microwagen (z.B. Smart)","Schrägheck","gasoline",2015,1497,10.545,4.5,4.5,3,0.885,4.481785,40775000
"6825","smart","Daimler","fortwo","Microwagen (z.B. Smart)","Schrägheck","gasoline",2016,601,10.545,4.5,4.5,3,0.885,4.481785,40959000
"6826","smart","Daimler","fortwo","Microwagen (z.B. Smart)","Schrägheck","gasoline",2017,444,10.545,4.5,4.5,3,0.885,4.481785,41303000
"6827","smart","Daimler","fortwo","Microwagen (z.B. Smart)","Schrägheck","gasoline",2012,16590,12.99,4.3,5.2,3,0.825,4.201505,39708000
"6828","smart","Daimler","fortwo","Microwagen (z.B. Smart)","Schrägheck","gasoline",2013,16022,12.99,4.3,5.2,3,0.825,4.201505,39931000
"6829","smart","Daimler","fortwo","Microwagen (z.B. Smart)","Schrägheck","gasoline",2014,14327,13.095,4.3,5.2,3,0.825,4.201505,40224000
"6830","smart","Daimler","fortwo","Microwagen (z.B. Smart)","Schrägheck","gasoline",2015,17204,11.165,4.1,5.2,3,0.89,4.481785,40775000
"6831","smart","Daimler","fortwo","Microwagen (z.B. Smart)","Schrägheck","gasoline",2016,15734,11.165,4.1,5.2,3,0.89,4.481785,40959000
"6832","smart","Daimler","fortwo","Microwagen (z.B. Smart)","Schrägheck","gasoline",2017,12114,11.165,4.1,5.2,3,0.89,4.481785,41303000
"6833","smart","Daimler","fortwo","Microwagen (z.B. Smart)","Schrägheck","gasoline",2012,2532,14.115,4.9,6.2,3,0.845,4.201505,39708000
"6834","smart","Daimler","fortwo","Microwagen (z.B. Smart)","Schrägheck","gasoline",2013,2447,14.115,4.9,6.2,3,0.845,4.201505,39931000
"6835","smart","Daimler","fortwo","Microwagen (z.B. Smart)","Schrägheck","gasoline",2014,2197,15.06,4.9,6.2,3,0.845,4.201505,40224000
"6836","smart","Daimler","fortwo","Microwagen (z.B. Smart)","Schrägheck","gasoline",2015,456,18.15,4.9,6.2,3,0.875,4.201505,40775000
"6837","smart","Daimler","fortwo","Microwagen (z.B. Smart)","Schrägheck","gasoline",2014,208,12.7425,4.6,6.6,3,0.9275,4.481785,40224000
"6838","smart","Daimler","fortwo","Microwagen (z.B. Smart)","Schrägheck","gasoline",2015,3235,12.7425,4.6,6.6,3,0.9275,4.481785,40775000
"6839","smart","Daimler","fortwo","Microwagen (z.B. Smart)","Schrägheck","gasoline",2016,8658,12.7425,4.6,6.6,3,0.9275,4.481785,40959000
"6840","smart","Daimler","fortwo","Microwagen (z.B. Smart)","Schrägheck","gasoline",2017,8493,12.7425,4.6,6.6,3,0.9275,4.481785,41303000
"6841","smart","Daimler","fortwo","Microwagen (z.B. Smart)","Schrägheck","gasoline",2012,963,23.05,5.2,7.5,3,0.895,4.201505,39708000
"6842","smart","Daimler","fortwo","Microwagen (z.B. Smart)","Schrägheck","gasoline",2013,763,23.05,5.2,7.5,3,0.895,4.201505,39931000
"6843","smart","Daimler","fortwo","Microwagen (z.B. Smart)","Schrägheck","gasoline",2014,668,23.43,5.2,7.5,3,0.895,4.201505,40224000
"6844","smart","Daimler","fortwo","Microwagen (z.B. Smart)","Schrägheck","gasoline",2015,433,23.43,5.2,7.5,3,0.895,4.201505,40775000
"6845","smart","Daimler","fortwo","Microwagen (z.B. Smart)","Schrägheck","gasoline",2016,627,25.175,4.6,8,3,1.04,4.55662,40959000
"6846","smart","Daimler","fortwo","Microwagen (z.B. Smart)","Schrägheck","gasoline",2017,1804,25.175,4.6,8,3,1.04,4.55662,41303000
